session,dataset,recording,cluster_id,label,unitrefine,rf|ur,et|ur,hgb|ur,lr|ur,weighted_avg|ur,rf|ur+spike_summary,et|ur+spike_summary,hgb|ur+spike_summary,lr|ur+spike_summary,weighted_avg|ur+spike_summary,rf|ur+spike,et|ur+spike,hgb|ur+spike,lr|ur+spike,weighted_avg|ur+spike,light
a2,Allen,733124_2024-07-08_15-45-59,0,mua,noise,noise,noise,noise,noise,noise,noise,noise,noise,noise,noise,noise,noise,noise,noise,noise,noise
a2,Allen,733124_2024-07-08_15-45-59,1,good,good,good,good,good,good,good,good,good,good,good,good,good,good,good,good,good,good
a2,Allen,733124_2024-07-08_15-45-59,2,good,good,good,good,good,good,good,good,good,good,good,good,good,good,good,good,good,good
a2,Allen,733124_2024-07-08_15-45-59,3,mua,mua,mua,mua,mua,mua,mua,mua,mua,mua,mua,mua,mua,mua,mua,mua,mua,mua
a2,Allen,733124_2024-07-08_15-45-59,4,good,good,good,good,good,good,good,good,good,good,good,good,good,good,good,good,good,good
a2,Allen,733124_2024-07-08_15-45-59,5,good,good,mua,mua,good,mua,good,good,good,good,mua,good,good,good,good,good,good,good
a2,Allen,733124_2024-07-08_15-45-59,6,mua,mua,mua,mua,mua,good,mua,mua,mua,mua,mua,mua,mua,mua,mua,good,mua,mua
a2,Allen,733124_2024-07-08_15-45-59,7,mua,good,good,good,good,mua,good,good,good,good,mua,good,good,good,good,good,good,good
a2,Allen,733124_2024-07-08_15-45-59,8,mua,good,good,good,good,good,good,good,good,good,good,good,good,good,good,good,good,good
a2,Allen,733124_2024-07-08_15-45-59,12,good,good,good,good,good,good,good,good,good,good,good,good,good,good,good,good,good,good
a2,Allen,733124_2024-07-08_15-45-59,13,good,good,good,good,good,good,good,good,good,good,good,good,good,good,good,good,good,good
a2,Allen,733124_2024-07-08_15-45-59,14,good,good,good,good,good,good,good,good,good,good,good,good,good,good,good,good,good,good
a2,Allen,733124_2024-07-08_15-45-59,15,noise,mua,mua,mua,noise,mua,noise,mua,mua,noise,mua,noise,mua,mua,noise,noise,noise,mua
a2,Allen,733124_2024-07-08_15-45-59,17,good,good,good,good,good,good,good,good,good,good,good,good,good,good,good,good,good,good
a2,Allen,733124_2024-07-08_15-45-59,18,mua,good,good,mua,good,good,good,good,good,good,good,good,mua,mua,mua,good,good,good
a2,Allen,733124_2024-07-08_15-45-59,19,good,good,good,good,good,good,good,good,good,good,good,good,good,good,good,good,good,good
a2,Allen,733124_2024-07-08_15-45-59,20,mua,mua,mua,mua,mua,mua,mua,mua,mua,mua,mua,mua,mua,mua,mua,mua,mua,mua
a2,Allen,733124_2024-07-08_15-45-59,21,noise,noise,noise,noise,noise,noise,noise,mua,mua,mua,noise,noise,mua,noise,noise,noise,noise,noise
a2,Allen,733124_2024-07-08_15-45-59,22,good,good,good,good,good,good,good,good,good,good,good,good,mua,mua,mua,good,mua,mua
a2,Allen,733124_2024-07-08_15-45-59,23,good,good,good,good,good,good,good,good,good,good,good,good,mua,mua,mua,good,good,mua
a2,Allen,733124_2024-07-08_15-45-59,24,mua,mua,mua,mua,mua,mua,mua,mua,mua,mua,mua,mua,mua,mua,mua,mua,mua,noise
a2,Allen,733124_2024-07-08_15-45-59,25,mua,mua,mua,mua,mua,mua,mua,mua,mua,mua,mua,mua,mua,mua,mua,mua,mua,mua
a2,Allen,733124_2024-07-08_15-45-59,26,mua,mua,mua,mua,noise,mua,mua,mua,mua,noise,mua,mua,mua,mua,mua,mua,mua,noise
a2,Allen,733124_2024-07-08_15-45-59,27,mua,good,good,good,good,good,good,good,good,mua,good,good,mua,mua,good,good,good,good
a2,Allen,733124_2024-07-08_15-45-59,28,mua,mua,noise,mua,mua,mua,mua,mua,mua,mua,mua,mua,mua,mua,mua,mua,mua,mua
a2,Allen,733124_2024-07-08_15-45-59,29,noise,noise,noise,noise,noise,noise,noise,noise,noise,noise,noise,noise,noise,noise,noise,noise,noise,noise
a2,Allen,733124_2024-07-08_15-45-59,31,mua,mua,mua,mua,mua,mua,mua,mua,mua,mua,mua,mua,mua,mua,mua,mua,mua,mua
a2,Allen,733124_2024-07-08_15-45-59,32,mua,mua,mua,mua,mua,mua,mua,mua,mua,mua,mua,mua,mua,mua,mua,mua,mua,mua
a2,Allen,733124_2024-07-08_15-45-59,33,mua,mua,mua,mua,mua,mua,mua,mua,mua,mua,mua,mua,mua,mua,mua,mua,mua,mua
a2,Allen,733124_2024-07-08_15-45-59,35,mua,mua,mua,mua,mua,mua,mua,mua,mua,mua,mua,mua,mua,mua,mua,mua,mua,mua
a2,Allen,733124_2024-07-08_15-45-59,36,good,mua,mua,mua,good,noise,good,good,good,good,noise,mua,good,good,good,good,good,good
a2,Allen,733124_2024-07-08_15-45-59,37,noise,noise,noise,noise,noise,noise,noise,noise,mua,noise,noise,noise,noise,mua,noise,noise,noise,noise
a2,Allen,733124_2024-07-08_15-45-59,38,noise,noise,noise,noise,noise,noise,noise,noise,noise,noise,noise,noise,noise,noise,noise,noise,noise,noise
a2,Allen,733124_2024-07-08_15-45-59,39,noise,noise,noise,noise,noise,noise,noise,noise,noise,noise,noise,noise,noise,noise,noise,noise,noise,noise
a2,Allen,733124_2024-07-08_15-45-59,40,mua,good,good,good,good,good,good,good,good,good,good,good,good,good,good,good,good,good
a2,Allen,733124_2024-07-08_15-45-59,42,good,good,good,good,good,good,good,good,good,good,good,good,good,good,good,good,good,good
a2,Allen,733124_2024-07-08_15-45-59,43,noise,noise,noise,noise,noise,noise,noise,noise,noise,noise,noise,noise,noise,noise,noise,noise,noise,noise
a2,Allen,733124_2024-07-08_15-45-59,44,good,good,good,good,good,good,good,good,good,good,good,good,good,good,good,good,good,good
a2,Allen,733124_2024-07-08_15-45-59,45,noise,noise,noise,noise,noise,noise,noise,noise,noise,noise,noise,noise,mua,mua,mua,mua,mua,noise
a2,Allen,733124_2024-07-08_15-45-59,46,noise,noise,noise,noise,noise,noise,noise,noise,noise,noise,noise,noise,noise,mua,noise,noise,noise,noise
a2,Allen,733124_2024-07-08_15-45-59,47,mua,mua,mua,mua,mua,mua,mua,mua,mua,good,mua,mua,mua,mua,mua,mua,mua,mua
a2,Allen,733124_2024-07-08_15-45-59,48,good,good,good,good,good,good,good,good,good,good,good,good,good,good,good,good,good,good
a2,Allen,733124_2024-07-08_15-45-59,49,mua,mua,mua,mua,mua,noise,mua,mua,mua,mua,noise,mua,mua,mua,mua,mua,mua,mua
a2,Allen,733124_2024-07-08_15-45-59,50,noise,noise,mua,mua,mua,mua,mua,mua,mua,mua,mua,mua,mua,mua,mua,mua,mua,mua
a2,Allen,733124_2024-07-08_15-45-59,51,noise,mua,mua,noise,mua,mua,mua,mua,mua,mua,mua,mua,mua,mua,noise,good,mua,noise
a2,Allen,733124_2024-07-08_15-45-59,53,mua,mua,mua,mua,mua,mua,mua,mua,mua,mua,mua,mua,mua,mua,mua,mua,mua,mua
a2,Allen,733124_2024-07-08_15-45-59,54,noise,noise,noise,noise,noise,noise,noise,noise,noise,mua,noise,mua,mua,mua,mua,mua,mua,mua
a2,Allen,733124_2024-07-08_15-45-59,55,noise,noise,noise,noise,noise,noise,noise,noise,noise,noise,noise,noise,noise,noise,noise,noise,noise,noise
a2,Allen,733124_2024-07-08_15-45-59,56,noise,noise,noise,noise,noise,noise,noise,noise,mua,noise,noise,noise,noise,noise,noise,noise,noise,noise
a2,Allen,733124_2024-07-08_15-45-59,57,mua,mua,mua,mua,mua,mua,mua,mua,mua,mua,mua,mua,mua,mua,mua,mua,mua,mua
a2,Allen,733124_2024-07-08_15-45-59,58,mua,noise,noise,mua,mua,mua,mua,mua,mua,mua,noise,mua,mua,mua,mua,noise,mua,mua
a2,Allen,733124_2024-07-08_15-45-59,59,mua,noise,noise,noise,mua,noise,mua,noise,mua,mua,noise,mua,noise,mua,mua,mua,mua,mua
a2,Allen,733124_2024-07-08_15-45-59,60,mua,mua,mua,mua,mua,mua,mua,mua,mua,mua,mua,mua,mua,mua,mua,mua,mua,mua
a2,Allen,733124_2024-07-08_15-45-59,61,mua,mua,mua,mua,noise,mua,mua,mua,mua,noise,mua,noise,mua,mua,mua,mua,mua,mua
a2,Allen,733124_2024-07-08_15-45-59,62,mua,mua,mua,mua,noise,noise,noise,mua,mua,noise,noise,noise,mua,mua,mua,noise,mua,mua
a2,Allen,733124_2024-07-08_15-45-59,63,mua,mua,mua,mua,mua,mua,mua,mua,mua,mua,mua,mua,mua,mua,mua,good,mua,mua
a2,Allen,733124_2024-07-08_15-45-59,64,mua,noise,noise,mua,noise,mua,noise,mua,mua,noise,mua,noise,mua,mua,noise,mua,noise,mua
a2,Allen,733124_2024-07-08_15-45-59,65,mua,mua,noise,mua,mua,noise,mua,mua,mua,mua,noise,mua,mua,mua,mua,mua,mua,mua
a2,Allen,733124_2024-07-08_15-45-59,66,mua,mua,mua,mua,mua,mua,mua,mua,mua,mua,mua,mua,mua,mua,mua,mua,mua,mua
a2,Allen,733124_2024-07-08_15-45-59,67,mua,mua,mua,mua,mua,mua,mua,mua,mua,mua,noise,mua,mua,mua,mua,mua,mua,mua
a2,Allen,733124_2024-07-08_15-45-59,68,noise,noise,noise,noise,noise,noise,noise,noise,noise,noise,noise,noise,noise,noise,noise,noise,noise,noise
a2,Allen,733124_2024-07-08_15-45-59,69,noise,noise,noise,noise,noise,noise,noise,noise,mua,noise,noise,noise,noise,mua,noise,noise,noise,noise
a2,Allen,733124_2024-07-08_15-45-59,70,mua,mua,mua,mua,mua,mua,mua,mua,mua,mua,mua,mua,mua,mua,mua,mua,mua,mua
a2,Allen,733124_2024-07-08_15-45-59,71,mua,mua,mua,mua,mua,mua,mua,mua,mua,mua,mua,mua,mua,mua,mua,mua,mua,mua
a2,Allen,733124_2024-07-08_15-45-59,72,mua,mua,mua,mua,mua,good,mua,mua,mua,mua,good,mua,mua,mua,mua,good,mua,mua
a2,Allen,733124_2024-07-08_15-45-59,73,mua,noise,mua,mua,mua,mua,mua,mua,mua,mua,noise,mua,mua,mua,mua,noise,mua,mua
a2,Allen,733124_2024-07-08_15-45-59,74,good,good,good,mua,good,good,good,good,good,good,good,good,good,good,good,good,good,good
a2,Allen,733124_2024-07-08_15-45-59,75,good,mua,mua,mua,good,good,good,mua,mua,good,good,good,good,good,good,good,good,good
a2,Allen,733124_2024-07-08_15-45-59,76,mua,mua,mua,mua,mua,mua,mua,mua,mua,mua,good,mua,mua,mua,mua,mua,mua,mua
a2,Allen,733124_2024-07-08_15-45-59,77,good,mua,mua,mua,mua,mua,mua,mua,mua,mua,good,mua,mua,mua,good,good,good,good
a2,Allen,733124_2024-07-08_15-45-59,78,noise,noise,noise,noise,noise,noise,noise,noise,noise,noise,noise,noise,noise,mua,noise,noise,noise,noise
a2,Allen,733124_2024-07-08_15-45-59,79,mua,mua,mua,mua,good,good,good,mua,mua,good,good,mua,mua,mua,good,good,good,good
a2,Allen,733124_2024-07-08_15-45-59,80,mua,mua,mua,mua,mua,mua,mua,mua,mua,mua,mua,mua,mua,mua,mua,mua,mua,mua
a2,Allen,733124_2024-07-08_15-45-59,81,mua,mua,mua,mua,mua,mua,mua,mua,mua,mua,mua,mua,mua,mua,mua,mua,mua,mua
a2,Allen,733124_2024-07-08_15-45-59,82,mua,mua,mua,mua,mua,mua,mua,mua,mua,mua,mua,mua,mua,mua,mua,mua,mua,mua
a2,Allen,733124_2024-07-08_15-45-59,83,mua,mua,mua,mua,mua,mua,mua,mua,mua,mua,mua,mua,mua,mua,mua,mua,mua,mua
a2,Allen,733124_2024-07-08_15-45-59,84,mua,mua,mua,mua,mua,mua,mua,mua,mua,mua,mua,mua,mua,mua,mua,mua,mua,mua
a2,Allen,733124_2024-07-08_15-45-59,85,mua,mua,mua,mua,mua,mua,mua,mua,mua,mua,mua,mua,mua,mua,mua,mua,mua,mua
a2,Allen,733124_2024-07-08_15-45-59,86,mua,noise,noise,noise,noise,noise,noise,noise,noise,noise,noise,noise,noise,mua,noise,noise,noise,noise
a2,Allen,733124_2024-07-08_15-45-59,87,noise,mua,mua,noise,noise,mua,noise,mua,mua,mua,mua,mua,mua,mua,noise,mua,mua,noise
a2,Allen,733124_2024-07-08_15-45-59,88,mua,good,good,good,good,good,good,good,good,good,good,good,good,good,good,good,good,good
a2,Allen,733124_2024-07-08_15-45-59,89,mua,mua,mua,mua,mua,mua,mua,mua,mua,mua,mua,mua,good,mua,good,mua,good,good
a2,Allen,733124_2024-07-08_15-45-59,90,mua,mua,mua,mua,good,mua,good,mua,mua,good,mua,good,good,mua,good,good,good,good
a2,Allen,733124_2024-07-08_15-45-59,91,mua,mua,mua,mua,mua,mua,mua,mua,mua,mua,mua,mua,mua,mua,good,mua,good,mua
a2,Allen,733124_2024-07-08_15-45-59,92,noise,noise,noise,noise,noise,noise,noise,noise,mua,noise,noise,noise,noise,noise,noise,noise,noise,noise
a2,Allen,733124_2024-07-08_15-45-59,93,mua,good,good,mua,good,good,good,good,good,good,good,good,mua,mua,mua,mua,mua,good
a2,Allen,733124_2024-07-08_15-45-59,94,noise,noise,mua,mua,noise,mua,noise,mua,mua,noise,mua,mua,mua,mua,noise,mua,mua,noise
a2,Allen,733124_2024-07-08_15-45-59,95,good,mua,mua,mua,good,good,good,mua,mua,good,good,good,good,good,good,good,good,good
a2,Allen,733124_2024-07-08_15-45-59,96,mua,mua,mua,mua,mua,mua,mua,mua,mua,mua,mua,mua,mua,mua,mua,mua,mua,mua
a2,Allen,733124_2024-07-08_15-45-59,97,mua,mua,mua,mua,mua,mua,mua,mua,mua,mua,mua,mua,mua,mua,mua,mua,mua,mua
a2,Allen,733124_2024-07-08_15-45-59,98,mua,mua,mua,mua,good,noise,good,good,mua,good,good,good,good,mua,mua,mua,mua,good
a2,Allen,733124_2024-07-08_15-45-59,99,noise,noise,noise,noise,noise,noise,noise,noise,noise,noise,noise,noise,noise,mua,noise,mua,noise,noise
a2,Allen,733124_2024-07-08_15-45-59,100,mua,noise,mua,mua,mua,mua,mua,mua,mua,mua,noise,mua,mua,mua,mua,mua,mua,mua
a2,Allen,733124_2024-07-08_15-45-59,101,noise,noise,mua,mua,mua,mua,mua,mua,mua,mua,mua,mua,mua,mua,mua,mua,mua,mua
a2,Allen,733124_2024-07-08_15-45-59,102,noise,noise,mua,mua,mua,mua,mua,mua,mua,mua,mua,mua,mua,mua,mua,mua,mua,mua
a2,Allen,733124_2024-07-08_15-45-59,103,noise,noise,noise,noise,noise,mua,noise,noise,mua,noise,noise,noise,mua,mua,noise,mua,noise,noise
a2,Allen,733124_2024-07-08_15-45-59,104,noise,noise,noise,noise,noise,noise,noise,noise,noise,noise,noise,noise,mua,mua,mua,noise,noise,noise
a2,Allen,733124_2024-07-08_15-45-59,105,mua,mua,mua,mua,mua,good,mua,mua,mua,good,good,good,good,good,good,good,good,good
a2,Allen,733124_2024-07-08_15-45-59,106,noise,noise,noise,noise,noise,noise,noise,noise,noise,mua,noise,mua,mua,mua,noise,mua,mua,noise
a2,Allen,733124_2024-07-08_15-45-59,107,mua,mua,mua,mua,mua,mua,mua,mua,mua,mua,mua,mua,mua,mua,mua,mua,mua,mua
a2,Allen,733124_2024-07-08_15-45-59,108,mua,noise,noise,mua,noise,mua,noise,noise,mua,noise,noise,noise,mua,mua,mua,mua,mua,mua
a2,Allen,733124_2024-07-08_15-45-59,109,noise,noise,noise,noise,noise,noise,noise,noise,noise,noise,noise,noise,noise,mua,noise,noise,noise,noise
a2,Allen,733124_2024-07-08_15-45-59,110,noise,mua,mua,mua,mua,mua,mua,mua,mua,mua,mua,mua,mua,mua,noise,mua,mua,mua
a2,Allen,733124_2024-07-08_15-45-59,111,noise,mua,mua,mua,mua,mua,mua,mua,mua,mua,noise,mua,mua,mua,mua,mua,mua,mua
a2,Allen,733124_2024-07-08_15-45-59,112,noise,mua,mua,mua,mua,mua,mua,mua,mua,mua,mua,mua,mua,mua,mua,mua,mua,mua
a2,Allen,733124_2024-07-08_15-45-59,113,mua,mua,mua,mua,mua,mua,mua,mua,mua,mua,mua,mua,mua,mua,mua,good,mua,mua
a2,Allen,733124_2024-07-08_15-45-59,114,mua,noise,noise,mua,noise,noise,noise,noise,noise,noise,noise,noise,mua,mua,noise,mua,mua,noise
a2,Allen,733124_2024-07-08_15-45-59,115,mua,noise,noise,mua,noise,noise,noise,mua,mua,mua,noise,mua,mua,mua,noise,mua,noise,noise
a2,Allen,733124_2024-07-08_15-45-59,116,mua,mua,mua,mua,mua,mua,mua,mua,mua,mua,mua,mua,mua,mua,mua,mua,mua,mua
a2,Allen,733124_2024-07-08_15-45-59,117,mua,mua,mua,mua,mua,mua,mua,good,mua,good,mua,good,mua,mua,mua,mua,mua,mua
a2,Allen,733124_2024-07-08_15-45-59,118,mua,mua,mua,mua,good,mua,mua,good,mua,good,mua,good,good,good,good,good,good,good
a2,Allen,733124_2024-07-08_15-45-59,119,mua,mua,mua,mua,mua,mua,mua,mua,mua,mua,mua,mua,mua,mua,mua,mua,mua,mua
a2,Allen,733124_2024-07-08_15-45-59,120,noise,noise,noise,noise,noise,noise,noise,noise,mua,mua,noise,noise,mua,mua,mua,mua,mua,mua
a2,Allen,733124_2024-07-08_15-45-59,121,mua,mua,mua,mua,mua,mua,mua,mua,mua,mua,mua,mua,mua,mua,mua,mua,mua,mua
a2,Allen,733124_2024-07-08_15-45-59,123,noise,mua,mua,mua,mua,mua,mua,mua,mua,mua,mua,mua,mua,mua,mua,mua,mua,mua
a2,Allen,733124_2024-07-08_15-45-59,124,noise,noise,noise,noise,noise,noise,noise,noise,noise,noise,noise,noise,noise,noise,noise,noise,noise,noise
a2,Allen,733124_2024-07-08_15-45-59,125,noise,noise,noise,noise,noise,noise,noise,noise,mua,noise,noise,noise,noise,mua,noise,noise,noise,noise
a2,Allen,733124_2024-07-08_15-45-59,126,noise,mua,mua,mua,mua,mua,mua,mua,mua,mua,mua,mua,mua,mua,mua,mua,mua,mua
a2,Allen,733124_2024-07-08_15-45-59,127,noise,noise,noise,mua,noise,mua,noise,noise,mua,noise,mua,noise,mua,mua,noise,mua,noise,noise
a2,Allen,733124_2024-07-08_15-45-59,128,mua,mua,mua,mua,good,good,good,mua,mua,mua,good,mua,mua,mua,good,good,good,good
a2,Allen,733124_2024-07-08_15-45-59,130,mua,mua,mua,mua,mua,mua,mua,mua,mua,mua,mua,mua,mua,mua,mua,mua,mua,mua
a2,Allen,733124_2024-07-08_15-45-59,131,mua,mua,mua,mua,mua,mua,mua,mua,mua,mua,mua,mua,mua,mua,mua,mua,mua,mua
a2,Allen,733124_2024-07-08_15-45-59,132,mua,mua,mua,mua,mua,mua,mua,mua,mua,mua,mua,mua,mua,mua,mua,mua,mua,mua
a2,Allen,733124_2024-07-08_15-45-59,133,good,good,good,good,good,good,good,good,good,good,good,good,good,good,good,good,good,good
a2,Allen,733124_2024-07-08_15-45-59,134,mua,mua,mua,mua,mua,mua,mua,mua,mua,mua,mua,mua,mua,mua,good,mua,good,good
a2,Allen,733124_2024-07-08_15-45-59,135,good,good,good,good,good,good,good,good,good,good,good,good,good,good,good,good,good,good
a2,Allen,733124_2024-07-08_15-45-59,137,good,good,good,good,good,good,good,good,mua,good,good,good,good,good,good,good,good,good
a2,Allen,733124_2024-07-08_15-45-59,138,mua,mua,mua,mua,mua,mua,mua,mua,mua,mua,mua,mua,mua,mua,mua,noise,mua,mua
a2,Allen,733124_2024-07-08_15-45-59,139,mua,good,good,mua,mua,good,mua,good,mua,good,good,good,good,mua,good,good,good,mua
a2,Allen,733124_2024-07-08_15-45-59,141,mua,mua,mua,mua,mua,mua,mua,mua,mua,mua,mua,mua,good,mua,good,good,good,good
a2,Allen,733124_2024-07-08_15-45-59,142,mua,mua,mua,mua,mua,good,mua,mua,mua,mua,mua,mua,mua,mua,mua,mua,mua,mua
a2,Allen,733124_2024-07-08_15-45-59,143,good,good,good,good,good,good,good,good,good,good,good,good,good,good,good,good,good,good
a2,Allen,733124_2024-07-08_15-45-59,144,good,good,good,good,good,good,good,good,good,good,good,good,good,good,good,good,good,good
a2,Allen,733124_2024-07-08_15-45-59,145,good,good,good,mua,good,good,good,good,mua,good,mua,good,good,good,good,good,good,mua
a2,Allen,733124_2024-07-08_15-45-59,146,mua,good,good,mua,good,mua,good,good,good,good,mua,good,good,good,good,mua,good,good
a2,Allen,733124_2024-07-08_15-45-59,147,mua,noise,noise,noise,noise,mua,noise,noise,mua,noise,mua,noise,mua,mua,noise,mua,noise,noise
a2,Allen,733124_2024-07-08_15-45-59,148,mua,mua,mua,mua,mua,good,good,mua,mua,good,good,good,mua,mua,mua,mua,mua,mua
a2,Allen,733124_2024-07-08_15-45-59,149,good,good,good,good,good,good,good,good,good,good,good,good,good,good,good,good,good,good
a2,Allen,733124_2024-07-08_15-45-59,152,noise,noise,noise,noise,noise,noise,noise,noise,noise,noise,noise,noise,noise,noise,noise,noise,noise,noise
a2,Allen,733124_2024-07-08_15-45-59,153,mua,good,mua,mua,good,mua,good,good,mua,good,mua,good,good,mua,good,mua,good,good
a2,Allen,733124_2024-07-08_15-45-59,154,mua,mua,noise,mua,mua,mua,mua,mua,mua,mua,mua,mua,mua,mua,mua,mua,mua,mua
a2,Allen,733124_2024-07-08_15-45-59,156,good,good,good,good,good,good,good,good,good,good,good,good,good,good,good,good,good,good
a2,Allen,733124_2024-07-08_15-45-59,157,good,good,good,good,good,good,good,good,good,good,good,good,good,good,good,good,good,good
a2,Allen,733124_2024-07-08_15-45-59,158,mua,mua,mua,good,good,good,good,good,good,good,good,good,mua,mua,good,good,good,mua
a2,Allen,733124_2024-07-08_15-45-59,159,mua,noise,noise,noise,noise,noise,noise,noise,noise,noise,mua,noise,noise,noise,noise,good,noise,noise
a2,Allen,733124_2024-07-08_15-45-59,160,good,good,good,good,mua,good,good,good,good,good,good,good,good,good,good,good,good,good
a2,Allen,733124_2024-07-08_15-45-59,161,noise,noise,noise,noise,noise,noise,noise,noise,noise,noise,noise,noise,noise,noise,noise,noise,noise,noise
a2,Allen,733124_2024-07-08_15-45-59,162,good,good,good,good,good,good,good,good,good,good,good,good,good,good,good,good,good,good
a2,Allen,733124_2024-07-08_15-45-59,163,good,good,good,good,good,good,good,good,good,good,good,good,good,good,good,good,good,good
a2,Allen,733124_2024-07-08_15-45-59,164,noise,noise,noise,noise,noise,noise,noise,noise,noise,noise,noise,noise,noise,noise,noise,noise,noise,noise
a2,Allen,733124_2024-07-08_15-45-59,165,good,good,good,good,good,good,good,good,good,good,good,good,good,good,good,good,good,good
a2,Allen,733124_2024-07-08_15-45-59,166,mua,mua,mua,mua,mua,mua,mua,mua,mua,good,mua,mua,mua,mua,mua,mua,mua,mua
a2,Allen,733124_2024-07-08_15-45-59,167,good,good,good,good,good,good,good,good,good,good,good,good,good,good,good,good,good,good
a2,Allen,733124_2024-07-08_15-45-59,168,mua,mua,mua,mua,mua,mua,mua,mua,mua,mua,mua,mua,mua,mua,mua,mua,mua,mua
a2,Allen,733124_2024-07-08_15-45-59,169,mua,noise,noise,mua,noise,noise,noise,mua,mua,noise,noise,noise,noise,mua,noise,mua,noise,noise
a2,Allen,733124_2024-07-08_15-45-59,170,mua,mua,mua,mua,mua,mua,mua,mua,mua,mua,mua,mua,mua,mua,mua,mua,mua,mua
a2,Allen,733124_2024-07-08_15-45-59,171,good,mua,mua,mua,mua,mua,mua,mua,mua,mua,mua,mua,mua,mua,mua,mua,mua,mua
a2,Allen,733124_2024-07-08_15-45-59,172,good,mua,mua,mua,good,good,good,mua,mua,good,good,mua,mua,mua,good,good,good,good
a2,Allen,733124_2024-07-08_15-45-59,173,good,mua,mua,mua,good,mua,good,mua,mua,mua,mua,mua,mua,mua,good,mua,good,good
a2,Allen,733124_2024-07-08_15-45-59,174,good,good,good,good,good,good,good,good,good,good,good,good,good,good,good,good,good,good
a2,Allen,733124_2024-07-08_15-45-59,175,noise,noise,noise,noise,noise,mua,noise,noise,noise,noise,noise,noise,noise,noise,noise,mua,noise,noise
a2,Allen,733124_2024-07-08_15-45-59,176,good,good,good,good,good,good,good,good,good,good,good,good,good,good,good,good,good,good
a2,Allen,733124_2024-07-08_15-45-59,177,good,good,good,good,good,good,good,good,good,good,good,good,good,good,good,good,good,good
a2,Allen,733124_2024-07-08_15-45-59,178,good,mua,mua,good,mua,good,mua,mua,good,good,good,good,good,good,good,good,good,good
a2,Allen,733124_2024-07-08_15-45-59,179,good,good,good,good,good,good,good,good,good,good,good,good,good,good,good,good,good,good
a2,Allen,733124_2024-07-08_15-45-59,180,mua,mua,mua,mua,mua,mua,mua,mua,mua,mua,mua,mua,mua,mua,mua,mua,mua,mua
a2,Allen,733124_2024-07-08_15-45-59,181,good,good,good,good,good,good,good,good,good,good,good,good,good,good,good,good,good,good
a2,Allen,733124_2024-07-08_15-45-59,182,good,good,good,good,good,good,good,good,good,good,good,good,good,good,good,good,good,good
a2,Allen,733124_2024-07-08_15-45-59,183,good,good,good,good,good,good,good,good,good,good,good,good,good,good,good,good,good,good
a2,Allen,733124_2024-07-08_15-45-59,184,good,good,good,good,good,good,good,good,good,good,good,good,good,good,good,good,good,good
a2,Allen,733124_2024-07-08_15-45-59,186,good,mua,good,good,mua,good,good,good,good,good,good,good,good,good,good,good,good,good
a2,Allen,733124_2024-07-08_15-45-59,187,good,mua,mua,mua,mua,good,mua,mua,mua,mua,mua,mua,mua,mua,good,good,good,good
a2,Allen,733124_2024-07-08_15-45-59,188,good,good,good,good,good,good,good,good,good,good,good,good,good,good,good,good,good,good
a2,Allen,733124_2024-07-08_15-45-59,189,good,good,good,good,good,good,good,good,good,good,good,good,good,good,good,good,good,good
a2,Allen,733124_2024-07-08_15-45-59,190,good,good,good,good,good,good,good,good,good,good,good,good,good,good,good,good,good,good
a2,Allen,733124_2024-07-08_15-45-59,191,mua,mua,mua,mua,mua,mua,mua,mua,mua,mua,mua,mua,mua,mua,good,good,good,good
a2,Allen,733124_2024-07-08_15-45-59,192,good,good,good,good,good,good,good,good,good,good,good,good,good,good,good,good,good,good
a2,Allen,733124_2024-07-08_15-45-59,193,good,good,good,good,mua,good,mua,good,good,mua,good,mua,good,good,good,good,good,good
a2,Allen,733124_2024-07-08_15-45-59,194,mua,mua,mua,mua,mua,mua,mua,mua,mua,mua,noise,mua,noise,mua,mua,mua,mua,noise
a2,Allen,733124_2024-07-08_15-45-59,195,mua,mua,mua,mua,mua,mua,mua,mua,mua,mua,mua,mua,mua,mua,mua,mua,mua,mua
a2,Allen,733124_2024-07-08_15-45-59,196,mua,noise,mua,mua,noise,mua,mua,noise,noise,noise,noise,noise,noise,mua,noise,mua,noise,noise
a2,Allen,733124_2024-07-08_15-45-59,197,noise,noise,noise,noise,noise,noise,noise,noise,mua,noise,noise,noise,noise,mua,noise,noise,noise,noise
a2,Allen,733124_2024-07-08_15-45-59,198,good,good,good,good,good,good,good,good,good,good,good,good,good,good,good,good,good,good
a2,Allen,733124_2024-07-08_15-45-59,199,good,good,good,good,good,good,good,good,good,good,good,good,good,good,good,good,good,good
a2,Allen,733124_2024-07-08_15-45-59,200,good,mua,good,good,mua,good,mua,good,good,mua,mua,mua,good,good,mua,good,good,mua
a2,Allen,733124_2024-07-08_15-45-59,201,mua,mua,mua,mua,mua,mua,mua,mua,mua,mua,mua,mua,mua,mua,mua,mua,mua,mua
a2,Allen,733124_2024-07-08_15-45-59,202,mua,mua,mua,mua,mua,mua,mua,mua,mua,mua,mua,mua,mua,mua,mua,mua,mua,mua
a2,Allen,733124_2024-07-08_15-45-59,203,mua,mua,mua,mua,mua,mua,mua,mua,mua,mua,mua,mua,mua,mua,mua,mua,mua,mua
a2,Allen,733124_2024-07-08_15-45-59,204,mua,mua,mua,mua,mua,mua,mua,mua,mua,mua,mua,mua,mua,mua,mua,mua,mua,mua
a2,Allen,733124_2024-07-08_15-45-59,205,mua,mua,mua,mua,mua,mua,mua,mua,mua,mua,mua,mua,mua,mua,mua,mua,mua,mua
a2,Allen,733124_2024-07-08_15-45-59,206,mua,mua,mua,mua,mua,mua,mua,mua,mua,mua,mua,mua,mua,mua,mua,mua,mua,mua
a2,Allen,733124_2024-07-08_15-45-59,207,mua,mua,mua,mua,mua,mua,mua,mua,mua,mua,mua,mua,mua,mua,mua,mua,mua,mua
a2,Allen,733124_2024-07-08_15-45-59,208,noise,noise,noise,mua,noise,noise,noise,noise,noise,noise,noise,noise,noise,mua,noise,noise,noise,noise
a2,Allen,733124_2024-07-08_15-45-59,209,mua,mua,mua,mua,mua,mua,mua,mua,mua,mua,mua,mua,mua,mua,mua,mua,mua,good
a2,Allen,733124_2024-07-08_15-45-59,210,mua,mua,mua,mua,mua,mua,mua,mua,mua,mua,mua,mua,mua,mua,mua,mua,mua,mua
a2,Allen,733124_2024-07-08_15-45-59,211,noise,mua,mua,mua,mua,mua,mua,mua,mua,mua,mua,mua,mua,mua,mua,mua,mua,mua
a2,Allen,733124_2024-07-08_15-45-59,212,mua,mua,mua,mua,mua,mua,mua,mua,mua,mua,mua,mua,mua,mua,mua,mua,mua,mua
a2,Allen,733124_2024-07-08_15-45-59,213,mua,mua,mua,mua,mua,mua,mua,mua,mua,mua,mua,mua,mua,mua,mua,mua,mua,mua
a2,Allen,733124_2024-07-08_15-45-59,214,noise,noise,noise,noise,noise,noise,noise,noise,noise,noise,noise,noise,noise,noise,noise,noise,noise,noise
a2,Allen,733124_2024-07-08_15-45-59,215,mua,noise,noise,mua,noise,mua,noise,noise,mua,noise,noise,noise,noise,mua,noise,noise,noise,noise
a2,Allen,733124_2024-07-08_15-45-59,216,mua,mua,mua,mua,mua,mua,mua,mua,mua,mua,mua,mua,mua,mua,mua,mua,mua,mua
a2,Allen,733124_2024-07-08_15-45-59,217,mua,mua,mua,mua,mua,mua,mua,mua,mua,mua,mua,mua,mua,mua,mua,mua,mua,mua
a2,Allen,733124_2024-07-08_15-45-59,218,noise,mua,mua,mua,mua,mua,mua,mua,mua,mua,mua,mua,mua,mua,mua,mua,mua,mua
a2,Allen,733124_2024-07-08_15-45-59,219,mua,mua,mua,mua,mua,mua,mua,mua,mua,mua,mua,mua,mua,mua,mua,mua,mua,mua
a2,Allen,733124_2024-07-08_15-45-59,220,mua,mua,mua,mua,mua,mua,mua,mua,mua,mua,mua,mua,mua,mua,mua,mua,mua,good
a2,Allen,733124_2024-07-08_15-45-59,221,good,good,good,good,good,good,good,good,good,good,good,good,good,good,good,good,good,good
a2,Allen,733124_2024-07-08_15-45-59,222,mua,mua,mua,mua,good,mua,good,good,mua,good,good,good,mua,mua,mua,good,mua,mua
a2,Allen,733124_2024-07-08_15-45-59,223,mua,mua,mua,mua,mua,mua,mua,mua,mua,mua,mua,mua,mua,mua,mua,mua,mua,mua
a2,Allen,733124_2024-07-08_15-45-59,224,mua,mua,mua,mua,mua,mua,mua,mua,mua,mua,mua,mua,mua,mua,mua,good,mua,good
a2,Allen,733124_2024-07-08_15-45-59,225,mua,mua,mua,mua,mua,good,mua,mua,mua,mua,good,mua,mua,mua,mua,mua,mua,mua
a2,Allen,733124_2024-07-08_15-45-59,227,good,good,good,mua,good,good,good,good,good,good,good,good,good,good,good,good,good,good
a2,Allen,733124_2024-07-08_15-45-59,228,mua,noise,noise,noise,noise,noise,noise,noise,noise,noise,noise,noise,noise,noise,noise,noise,noise,noise
a2,Allen,733124_2024-07-08_15-45-59,229,good,good,good,good,good,mua,good,good,good,good,good,good,good,good,good,good,good,good
a2,Allen,733124_2024-07-08_15-45-59,230,mua,mua,mua,mua,mua,mua,mua,mua,mua,mua,mua,mua,mua,mua,mua,mua,mua,mua
a2,Allen,733124_2024-07-08_15-45-59,231,mua,good,good,mua,good,good,good,mua,mua,mua,mua,mua,mua,mua,mua,mua,mua,mua
a2,Allen,733124_2024-07-08_15-45-59,232,mua,mua,mua,mua,mua,mua,mua,mua,mua,mua,mua,mua,mua,mua,mua,mua,mua,mua
a2,Allen,733124_2024-07-08_15-45-59,233,good,mua,good,mua,mua,mua,mua,good,good,mua,mua,mua,good,good,good,good,good,good
a2,Allen,733124_2024-07-08_15-45-59,234,good,good,good,good,good,good,good,good,good,good,good,good,good,good,good,good,good,good
a2,Allen,733124_2024-07-08_15-45-59,235,good,mua,mua,mua,noise,mua,mua,mua,mua,noise,mua,mua,mua,mua,mua,mua,mua,mua
a2,Allen,733124_2024-07-08_15-45-59,237,good,good,good,good,good,good,good,good,good,good,good,good,good,good,good,good,good,good
a2,Allen,733124_2024-07-08_15-45-59,238,good,good,good,good,good,good,good,good,good,good,good,good,good,good,good,good,good,good
a2,Allen,733124_2024-07-08_15-45-59,239,noise,noise,noise,noise,noise,noise,noise,noise,noise,noise,noise,noise,noise,noise,noise,noise,noise,noise
a2,Allen,733124_2024-07-08_15-45-59,240,noise,noise,noise,noise,noise,mua,noise,noise,noise,noise,noise,noise,noise,noise,noise,noise,noise,noise
a2,Allen,733124_2024-07-08_15-45-59,241,good,good,good,good,good,good,good,good,good,good,good,good,good,good,good,good,good,good
a2,Allen,733124_2024-07-08_15-45-59,242,noise,noise,noise,noise,noise,noise,noise,noise,noise,noise,noise,noise,noise,noise,noise,noise,noise,noise
a2,Allen,733124_2024-07-08_15-45-59,243,noise,noise,noise,noise,noise,noise,noise,noise,noise,noise,noise,noise,noise,mua,noise,noise,noise,noise
a2,Allen,733124_2024-07-08_15-45-59,244,noise,noise,noise,noise,noise,noise,noise,noise,mua,noise,noise,noise,noise,noise,noise,noise,noise,noise
a2,Allen,733124_2024-07-08_15-45-59,245,noise,noise,noise,noise,noise,noise,noise,noise,noise,noise,noise,noise,noise,noise,noise,noise,noise,noise
a2,Allen,733124_2024-07-08_15-45-59,246,noise,noise,noise,noise,noise,mua,noise,noise,noise,noise,noise,noise,noise,noise,noise,noise,noise,noise
a2,Allen,733124_2024-07-08_15-45-59,247,good,good,good,good,good,good,good,good,good,good,good,good,good,good,good,good,good,good
a2,Allen,733124_2024-07-08_15-45-59,248,good,good,good,good,good,good,good,good,good,good,good,good,good,good,good,good,good,good
a2,Allen,733124_2024-07-08_15-45-59,249,good,good,good,good,good,good,good,good,good,good,good,good,good,good,good,good,good,good
a2,Allen,733124_2024-07-08_15-45-59,250,good,good,good,good,good,good,good,good,good,good,good,good,good,good,good,good,good,good
a2,Allen,733124_2024-07-08_15-45-59,253,good,good,good,good,good,good,good,good,good,good,good,good,good,good,good,good,good,good
a2,Allen,733124_2024-07-08_15-45-59,254,mua,mua,mua,mua,mua,mua,mua,mua,mua,mua,mua,mua,mua,mua,mua,mua,mua,mua
a2,Allen,733124_2024-07-08_15-45-59,255,good,good,good,good,good,good,good,good,good,good,good,good,good,good,good,good,good,good
a2,Allen,733124_2024-07-08_15-45-59,256,mua,noise,noise,noise,noise,noise,noise,mua,mua,noise,noise,noise,mua,mua,mua,noise,noise,mua
a2,Allen,733124_2024-07-08_15-45-59,257,good,good,good,good,good,good,good,good,good,good,good,good,good,good,good,good,good,good
a2,Allen,733124_2024-07-08_15-45-59,258,good,good,good,good,good,good,good,good,good,good,good,good,good,good,good,good,good,good
a2,Allen,733124_2024-07-08_15-45-59,259,good,mua,mua,mua,mua,mua,mua,mua,mua,mua,mua,mua,mua,mua,mua,mua,mua,mua
a2,Allen,733124_2024-07-08_15-45-59,260,good,good,good,good,good,good,good,good,good,good,good,good,good,good,good,good,good,good
a2,Allen,733124_2024-07-08_15-45-59,261,good,good,good,good,good,good,good,good,good,good,good,good,good,good,good,good,good,good
a2,Allen,733124_2024-07-08_15-45-59,262,noise,noise,noise,noise,noise,noise,noise,noise,noise,noise,noise,noise,noise,noise,noise,noise,noise,noise
a2,Allen,733124_2024-07-08_15-45-59,264,mua,mua,noise,mua,good,noise,good,good,good,good,mua,good,good,good,good,mua,good,good
a2,Allen,733124_2024-07-08_15-45-59,265,noise,noise,noise,mua,noise,noise,noise,noise,mua,noise,noise,noise,noise,mua,noise,noise,noise,noise
a2,Allen,733124_2024-07-08_15-45-59,266,good,good,good,good,good,good,good,good,good,good,good,good,good,good,good,good,good,good
a2,Allen,733124_2024-07-08_15-45-59,267,mua,noise,noise,noise,noise,noise,noise,noise,mua,noise,noise,noise,mua,mua,noise,mua,noise,noise
a2,Allen,733124_2024-07-08_15-45-59,268,mua,mua,mua,mua,mua,noise,mua,mua,mua,mua,mua,mua,mua,mua,mua,mua,mua,mua
a2,Allen,733124_2024-07-08_15-45-59,269,noise,mua,mua,mua,mua,mua,mua,mua,mua,mua,mua,mua,mua,mua,mua,mua,mua,mua
a2,Allen,733124_2024-07-08_15-45-59,271,noise,mua,noise,mua,noise,mua,noise,noise,mua,noise,mua,noise,mua,mua,mua,mua,mua,mua
a2,Allen,733124_2024-07-08_15-45-59,272,noise,noise,noise,noise,noise,noise,noise,noise,noise,noise,noise,noise,mua,mua,noise,good,noise,noise
a2,Allen,733124_2024-07-08_15-45-59,273,mua,mua,mua,mua,mua,mua,mua,mua,mua,mua,mua,mua,mua,mua,mua,mua,mua,mua
a2,Allen,733124_2024-07-08_15-45-59,274,mua,noise,noise,noise,noise,noise,noise,noise,noise,noise,noise,noise,mua,mua,noise,mua,noise,noise
a2,Allen,733124_2024-07-08_15-45-59,275,noise,noise,noise,mua,noise,noise,noise,noise,mua,noise,noise,noise,mua,mua,noise,noise,noise,mua
a2,Allen,733124_2024-07-08_15-45-59,276,noise,noise,noise,noise,noise,noise,noise,noise,noise,noise,noise,noise,noise,mua,noise,noise,noise,good
a2,Allen,733124_2024-07-08_15-45-59,277,noise,noise,noise,noise,noise,noise,noise,noise,mua,noise,noise,noise,noise,mua,noise,noise,noise,noise
a2,Allen,733124_2024-07-08_15-45-59,278,mua,mua,mua,noise,mua,mua,mua,mua,mua,mua,mua,mua,mua,mua,mua,mua,mua,noise
a2,Allen,733124_2024-07-08_15-45-59,279,noise,noise,noise,noise,noise,noise,noise,noise,noise,noise,noise,noise,noise,mua,noise,noise,noise,noise
a2,Allen,733124_2024-07-08_15-45-59,280,mua,mua,good,mua,good,good,good,mua,good,good,good,good,mua,mua,mua,mua,mua,mua
a2,Allen,733124_2024-07-08_15-45-59,281,noise,noise,mua,noise,noise,mua,noise,mua,noise,noise,noise,noise,mua,mua,noise,good,mua,mua
a2,Allen,733124_2024-07-08_15-45-59,282,noise,mua,mua,mua,mua,mua,mua,mua,mua,mua,mua,mua,mua,mua,mua,mua,mua,mua
a2,Allen,733124_2024-07-08_15-45-59,283,noise,mua,noise,mua,noise,mua,mua,noise,noise,noise,mua,noise,mua,mua,mua,good,mua,noise
a2,Allen,733124_2024-07-08_15-45-59,284,mua,noise,mua,noise,mua,noise,mua,mua,mua,mua,noise,mua,mua,mua,mua,noise,mua,mua
a2,Allen,733124_2024-07-08_15-45-59,285,noise,noise,noise,mua,noise,mua,noise,noise,mua,noise,noise,noise,mua,mua,noise,mua,mua,noise
a2,Allen,733124_2024-07-08_15-45-59,286,good,good,good,good,good,good,good,mua,mua,good,good,good,good,good,good,mua,good,good
a2,Allen,733124_2024-07-08_15-45-59,287,mua,noise,noise,mua,noise,noise,noise,noise,mua,noise,noise,noise,noise,mua,noise,noise,noise,noise
a2,Allen,733124_2024-07-08_15-45-59,288,mua,mua,mua,mua,mua,mua,mua,mua,mua,mua,noise,mua,mua,mua,mua,mua,mua,mua
a2,Allen,733124_2024-07-08_15-45-59,289,mua,mua,mua,mua,mua,mua,mua,mua,mua,mua,mua,mua,mua,mua,mua,mua,mua,mua
a2,Allen,733124_2024-07-08_15-45-59,290,good,mua,mua,mua,mua,mua,mua,mua,mua,mua,mua,mua,mua,mua,mua,mua,mua,mua
a2,Allen,733124_2024-07-08_15-45-59,291,mua,mua,mua,mua,noise,mua,mua,mua,mua,mua,mua,mua,mua,mua,mua,mua,mua,mua
a2,Allen,733124_2024-07-08_15-45-59,292,noise,mua,mua,mua,mua,mua,mua,mua,mua,mua,mua,mua,mua,mua,mua,mua,mua,mua
a2,Allen,733124_2024-07-08_15-45-59,293,good,good,good,good,good,good,good,good,good,good,good,good,good,good,good,good,good,good
a2,Allen,733124_2024-07-08_15-45-59,294,noise,noise,noise,noise,noise,noise,noise,noise,noise,noise,noise,noise,mua,mua,noise,noise,noise,noise
a2,Allen,733124_2024-07-08_15-45-59,295,noise,noise,noise,noise,noise,mua,noise,noise,noise,noise,noise,noise,mua,mua,noise,mua,noise,noise
a2,Allen,733124_2024-07-08_15-45-59,297,noise,noise,noise,mua,noise,noise,noise,noise,mua,mua,noise,noise,mua,mua,mua,noise,mua,mua
a2,Allen,733124_2024-07-08_15-45-59,298,noise,mua,mua,mua,mua,mua,mua,mua,mua,mua,mua,mua,mua,mua,noise,mua,mua,mua
a2,Allen,733124_2024-07-08_15-45-59,299,mua,mua,mua,mua,mua,mua,mua,mua,mua,mua,mua,mua,mua,mua,good,mua,good,good
a2,Allen,733124_2024-07-08_15-45-59,300,noise,noise,mua,mua,noise,mua,mua,mua,mua,mua,mua,mua,mua,mua,mua,mua,mua,mua
a2,Allen,733124_2024-07-08_15-45-59,301,noise,noise,noise,noise,noise,noise,noise,noise,noise,noise,noise,noise,noise,noise,noise,noise,noise,noise
a2,Allen,733124_2024-07-08_15-45-59,302,noise,noise,noise,noise,noise,noise,noise,noise,noise,noise,noise,noise,mua,mua,noise,noise,noise,noise
a2,Allen,733124_2024-07-08_15-45-59,303,noise,noise,noise,noise,noise,noise,noise,noise,noise,noise,noise,noise,mua,mua,noise,noise,noise,noise
a2,Allen,733124_2024-07-08_15-45-59,304,mua,mua,mua,mua,mua,mua,mua,mua,mua,mua,mua,mua,mua,mua,mua,mua,mua,mua
a2,Allen,733124_2024-07-08_15-45-59,305,good,mua,mua,mua,mua,noise,mua,mua,mua,good,noise,mua,mua,mua,good,mua,mua,good
a2,Allen,733124_2024-07-08_15-45-59,306,noise,mua,mua,mua,mua,mua,mua,mua,mua,mua,mua,mua,mua,mua,mua,mua,mua,mua
a2,Allen,733124_2024-07-08_15-45-59,307,noise,noise,noise,noise,noise,noise,noise,noise,mua,mua,mua,mua,mua,mua,mua,mua,mua,mua
a2,Allen,733124_2024-07-08_15-45-59,308,noise,noise,noise,noise,noise,noise,noise,noise,noise,mua,noise,mua,mua,mua,noise,mua,noise,noise
a2,Allen,733124_2024-07-08_15-45-59,309,noise,mua,mua,mua,noise,mua,mua,mua,mua,mua,noise,mua,mua,mua,mua,mua,mua,mua
a2,Allen,733124_2024-07-08_15-45-59,310,noise,noise,noise,mua,noise,mua,noise,noise,mua,noise,noise,noise,mua,mua,noise,mua,mua,noise
a2,Allen,733124_2024-07-08_15-45-59,311,mua,mua,mua,mua,mua,mua,mua,mua,mua,mua,mua,mua,mua,mua,mua,mua,mua,mua
a2,Allen,733124_2024-07-08_15-45-59,312,noise,noise,noise,mua,noise,mua,noise,mua,mua,noise,mua,mua,mua,mua,noise,good,mua,noise
a2,Allen,733124_2024-07-08_15-45-59,313,mua,mua,mua,mua,mua,mua,mua,mua,mua,mua,mua,mua,mua,mua,mua,mua,mua,mua
a2,Allen,733124_2024-07-08_15-45-59,314,mua,noise,noise,mua,noise,mua,noise,mua,mua,noise,mua,noise,mua,mua,mua,mua,mua,mua
a2,Allen,733124_2024-07-08_15-45-59,315,mua,mua,mua,mua,mua,mua,mua,mua,mua,mua,mua,mua,mua,mua,mua,good,mua,good
a2,Allen,733124_2024-07-08_15-45-59,316,noise,noise,noise,mua,noise,noise,noise,mua,mua,noise,noise,noise,mua,mua,noise,mua,noise,noise
a2,Allen,733124_2024-07-08_15-45-59,317,mua,mua,mua,mua,mua,mua,mua,mua,mua,mua,mua,mua,mua,mua,mua,good,mua,good
a2,Allen,733124_2024-07-08_15-45-59,318,noise,noise,noise,mua,noise,noise,noise,mua,mua,noise,noise,noise,mua,mua,noise,noise,noise,mua
a2,Allen,733124_2024-07-08_15-45-59,319,mua,mua,mua,mua,mua,mua,mua,mua,mua,mua,mua,mua,mua,mua,mua,mua,mua,mua
a2,Allen,733124_2024-07-08_15-45-59,320,good,mua,mua,mua,good,mua,mua,mua,mua,good,mua,good,good,good,good,good,good,good
a2,Allen,733124_2024-07-08_15-45-59,321,noise,mua,mua,mua,mua,mua,mua,mua,mua,mua,mua,mua,mua,mua,mua,mua,mua,mua
a2,Allen,733124_2024-07-08_15-45-59,322,noise,noise,noise,noise,noise,noise,noise,noise,noise,noise,noise,noise,mua,mua,mua,mua,mua,noise
a2,Allen,733124_2024-07-08_15-45-59,323,mua,mua,mua,mua,mua,mua,mua,mua,mua,mua,mua,mua,mua,mua,mua,mua,mua,mua
a2,Allen,733124_2024-07-08_15-45-59,324,noise,mua,mua,mua,mua,mua,mua,mua,mua,mua,mua,mua,mua,mua,mua,mua,mua,mua
a2,Allen,733124_2024-07-08_15-45-59,325,noise,noise,noise,noise,noise,noise,noise,noise,noise,noise,noise,noise,mua,mua,noise,noise,noise,noise
a2,Allen,733124_2024-07-08_15-45-59,326,mua,mua,mua,mua,mua,mua,mua,mua,mua,mua,mua,mua,mua,mua,mua,mua,mua,mua
a2,Allen,733124_2024-07-08_15-45-59,327,good,good,good,mua,good,good,good,good,good,good,good,good,good,good,good,good,good,good
a2,Allen,733124_2024-07-08_15-45-59,328,noise,mua,mua,mua,mua,mua,mua,mua,mua,mua,mua,mua,mua,mua,mua,mua,mua,mua
a2,Allen,733124_2024-07-08_15-45-59,329,good,good,good,good,good,good,good,good,good,good,good,good,good,good,good,good,good,good
a2,Allen,733124_2024-07-08_15-45-59,330,noise,noise,noise,mua,noise,mua,noise,mua,mua,mua,mua,mua,mua,mua,mua,mua,mua,mua
a2,Allen,733124_2024-07-08_15-45-59,331,noise,noise,noise,noise,noise,noise,noise,noise,mua,noise,noise,noise,mua,mua,mua,mua,mua,mua
a2,Allen,733124_2024-07-08_15-45-59,332,noise,mua,mua,mua,mua,mua,mua,mua,mua,mua,mua,mua,mua,mua,mua,mua,mua,mua
a2,Allen,733124_2024-07-08_15-45-59,333,mua,mua,mua,mua,mua,mua,mua,mua,mua,mua,mua,mua,mua,mua,mua,mua,mua,mua
a2,Allen,733124_2024-07-08_15-45-59,334,noise,noise,noise,noise,noise,noise,noise,noise,noise,noise,noise,noise,mua,mua,noise,good,noise,noise
a2,Allen,733124_2024-07-08_15-45-59,335,mua,mua,mua,mua,mua,mua,mua,mua,mua,mua,mua,mua,mua,mua,mua,mua,mua,mua
a2,Allen,733124_2024-07-08_15-45-59,336,noise,noise,mua,mua,noise,mua,mua,mua,mua,noise,noise,noise,mua,mua,noise,good,noise,noise
a2,Allen,733124_2024-07-08_15-45-59,337,mua,mua,mua,mua,mua,good,mua,mua,mua,mua,mua,mua,mua,mua,mua,mua,mua,mua
a2,Allen,733124_2024-07-08_15-45-59,338,noise,noise,noise,noise,noise,noise,noise,noise,noise,noise,noise,noise,noise,mua,noise,noise,noise,noise
a2,Allen,733124_2024-07-08_15-45-59,339,noise,noise,noise,noise,noise,noise,noise,noise,noise,noise,noise,noise,noise,mua,noise,noise,noise,noise
a2,Allen,733124_2024-07-08_15-45-59,340,noise,noise,noise,mua,mua,mua,mua,noise,mua,mua,noise,mua,mua,mua,mua,mua,mua,mua
a2,Allen,733124_2024-07-08_15-45-59,341,noise,mua,mua,mua,mua,noise,mua,mua,mua,mua,noise,mua,mua,mua,mua,mua,mua,noise
a2,Allen,733124_2024-07-08_15-45-59,342,noise,noise,noise,noise,noise,noise,noise,noise,noise,noise,noise,noise,noise,mua,noise,noise,noise,noise
a2,Allen,733124_2024-07-08_15-45-59,343,mua,good,good,good,good,good,good,good,good,good,good,good,good,good,good,good,good,good
a2,Allen,733124_2024-07-08_15-45-59,344,good,good,good,good,good,good,good,good,good,good,good,good,good,good,good,good,good,good
a2,Allen,733124_2024-07-08_15-45-59,345,noise,noise,noise,noise,noise,noise,noise,noise,noise,noise,noise,noise,noise,mua,noise,noise,noise,noise
a2,Allen,733124_2024-07-08_15-45-59,346,noise,noise,noise,noise,noise,noise,noise,noise,noise,noise,noise,noise,noise,noise,noise,noise,noise,noise
a2,Allen,733124_2024-07-08_15-45-59,347,good,good,good,good,good,good,good,good,good,good,good,good,good,good,good,good,good,good
a2,Allen,733124_2024-07-08_15-45-59,348,good,good,good,good,good,good,good,good,good,good,good,good,good,good,good,good,good,good
a2,Allen,733124_2024-07-08_15-45-59,349,good,good,good,good,good,good,good,good,good,good,good,good,good,good,good,good,good,good
a2,Allen,733124_2024-07-08_15-45-59,350,good,good,good,good,good,good,good,good,good,good,mua,good,good,good,good,good,good,good
a2,Allen,733124_2024-07-08_15-45-59,351,mua,noise,noise,noise,noise,noise,noise,noise,mua,noise,noise,noise,noise,noise,noise,mua,noise,noise
a2,Allen,733124_2024-07-08_15-45-59,352,good,good,good,good,good,good,good,good,good,good,good,good,good,good,good,good,good,good
a2,Allen,733124_2024-07-08_15-45-59,353,good,mua,mua,mua,mua,mua,mua,mua,mua,mua,mua,mua,good,mua,good,good,good,good
a2,Allen,733124_2024-07-08_15-45-59,354,good,good,good,mua,good,mua,good,good,mua,good,good,good,good,good,good,good,good,good
a2,Allen,733124_2024-07-08_15-45-59,355,noise,noise,noise,noise,noise,noise,noise,noise,noise,noise,noise,noise,noise,noise,noise,noise,noise,noise
a2,Allen,733124_2024-07-08_15-45-59,356,mua,mua,mua,mua,mua,noise,mua,mua,mua,noise,noise,noise,mua,mua,mua,mua,mua,noise
a2,Allen,733124_2024-07-08_15-45-59,357,noise,noise,noise,noise,noise,noise,noise,noise,noise,noise,noise,noise,noise,noise,noise,mua,noise,noise
a2,Allen,733124_2024-07-08_15-45-59,358,good,mua,mua,mua,mua,good,mua,mua,mua,mua,good,mua,mua,mua,good,good,good,mua
a2,Allen,733124_2024-07-08_15-45-59,360,good,mua,mua,good,good,good,good,good,mua,mua,good,mua,good,good,good,good,good,good
a2,Allen,733124_2024-07-08_15-45-59,361,good,mua,mua,mua,mua,mua,mua,mua,mua,mua,mua,mua,mua,mua,mua,mua,mua,mua
a2,Allen,733124_2024-07-08_15-45-59,362,good,good,good,good,good,good,good,good,good,good,good,good,good,good,good,good,good,good
a2,Allen,733124_2024-07-08_15-45-59,363,good,good,good,good,good,good,good,good,good,good,good,good,good,good,good,good,good,good
a2,Allen,733124_2024-07-08_15-45-59,364,good,good,good,good,good,good,good,good,good,good,good,good,good,good,good,good,good,good
a2,Allen,733124_2024-07-08_15-45-59,365,good,good,mua,good,mua,mua,mua,mua,good,good,good,good,mua,mua,mua,good,mua,mua
a2,Allen,733124_2024-07-08_15-45-59,366,good,good,good,good,good,good,good,good,good,good,good,good,good,good,good,good,good,good
a2,Allen,733124_2024-07-08_15-45-59,367,mua,mua,mua,mua,mua,mua,mua,mua,mua,mua,mua,mua,mua,mua,mua,mua,mua,mua
a2,Allen,733124_2024-07-08_15-45-59,368,good,good,good,good,good,good,good,good,good,good,good,good,good,good,good,good,good,good
a2,Allen,733124_2024-07-08_15-45-59,369,noise,noise,noise,noise,noise,noise,noise,noise,noise,noise,noise,noise,noise,noise,noise,noise,noise,noise
a2,Allen,733124_2024-07-08_15-45-59,370,good,good,good,good,good,good,good,good,good,good,good,good,good,good,good,good,good,good
a2,Allen,733124_2024-07-08_15-45-59,371,good,good,good,good,good,good,good,good,good,good,good,good,good,good,good,good,good,good
a2,Allen,733124_2024-07-08_15-45-59,372,good,good,good,good,good,good,good,good,good,good,good,good,good,good,good,good,good,good
a2,Allen,733124_2024-07-08_15-45-59,373,good,good,good,good,good,good,good,good,good,good,good,good,good,good,good,good,good,good
a2,Allen,733124_2024-07-08_15-45-59,374,good,good,good,good,good,good,good,good,good,good,good,good,good,good,good,good,good,good
a2,Allen,733124_2024-07-08_15-45-59,375,good,good,good,good,good,good,good,mua,good,good,good,good,good,good,good,good,good,good
a2,Allen,733124_2024-07-08_15-45-59,376,mua,mua,mua,mua,mua,mua,mua,mua,mua,mua,mua,mua,mua,mua,mua,mua,mua,mua
a2,Allen,733124_2024-07-08_15-45-59,377,good,good,good,good,good,good,good,good,good,good,good,good,good,good,good,good,good,good
a2,Allen,733124_2024-07-08_15-45-59,378,mua,mua,mua,mua,mua,mua,mua,mua,mua,mua,mua,mua,mua,mua,mua,mua,mua,mua
a2,Allen,733124_2024-07-08_15-45-59,379,good,good,good,good,good,good,good,good,good,good,good,good,good,good,good,good,good,good
a2,Allen,733124_2024-07-08_15-45-59,380,good,good,good,good,good,good,good,good,good,good,good,good,good,good,good,good,good,good
a2,Allen,733124_2024-07-08_15-45-59,381,good,good,good,good,good,good,good,good,good,good,good,good,good,good,good,good,good,good
a2,Allen,733124_2024-07-08_15-45-59,382,good,good,good,mua,good,good,good,good,good,good,good,good,good,good,good,good,good,good
a2,Allen,733124_2024-07-08_15-45-59,383,noise,noise,noise,mua,mua,noise,noise,noise,mua,noise,noise,noise,noise,noise,noise,noise,noise,mua
a2,Allen,733124_2024-07-08_15-45-59,384,good,good,good,good,good,good,good,good,good,good,good,good,good,good,good,good,good,good
a2,Allen,733124_2024-07-08_15-45-59,385,noise,noise,noise,noise,noise,noise,noise,noise,good,noise,noise,noise,noise,noise,noise,noise,noise,noise
a2,Allen,733124_2024-07-08_15-45-59,386,noise,noise,noise,noise,noise,noise,noise,noise,noise,noise,noise,noise,noise,noise,noise,noise,noise,noise
a2,Allen,733124_2024-07-08_15-45-59,387,noise,noise,noise,noise,noise,noise,noise,noise,mua,mua,noise,noise,noise,noise,noise,noise,noise,noise
a2,Allen,733124_2024-07-08_15-45-59,388,noise,noise,noise,noise,noise,noise,noise,noise,noise,noise,noise,noise,noise,noise,noise,noise,noise,noise
a2,Allen,733124_2024-07-08_15-45-59,389,good,good,good,good,good,good,good,good,good,good,good,good,good,good,good,good,good,good
a2,Allen,733124_2024-07-08_15-45-59,390,mua,mua,mua,noise,mua,noise,mua,mua,noise,mua,noise,mua,mua,mua,mua,mua,mua,noise
a2,Allen,733124_2024-07-08_15-45-59,391,noise,noise,noise,noise,noise,noise,noise,noise,noise,noise,noise,noise,noise,mua,noise,noise,noise,noise
a2,Allen,733124_2024-07-08_15-45-59,392,good,mua,mua,mua,mua,mua,mua,mua,mua,good,mua,mua,good,good,good,good,good,good
a2,Allen,733124_2024-07-08_15-45-59,393,mua,mua,mua,mua,mua,mua,mua,mua,mua,mua,mua,mua,mua,mua,mua,mua,mua,mua
a2,Allen,733124_2024-07-08_15-45-59,394,noise,noise,noise,noise,noise,noise,noise,noise,noise,noise,noise,noise,mua,mua,noise,noise,noise,noise
a2,Allen,733124_2024-07-08_15-45-59,395,mua,mua,mua,noise,mua,noise,noise,mua,noise,mua,noise,mua,mua,mua,mua,good,mua,mua
a2,Allen,733124_2024-07-08_15-45-59,396,good,mua,good,mua,good,good,good,good,mua,good,good,good,good,good,good,good,good,good
a2,Allen,733124_2024-07-08_15-45-59,397,mua,mua,mua,mua,mua,mua,mua,mua,mua,mua,mua,mua,mua,mua,mua,good,mua,mua
a2,Allen,733124_2024-07-08_15-45-59,398,good,mua,mua,mua,mua,mua,mua,mua,mua,mua,mua,mua,good,good,good,mua,good,good
a2,Allen,733124_2024-07-08_15-45-59,399,noise,mua,mua,mua,noise,mua,mua,mua,mua,mua,mua,mua,mua,mua,mua,mua,mua,mua
a2,Allen,733124_2024-07-08_15-45-59,400,noise,mua,mua,mua,mua,mua,mua,mua,mua,mua,mua,mua,mua,mua,mua,mua,mua,mua
a2,Allen,733124_2024-07-08_15-45-59,401,mua,noise,noise,noise,noise,mua,noise,noise,mua,mua,mua,mua,mua,mua,noise,mua,mua,mua
a2,Allen,733124_2024-07-08_15-45-59,402,good,mua,good,mua,mua,good,good,mua,mua,mua,good,good,mua,good,good,good,good,good
a2,Allen,733124_2024-07-08_15-45-59,403,noise,noise,noise,noise,noise,noise,noise,noise,noise,noise,noise,noise,noise,mua,noise,noise,noise,noise
a2,Allen,733124_2024-07-08_15-45-59,404,noise,noise,noise,noise,noise,noise,noise,noise,mua,noise,noise,noise,noise,mua,noise,mua,noise,noise
a2,Allen,733124_2024-07-08_15-45-59,405,good,good,good,good,good,good,good,good,good,good,good,good,good,good,good,good,good,good
a2,Allen,733124_2024-07-08_15-45-59,407,mua,mua,mua,mua,mua,noise,mua,noise,mua,mua,noise,mua,mua,mua,mua,noise,mua,mua
a2,Allen,733124_2024-07-08_15-45-59,408,mua,mua,mua,mua,mua,mua,mua,mua,mua,good,mua,mua,mua,mua,mua,mua,mua,mua
a2,Allen,733124_2024-07-08_15-45-59,409,mua,mua,mua,mua,mua,mua,mua,mua,mua,mua,mua,mua,mua,mua,mua,mua,mua,mua
a2,Allen,733124_2024-07-08_15-45-59,410,mua,mua,mua,mua,noise,noise,noise,mua,mua,noise,noise,noise,mua,mua,mua,mua,mua,mua
a2,Allen,733124_2024-07-08_15-45-59,412,noise,mua,noise,mua,noise,mua,mua,mua,mua,noise,mua,mua,mua,mua,noise,mua,mua,mua
a2,Allen,733124_2024-07-08_15-45-59,413,noise,mua,mua,mua,mua,mua,mua,mua,mua,mua,mua,mua,mua,mua,mua,mua,mua,noise
a2,Allen,733124_2024-07-08_15-45-59,414,good,good,good,good,good,good,good,good,good,good,good,good,good,good,good,good,good,good
a2,Allen,733124_2024-07-08_15-45-59,416,noise,mua,mua,mua,mua,mua,mua,mua,mua,mua,mua,mua,mua,mua,mua,mua,mua,mua
a2,Allen,733124_2024-07-08_15-45-59,417,good,good,good,good,good,good,good,good,good,good,good,good,good,good,good,good,good,good
a2,Allen,733124_2024-07-08_15-45-59,418,good,good,good,good,good,good,good,good,good,good,good,good,good,good,good,good,good,good
a2,Allen,733124_2024-07-08_15-45-59,419,good,good,good,good,good,good,good,good,good,good,good,good,good,good,good,good,good,good
a2,Allen,733124_2024-07-08_15-45-59,421,good,good,good,good,good,good,good,good,good,good,good,good,good,good,good,good,good,good
a2,Allen,733124_2024-07-08_15-45-59,423,good,mua,mua,mua,mua,good,mua,mua,mua,good,mua,good,mua,mua,mua,mua,mua,mua
a2,Allen,733124_2024-07-08_15-45-59,424,noise,noise,noise,noise,noise,noise,noise,noise,noise,noise,noise,noise,noise,noise,noise,noise,noise,noise
a2,Allen,733124_2024-07-08_15-45-59,425,noise,mua,mua,mua,noise,noise,noise,mua,mua,mua,noise,mua,mua,mua,mua,mua,mua,mua
a2,Allen,733124_2024-07-08_15-45-59,426,noise,mua,noise,noise,noise,noise,noise,noise,noise,noise,noise,noise,mua,mua,noise,mua,mua,noise
a2,Allen,733124_2024-07-08_15-45-59,427,noise,mua,mua,mua,noise,mua,mua,mua,mua,mua,mua,mua,mua,mua,noise,mua,mua,mua
a2,Allen,733124_2024-07-08_15-45-59,428,mua,mua,mua,mua,mua,mua,mua,mua,mua,mua,mua,mua,mua,mua,mua,mua,mua,mua
a2,Allen,733124_2024-07-08_15-45-59,429,mua,mua,mua,mua,mua,mua,mua,mua,mua,mua,mua,mua,mua,mua,mua,mua,mua,mua
a2,Allen,733124_2024-07-08_15-45-59,430,mua,mua,mua,mua,mua,mua,mua,mua,mua,mua,good,mua,mua,mua,mua,mua,mua,mua
a2,Allen,733124_2024-07-08_15-45-59,431,good,good,good,good,good,good,good,good,good,good,good,good,good,good,good,good,good,good
a2,Allen,733124_2024-07-08_15-45-59,432,mua,mua,mua,mua,mua,mua,mua,mua,mua,mua,good,mua,good,mua,good,good,good,good
a4,Allen,733124_2024-07-11_16-15-31,0,good,good,good,good,good,good,good,good,good,good,good,good,good,good,good,good,good,good
a4,Allen,733124_2024-07-11_16-15-31,1,good,good,good,good,good,good,good,good,good,good,good,good,good,good,good,good,good,good
a4,Allen,733124_2024-07-11_16-15-31,2,good,good,good,good,good,good,good,good,good,good,good,good,good,good,good,good,good,good
a4,Allen,733124_2024-07-11_16-15-31,3,mua,mua,mua,mua,good,good,good,mua,mua,mua,good,mua,mua,mua,mua,good,mua,mua
a4,Allen,733124_2024-07-11_16-15-31,4,good,good,good,good,good,good,good,good,good,good,good,good,good,good,good,good,good,good
a4,Allen,733124_2024-07-11_16-15-31,5,good,good,good,good,good,good,good,good,good,good,good,good,good,good,good,good,good,good
a4,Allen,733124_2024-07-11_16-15-31,6,good,good,good,good,good,good,good,good,good,good,good,good,good,good,good,good,good,good
a4,Allen,733124_2024-07-11_16-15-31,7,mua,good,good,good,good,good,good,good,good,good,good,good,good,mua,good,good,good,good
a4,Allen,733124_2024-07-11_16-15-31,8,mua,mua,mua,mua,mua,mua,mua,mua,mua,mua,mua,mua,mua,mua,mua,mua,mua,mua
a4,Allen,733124_2024-07-11_16-15-31,9,good,good,good,good,good,good,good,good,good,good,good,good,good,good,good,good,good,good
a4,Allen,733124_2024-07-11_16-15-31,10,good,good,good,good,good,good,good,good,good,good,good,good,good,good,good,good,good,good
a4,Allen,733124_2024-07-11_16-15-31,11,good,good,good,good,good,good,good,good,good,good,good,good,good,good,good,good,good,good
a4,Allen,733124_2024-07-11_16-15-31,12,good,good,good,good,good,good,good,good,good,good,good,good,good,good,good,good,good,good
a4,Allen,733124_2024-07-11_16-15-31,13,good,good,good,good,good,good,good,good,good,good,good,good,good,good,good,good,good,good
a4,Allen,733124_2024-07-11_16-15-31,14,good,good,good,good,good,good,good,good,good,good,good,good,good,good,good,good,good,good
a4,Allen,733124_2024-07-11_16-15-31,15,good,good,good,good,good,good,good,good,good,good,good,good,good,good,good,good,good,good
a4,Allen,733124_2024-07-11_16-15-31,16,mua,noise,noise,noise,noise,mua,noise,noise,mua,noise,mua,noise,mua,mua,noise,mua,mua,good
a4,Allen,733124_2024-07-11_16-15-31,17,good,good,good,good,good,good,good,good,good,good,good,good,good,good,good,good,good,good
a4,Allen,733124_2024-07-11_16-15-31,18,good,good,good,good,good,good,good,good,good,good,good,good,good,good,good,good,good,good
a4,Allen,733124_2024-07-11_16-15-31,19,good,good,good,good,good,good,good,good,good,good,good,good,good,good,good,good,good,good
a4,Allen,733124_2024-07-11_16-15-31,20,good,good,good,good,good,good,good,good,good,good,good,good,good,good,good,good,good,good
a4,Allen,733124_2024-07-11_16-15-31,22,good,good,good,good,good,good,good,good,good,good,good,good,good,good,good,good,good,good
a4,Allen,733124_2024-07-11_16-15-31,23,good,good,good,good,good,good,good,good,good,good,good,good,good,good,good,good,good,good
a4,Allen,733124_2024-07-11_16-15-31,24,good,good,good,good,good,good,good,good,good,good,good,good,good,good,good,good,good,good
a4,Allen,733124_2024-07-11_16-15-31,25,good,good,good,good,good,good,good,good,good,good,good,good,good,good,good,good,good,good
a4,Allen,733124_2024-07-11_16-15-31,26,good,good,good,good,good,good,good,good,good,good,good,good,good,good,good,good,good,good
a4,Allen,733124_2024-07-11_16-15-31,27,good,good,good,good,good,good,good,good,good,good,good,good,good,good,good,good,good,good
a4,Allen,733124_2024-07-11_16-15-31,28,good,good,good,good,good,good,good,good,good,good,good,good,good,good,good,good,good,good
a4,Allen,733124_2024-07-11_16-15-31,29,mua,mua,mua,mua,mua,mua,mua,mua,mua,mua,mua,mua,mua,mua,mua,mua,mua,mua
a4,Allen,733124_2024-07-11_16-15-31,30,mua,mua,mua,mua,mua,mua,mua,mua,mua,mua,mua,mua,mua,mua,mua,mua,mua,mua
a4,Allen,733124_2024-07-11_16-15-31,31,mua,mua,mua,mua,good,good,good,mua,mua,good,good,good,mua,mua,mua,good,mua,mua
a4,Allen,733124_2024-07-11_16-15-31,32,good,good,good,good,good,good,good,good,good,good,good,good,good,good,good,good,good,good
a4,Allen,733124_2024-07-11_16-15-31,33,good,good,good,good,good,good,good,good,good,good,good,good,good,good,good,good,good,good
a4,Allen,733124_2024-07-11_16-15-31,35,good,good,good,good,good,good,good,good,good,good,good,good,good,good,good,good,good,good
a4,Allen,733124_2024-07-11_16-15-31,36,good,good,good,good,good,good,good,good,good,good,good,good,good,good,good,good,good,good
a4,Allen,733124_2024-07-11_16-15-31,37,good,good,good,good,good,good,good,good,good,good,good,good,good,good,good,good,good,good
a4,Allen,733124_2024-07-11_16-15-31,38,good,good,good,good,good,good,good,good,good,good,good,good,good,good,good,good,good,good
a4,Allen,733124_2024-07-11_16-15-31,39,mua,noise,noise,noise,noise,noise,noise,noise,noise,noise,noise,noise,noise,noise,noise,noise,noise,noise
a4,Allen,733124_2024-07-11_16-15-31,40,mua,mua,mua,mua,mua,mua,mua,mua,mua,mua,mua,mua,mua,mua,mua,mua,mua,mua
a4,Allen,733124_2024-07-11_16-15-31,41,good,good,good,good,good,good,good,good,good,good,good,good,good,good,good,good,good,good
a4,Allen,733124_2024-07-11_16-15-31,43,good,good,good,good,good,good,good,good,good,good,good,good,good,good,good,good,good,good
a4,Allen,733124_2024-07-11_16-15-31,44,good,good,good,good,good,good,good,good,good,good,good,good,good,good,good,good,good,good
a4,Allen,733124_2024-07-11_16-15-31,45,good,good,good,good,good,good,good,good,good,good,good,good,good,good,good,good,good,good
a4,Allen,733124_2024-07-11_16-15-31,46,good,good,good,good,good,good,good,good,good,good,good,good,good,good,good,good,good,good
a4,Allen,733124_2024-07-11_16-15-31,47,good,good,good,good,good,good,good,good,good,good,good,good,good,good,good,good,good,good
a4,Allen,733124_2024-07-11_16-15-31,48,good,good,good,good,good,good,good,good,good,good,good,good,good,good,good,good,good,good
a4,Allen,733124_2024-07-11_16-15-31,49,good,good,good,good,good,good,good,good,good,good,good,good,good,good,good,good,good,good
a4,Allen,733124_2024-07-11_16-15-31,50,good,good,good,good,good,good,good,good,good,good,good,good,good,good,good,good,good,good
a4,Allen,733124_2024-07-11_16-15-31,52,good,good,good,good,good,good,good,good,good,good,good,good,good,good,good,good,good,good
a4,Allen,733124_2024-07-11_16-15-31,53,noise,noise,noise,noise,noise,noise,noise,noise,noise,noise,noise,noise,noise,noise,noise,noise,noise,noise
a4,Allen,733124_2024-07-11_16-15-31,54,good,good,good,good,good,good,good,good,good,good,good,good,good,good,good,good,good,good
a4,Allen,733124_2024-07-11_16-15-31,55,good,good,good,good,good,good,good,good,good,good,good,good,good,good,good,good,good,good
a4,Allen,733124_2024-07-11_16-15-31,57,noise,noise,noise,noise,noise,noise,noise,noise,noise,noise,noise,noise,noise,noise,noise,noise,noise,noise
a4,Allen,733124_2024-07-11_16-15-31,58,mua,mua,mua,mua,mua,mua,mua,mua,mua,mua,mua,mua,mua,mua,mua,mua,mua,mua
a4,Allen,733124_2024-07-11_16-15-31,59,mua,mua,mua,mua,mua,mua,mua,mua,mua,mua,mua,mua,mua,mua,mua,mua,mua,mua
a4,Allen,733124_2024-07-11_16-15-31,61,mua,mua,mua,mua,mua,mua,mua,mua,mua,mua,noise,mua,noise,mua,mua,mua,mua,mua
a4,Allen,733124_2024-07-11_16-15-31,62,mua,mua,mua,mua,mua,noise,mua,mua,mua,mua,mua,mua,mua,mua,mua,mua,mua,mua
a4,Allen,733124_2024-07-11_16-15-31,63,mua,mua,mua,mua,mua,mua,mua,mua,mua,noise,noise,noise,noise,noise,noise,noise,noise,noise
a4,Allen,733124_2024-07-11_16-15-31,64,mua,noise,noise,noise,noise,noise,noise,noise,noise,noise,noise,noise,noise,noise,noise,noise,noise,noise
a4,Allen,733124_2024-07-11_16-15-31,66,mua,noise,noise,mua,noise,mua,noise,noise,noise,noise,noise,noise,noise,mua,mua,noise,mua,noise
a4,Allen,733124_2024-07-11_16-15-31,67,good,good,good,good,good,good,good,good,good,good,good,good,good,good,good,good,good,good
a4,Allen,733124_2024-07-11_16-15-31,68,noise,noise,noise,mua,noise,mua,noise,noise,noise,noise,mua,noise,noise,noise,noise,noise,noise,noise
a4,Allen,733124_2024-07-11_16-15-31,69,good,good,good,good,good,good,good,good,good,good,good,good,good,good,good,good,good,good
a4,Allen,733124_2024-07-11_16-15-31,70,mua,mua,good,good,good,good,good,mua,mua,mua,good,mua,mua,mua,mua,mua,mua,mua
a4,Allen,733124_2024-07-11_16-15-31,71,mua,mua,mua,mua,mua,mua,mua,mua,mua,mua,mua,mua,mua,mua,mua,mua,mua,mua
a4,Allen,733124_2024-07-11_16-15-31,72,mua,noise,mua,mua,mua,noise,noise,noise,noise,noise,noise,noise,noise,noise,noise,noise,noise,noise
a4,Allen,733124_2024-07-11_16-15-31,73,mua,mua,mua,mua,mua,mua,mua,mua,mua,mua,noise,mua,noise,mua,noise,noise,noise,noise
a4,Allen,733124_2024-07-11_16-15-31,74,noise,noise,noise,noise,noise,noise,noise,noise,noise,noise,noise,noise,noise,mua,mua,mua,mua,mua
a4,Allen,733124_2024-07-11_16-15-31,75,mua,mua,mua,mua,mua,good,mua,mua,mua,mua,good,mua,mua,mua,mua,good,mua,mua
a4,Allen,733124_2024-07-11_16-15-31,76,mua,mua,mua,mua,mua,mua,mua,mua,mua,mua,mua,mua,mua,mua,mua,mua,mua,mua
a4,Allen,733124_2024-07-11_16-15-31,77,mua,mua,mua,mua,mua,mua,mua,mua,mua,mua,mua,mua,mua,mua,mua,mua,mua,mua
a4,Allen,733124_2024-07-11_16-15-31,79,mua,mua,mua,mua,mua,mua,mua,mua,mua,mua,mua,mua,mua,mua,mua,mua,mua,mua
a4,Allen,733124_2024-07-11_16-15-31,80,mua,mua,mua,good,good,good,good,good,good,good,good,good,mua,mua,good,good,good,good
a4,Allen,733124_2024-07-11_16-15-31,81,mua,noise,noise,noise,noise,noise,noise,noise,noise,noise,noise,noise,noise,noise,noise,noise,noise,noise
a4,Allen,733124_2024-07-11_16-15-31,82,mua,mua,mua,mua,mua,mua,mua,noise,mua,noise,noise,noise,mua,mua,mua,mua,mua,mua
a4,Allen,733124_2024-07-11_16-15-31,83,noise,noise,noise,noise,noise,noise,noise,noise,noise,noise,noise,noise,noise,noise,noise,noise,noise,noise
a4,Allen,733124_2024-07-11_16-15-31,84,good,good,good,good,good,good,good,good,good,good,good,good,good,good,good,good,good,good
a4,Allen,733124_2024-07-11_16-15-31,85,mua,mua,mua,mua,mua,mua,mua,noise,mua,noise,noise,noise,noise,mua,noise,noise,noise,noise
a4,Allen,733124_2024-07-11_16-15-31,86,mua,mua,mua,mua,mua,mua,mua,mua,mua,mua,mua,mua,mua,mua,mua,mua,mua,mua
a4,Allen,733124_2024-07-11_16-15-31,87,noise,noise,noise,noise,noise,noise,noise,noise,noise,noise,noise,noise,noise,noise,noise,noise,noise,noise
a4,Allen,733124_2024-07-11_16-15-31,88,mua,noise,noise,mua,noise,noise,noise,noise,mua,noise,noise,noise,mua,mua,noise,mua,noise,noise
a4,Allen,733124_2024-07-11_16-15-31,89,mua,mua,mua,mua,noise,noise,noise,mua,mua,mua,noise,mua,mua,mua,mua,mua,mua,mua
a4,Allen,733124_2024-07-11_16-15-31,90,noise,noise,noise,noise,noise,noise,noise,noise,noise,noise,noise,noise,noise,noise,noise,noise,noise,noise
a4,Allen,733124_2024-07-11_16-15-31,91,noise,noise,mua,mua,noise,mua,noise,mua,mua,noise,noise,noise,mua,mua,mua,mua,mua,mua
a4,Allen,733124_2024-07-11_16-15-31,92,mua,mua,mua,mua,mua,mua,mua,mua,mua,noise,mua,mua,mua,mua,mua,mua,mua,mua
a4,Allen,733124_2024-07-11_16-15-31,93,mua,mua,mua,mua,good,good,good,mua,mua,good,mua,good,mua,mua,mua,mua,mua,good
a4,Allen,733124_2024-07-11_16-15-31,94,good,good,good,good,good,good,good,good,good,good,good,good,good,good,good,good,good,good
a4,Allen,733124_2024-07-11_16-15-31,95,good,good,good,good,good,good,good,good,good,good,good,good,good,good,good,good,good,good
a4,Allen,733124_2024-07-11_16-15-31,97,good,good,good,good,good,good,good,good,good,good,good,good,good,good,good,good,good,good
a4,Allen,733124_2024-07-11_16-15-31,98,good,good,good,good,good,good,good,good,good,good,good,good,good,good,good,good,good,good
a4,Allen,733124_2024-07-11_16-15-31,99,noise,mua,mua,mua,mua,mua,mua,mua,mua,mua,mua,mua,mua,mua,mua,mua,mua,mua
a4,Allen,733124_2024-07-11_16-15-31,100,noise,noise,mua,mua,noise,mua,noise,mua,noise,noise,noise,noise,noise,mua,noise,noise,noise,noise
a4,Allen,733124_2024-07-11_16-15-31,101,good,good,good,good,good,good,good,good,good,good,good,good,good,good,good,good,good,good
a4,Allen,733124_2024-07-11_16-15-31,102,noise,mua,noise,noise,noise,noise,noise,noise,mua,noise,noise,noise,noise,noise,noise,noise,noise,noise
a4,Allen,733124_2024-07-11_16-15-31,103,mua,noise,mua,mua,mua,noise,mua,mua,mua,mua,noise,mua,mua,mua,mua,noise,mua,noise
a4,Allen,733124_2024-07-11_16-15-31,104,good,good,good,good,good,good,good,good,good,good,good,good,good,good,good,good,good,good
a4,Allen,733124_2024-07-11_16-15-31,105,good,good,good,good,good,good,good,good,good,good,good,good,good,good,good,good,good,good
a4,Allen,733124_2024-07-11_16-15-31,106,good,good,good,good,good,good,good,good,good,good,good,good,good,good,good,good,good,good
a4,Allen,733124_2024-07-11_16-15-31,107,mua,good,good,good,good,good,good,good,good,good,good,good,mua,mua,good,good,good,good
a4,Allen,733124_2024-07-11_16-15-31,109,good,good,good,good,good,good,good,good,good,good,good,good,good,good,good,good,good,good
a4,Allen,733124_2024-07-11_16-15-31,110,noise,noise,noise,noise,noise,noise,noise,noise,noise,noise,noise,noise,noise,noise,noise,noise,noise,noise
a4,Allen,733124_2024-07-11_16-15-31,111,good,good,good,mua,good,good,good,good,good,good,good,good,mua,mua,good,good,good,mua
a4,Allen,733124_2024-07-11_16-15-31,112,good,good,good,good,good,good,good,good,good,good,good,good,good,good,good,good,good,good
a4,Allen,733124_2024-07-11_16-15-31,113,good,good,good,good,good,good,good,good,good,good,good,good,good,good,good,good,good,good
a4,Allen,733124_2024-07-11_16-15-31,115,good,good,good,good,good,good,good,good,good,good,good,good,good,good,good,good,good,good
a4,Allen,733124_2024-07-11_16-15-31,116,good,good,good,good,good,good,good,good,good,good,good,good,good,good,good,good,good,good
a4,Allen,733124_2024-07-11_16-15-31,117,good,good,good,good,good,good,good,good,good,good,good,good,good,good,good,good,good,good
a4,Allen,733124_2024-07-11_16-15-31,118,noise,mua,mua,mua,mua,noise,mua,mua,mua,mua,noise,mua,mua,mua,mua,mua,mua,mua
a4,Allen,733124_2024-07-11_16-15-31,119,noise,noise,noise,noise,noise,noise,noise,noise,noise,noise,noise,noise,noise,mua,noise,noise,noise,noise
a4,Allen,733124_2024-07-11_16-15-31,120,good,good,good,good,good,mua,good,good,good,good,mua,good,good,mua,good,good,good,good
a4,Allen,733124_2024-07-11_16-15-31,121,good,good,good,good,good,good,good,good,good,good,good,good,good,good,good,good,good,good
a4,Allen,733124_2024-07-11_16-15-31,122,good,good,good,good,good,good,good,good,good,good,good,good,good,good,good,good,good,good
a4,Allen,733124_2024-07-11_16-15-31,123,good,good,good,good,good,good,good,good,good,good,good,good,good,good,good,good,good,good
a4,Allen,733124_2024-07-11_16-15-31,124,mua,mua,mua,mua,mua,mua,mua,mua,mua,mua,mua,mua,mua,mua,mua,mua,mua,mua
a4,Allen,733124_2024-07-11_16-15-31,125,good,good,good,good,good,good,good,good,good,good,good,good,good,good,good,good,good,good
a4,Allen,733124_2024-07-11_16-15-31,126,mua,mua,mua,mua,mua,mua,mua,mua,mua,mua,mua,mua,mua,mua,mua,mua,mua,mua
a4,Allen,733124_2024-07-11_16-15-31,127,good,good,good,good,good,good,good,good,good,good,good,good,mua,mua,mua,mua,mua,good
a4,Allen,733124_2024-07-11_16-15-31,128,good,good,good,good,good,good,good,good,good,good,good,good,good,good,good,good,good,good
a4,Allen,733124_2024-07-11_16-15-31,129,good,good,good,good,good,good,good,good,good,good,good,good,good,good,good,good,good,good
a4,Allen,733124_2024-07-11_16-15-31,130,good,good,good,good,good,good,good,good,good,good,good,good,good,good,good,good,good,good
a4,Allen,733124_2024-07-11_16-15-31,131,good,good,good,good,good,good,good,good,good,good,good,good,good,good,good,good,good,good
a4,Allen,733124_2024-07-11_16-15-31,132,good,good,good,good,good,good,good,good,good,good,good,good,good,mua,good,good,good,good
a4,Allen,733124_2024-07-11_16-15-31,133,good,mua,good,mua,good,mua,good,good,good,good,mua,good,good,good,good,good,good,good
a4,Allen,733124_2024-07-11_16-15-31,135,good,good,good,good,good,good,good,good,good,good,good,good,good,good,good,good,good,good
a4,Allen,733124_2024-07-11_16-15-31,136,mua,mua,mua,mua,mua,good,mua,mua,mua,mua,good,mua,mua,mua,mua,mua,mua,mua
a4,Allen,733124_2024-07-11_16-15-31,137,good,good,good,good,good,good,good,good,good,good,good,good,good,good,good,good,good,good
a4,Allen,733124_2024-07-11_16-15-31,138,good,good,good,good,good,good,good,good,good,good,good,good,good,good,good,good,good,good
a4,Allen,733124_2024-07-11_16-15-31,139,good,good,good,good,good,good,good,good,good,good,good,good,good,good,good,good,good,good
a4,Allen,733124_2024-07-11_16-15-31,140,good,good,good,good,good,good,good,good,good,good,good,good,good,good,good,good,good,good
a4,Allen,733124_2024-07-11_16-15-31,141,noise,noise,noise,noise,noise,mua,noise,noise,noise,noise,noise,noise,noise,noise,noise,noise,noise,noise
a4,Allen,733124_2024-07-11_16-15-31,142,good,good,good,good,good,good,good,good,good,good,good,good,good,good,good,good,good,good
a4,Allen,733124_2024-07-11_16-15-31,143,good,good,good,good,good,good,good,good,good,good,good,good,good,good,good,good,good,good
a4,Allen,733124_2024-07-11_16-15-31,144,good,good,good,good,good,good,good,good,good,good,good,good,good,good,good,good,good,good
a4,Allen,733124_2024-07-11_16-15-31,145,mua,mua,mua,mua,mua,mua,mua,mua,mua,mua,good,mua,mua,mua,mua,mua,mua,mua
a4,Allen,733124_2024-07-11_16-15-31,148,mua,mua,mua,mua,mua,mua,mua,mua,mua,mua,mua,mua,mua,mua,mua,mua,mua,mua
a4,Allen,733124_2024-07-11_16-15-31,149,good,good,good,good,good,good,good,good,good,good,good,good,good,good,good,good,good,good
a4,Allen,733124_2024-07-11_16-15-31,150,noise,noise,noise,noise,noise,noise,noise,noise,noise,noise,noise,noise,noise,noise,noise,noise,noise,noise
a4,Allen,733124_2024-07-11_16-15-31,151,mua,mua,mua,mua,mua,mua,mua,mua,mua,noise,mua,mua,mua,mua,mua,mua,mua,noise
a4,Allen,733124_2024-07-11_16-15-31,152,good,good,good,good,good,mua,good,good,good,good,mua,good,good,good,good,good,good,good
a4,Allen,733124_2024-07-11_16-15-31,153,good,mua,good,mua,good,mua,good,good,mua,good,mua,good,good,mua,good,good,good,good
a4,Allen,733124_2024-07-11_16-15-31,154,mua,good,good,mua,good,mua,good,mua,mua,mua,mua,mua,mua,mua,mua,mua,mua,mua
a4,Allen,733124_2024-07-11_16-15-31,155,good,good,good,good,mua,mua,mua,good,good,good,good,good,good,good,good,good,good,good
a4,Allen,733124_2024-07-11_16-15-31,156,good,mua,good,mua,good,mua,mua,mua,mua,good,mua,good,mua,mua,mua,good,mua,mua
a4,Allen,733124_2024-07-11_16-15-31,158,good,good,good,good,good,good,good,mua,good,mua,good,mua,good,mua,mua,mua,mua,mua
a4,Allen,733124_2024-07-11_16-15-31,159,noise,noise,noise,noise,noise,noise,noise,noise,noise,noise,noise,noise,noise,noise,noise,good,noise,noise
a4,Allen,733124_2024-07-11_16-15-31,160,mua,mua,mua,mua,mua,mua,mua,mua,mua,good,mua,mua,good,mua,mua,mua,mua,good
a4,Allen,733124_2024-07-11_16-15-31,161,good,good,good,mua,good,mua,good,good,mua,good,mua,good,good,mua,good,mua,good,good
a4,Allen,733124_2024-07-11_16-15-31,162,mua,noise,noise,mua,noise,mua,noise,noise,mua,noise,noise,noise,mua,mua,noise,mua,mua,mua
a4,Allen,733124_2024-07-11_16-15-31,163,good,good,good,mua,good,mua,good,good,mua,good,mua,good,good,mua,good,mua,good,good
a4,Allen,733124_2024-07-11_16-15-31,164,good,mua,mua,mua,mua,mua,mua,mua,mua,good,mua,good,mua,mua,good,mua,good,good
a4,Allen,733124_2024-07-11_16-15-31,165,good,good,good,good,good,good,good,good,good,good,good,good,good,good,good,good,good,good
a4,Allen,733124_2024-07-11_16-15-31,166,good,good,good,good,good,good,good,good,good,good,good,good,good,good,good,good,good,good
a4,Allen,733124_2024-07-11_16-15-31,167,good,good,good,good,good,good,good,good,good,good,good,good,good,good,good,good,good,good
a4,Allen,733124_2024-07-11_16-15-31,168,good,good,good,good,good,good,good,good,good,good,mua,good,good,mua,good,good,good,good
a4,Allen,733124_2024-07-11_16-15-31,169,mua,good,good,good,good,good,good,good,good,good,good,good,good,good,good,good,good,good
a4,Allen,733124_2024-07-11_16-15-31,170,good,good,good,good,good,good,good,good,good,good,good,good,good,good,good,good,good,good
a4,Allen,733124_2024-07-11_16-15-31,171,good,good,good,good,good,good,good,good,good,good,good,good,good,good,good,good,good,good
a4,Allen,733124_2024-07-11_16-15-31,173,good,good,good,good,good,good,good,good,good,good,good,good,good,good,good,good,good,good
a4,Allen,733124_2024-07-11_16-15-31,175,good,good,good,good,good,good,good,good,good,good,good,good,good,good,good,good,good,good
a4,Allen,733124_2024-07-11_16-15-31,177,mua,good,good,good,good,good,good,good,good,good,good,good,good,good,good,mua,good,good
a4,Allen,733124_2024-07-11_16-15-31,179,mua,mua,mua,mua,mua,good,mua,mua,mua,mua,good,mua,mua,mua,mua,mua,mua,mua
a4,Allen,733124_2024-07-11_16-15-31,180,mua,mua,mua,mua,mua,mua,mua,mua,mua,mua,good,mua,mua,mua,mua,mua,mua,mua
a4,Allen,733124_2024-07-11_16-15-31,181,good,good,good,good,good,good,good,good,good,good,good,good,good,good,good,good,good,good
a4,Allen,733124_2024-07-11_16-15-31,182,good,good,good,good,good,good,good,good,good,good,good,good,good,good,good,good,good,good
a4,Allen,733124_2024-07-11_16-15-31,183,mua,mua,mua,mua,mua,mua,mua,mua,mua,mua,mua,mua,mua,mua,mua,mua,mua,mua
a4,Allen,733124_2024-07-11_16-15-31,184,good,good,good,good,good,good,good,good,good,good,good,good,good,good,good,good,good,good
a4,Allen,733124_2024-07-11_16-15-31,185,good,good,good,good,good,good,good,good,good,good,good,good,good,good,good,good,good,good
a4,Allen,733124_2024-07-11_16-15-31,186,good,good,good,good,good,good,good,good,good,good,good,good,good,good,good,good,good,good
a4,Allen,733124_2024-07-11_16-15-31,188,mua,mua,mua,mua,mua,mua,mua,mua,mua,mua,mua,mua,mua,mua,mua,mua,mua,mua
a4,Allen,733124_2024-07-11_16-15-31,189,mua,noise,noise,mua,noise,mua,mua,noise,mua,mua,mua,mua,mua,mua,noise,mua,mua,noise
a4,Allen,733124_2024-07-11_16-15-31,190,mua,mua,mua,mua,mua,mua,mua,mua,mua,mua,mua,mua,mua,mua,mua,mua,mua,mua
a4,Allen,733124_2024-07-11_16-15-31,191,mua,mua,mua,mua,mua,good,mua,mua,mua,mua,noise,mua,mua,mua,mua,mua,mua,noise
a4,Allen,733124_2024-07-11_16-15-31,193,mua,good,good,good,good,good,good,good,good,good,good,good,good,good,good,good,good,good
a4,Allen,733124_2024-07-11_16-15-31,194,mua,mua,mua,mua,mua,mua,mua,mua,mua,mua,mua,mua,mua,mua,mua,noise,noise,noise
a4,Allen,733124_2024-07-11_16-15-31,195,noise,noise,noise,noise,noise,noise,noise,noise,noise,noise,noise,noise,noise,noise,noise,noise,noise,noise
a4,Allen,733124_2024-07-11_16-15-31,196,good,good,good,good,good,good,good,good,good,good,good,good,good,good,good,good,good,good
a4,Allen,733124_2024-07-11_16-15-31,197,mua,mua,mua,mua,mua,mua,mua,mua,mua,mua,mua,mua,mua,mua,mua,mua,mua,mua
a4,Allen,733124_2024-07-11_16-15-31,199,mua,mua,mua,mua,mua,mua,mua,mua,mua,mua,mua,mua,noise,noise,mua,noise,mua,noise
a4,Allen,733124_2024-07-11_16-15-31,200,mua,mua,mua,mua,good,good,good,mua,mua,good,good,good,mua,mua,mua,good,mua,mua
a4,Allen,733124_2024-07-11_16-15-31,201,noise,noise,noise,noise,noise,noise,noise,noise,noise,noise,noise,noise,noise,noise,noise,noise,noise,noise
a4,Allen,733124_2024-07-11_16-15-31,202,noise,mua,mua,noise,noise,noise,noise,mua,mua,noise,noise,noise,mua,noise,noise,noise,noise,noise
a4,Allen,733124_2024-07-11_16-15-31,203,mua,mua,mua,mua,mua,mua,mua,mua,mua,mua,mua,mua,mua,mua,mua,mua,mua,mua
a4,Allen,733124_2024-07-11_16-15-31,204,good,good,good,good,good,good,good,good,good,good,good,good,good,good,good,good,good,good
a4,Allen,733124_2024-07-11_16-15-31,205,mua,good,good,good,good,good,good,good,good,good,good,good,good,good,good,good,good,good
a4,Allen,733124_2024-07-11_16-15-31,206,good,good,good,good,good,good,good,good,good,good,good,good,good,good,good,good,good,good
a4,Allen,733124_2024-07-11_16-15-31,207,good,good,good,good,good,good,good,good,good,good,good,good,good,good,good,good,good,good
a4,Allen,733124_2024-07-11_16-15-31,209,good,good,good,good,good,good,good,good,good,good,good,good,good,good,good,good,good,good
a4,Allen,733124_2024-07-11_16-15-31,210,mua,noise,noise,noise,noise,noise,noise,noise,noise,noise,noise,noise,noise,noise,noise,noise,noise,noise
a4,Allen,733124_2024-07-11_16-15-31,211,good,good,good,good,good,good,good,good,good,good,good,good,good,good,good,good,good,good
a4,Allen,733124_2024-07-11_16-15-31,212,good,good,good,good,good,good,good,good,good,good,good,good,good,good,good,good,good,good
a4,Allen,733124_2024-07-11_16-15-31,213,good,good,good,good,good,good,good,good,good,good,good,good,good,good,good,good,good,good
a4,Allen,733124_2024-07-11_16-15-31,214,good,good,good,good,good,good,good,good,good,good,good,good,good,good,good,good,good,good
a4,Allen,733124_2024-07-11_16-15-31,215,good,good,good,good,good,good,good,good,good,good,good,good,good,good,good,good,good,good
a4,Allen,733124_2024-07-11_16-15-31,217,noise,noise,noise,noise,noise,noise,noise,noise,noise,noise,noise,noise,noise,noise,noise,noise,noise,noise
a4,Allen,733124_2024-07-11_16-15-31,218,mua,good,good,good,good,good,good,good,good,good,good,good,good,good,good,good,good,good
a4,Allen,733124_2024-07-11_16-15-31,219,mua,mua,mua,mua,mua,mua,mua,mua,mua,mua,mua,mua,mua,mua,mua,mua,mua,mua
a4,Allen,733124_2024-07-11_16-15-31,220,good,good,good,good,good,good,good,good,good,good,good,good,good,good,good,good,good,good
a4,Allen,733124_2024-07-11_16-15-31,221,good,good,good,good,good,good,good,good,good,good,good,good,good,good,good,good,good,good
a4,Allen,733124_2024-07-11_16-15-31,223,good,mua,good,good,good,good,good,good,good,good,good,good,good,good,good,good,good,good
a4,Allen,733124_2024-07-11_16-15-31,224,good,good,good,good,good,good,good,good,good,good,good,good,good,good,good,good,good,good
a4,Allen,733124_2024-07-11_16-15-31,226,good,good,good,good,good,good,good,good,good,good,good,good,good,good,good,good,good,good
a4,Allen,733124_2024-07-11_16-15-31,227,good,good,good,good,good,good,good,good,good,good,good,good,good,good,good,good,good,good
a4,Allen,733124_2024-07-11_16-15-31,228,noise,noise,noise,mua,noise,noise,noise,noise,noise,noise,noise,noise,noise,noise,noise,noise,noise,noise
a4,Allen,733124_2024-07-11_16-15-31,229,good,good,good,good,good,good,good,good,good,good,good,good,good,good,good,good,good,good
a4,Allen,733124_2024-07-11_16-15-31,230,mua,mua,mua,mua,mua,mua,mua,mua,mua,mua,mua,mua,mua,mua,mua,mua,mua,mua
a4,Allen,733124_2024-07-11_16-15-31,231,good,good,good,good,good,good,good,good,good,good,good,good,good,good,good,good,good,good
a4,Allen,733124_2024-07-11_16-15-31,232,good,good,good,good,good,good,good,good,good,good,good,good,good,good,good,good,good,good
a4,Allen,733124_2024-07-11_16-15-31,233,good,good,good,good,good,good,good,good,good,good,good,good,good,good,good,good,good,good
a4,Allen,733124_2024-07-11_16-15-31,235,mua,noise,noise,mua,noise,noise,noise,noise,noise,noise,mua,noise,noise,noise,noise,noise,noise,noise
a4,Allen,733124_2024-07-11_16-15-31,236,good,good,good,good,good,good,good,good,good,good,good,good,good,good,good,good,good,good
a4,Allen,733124_2024-07-11_16-15-31,237,good,good,good,good,good,good,good,good,good,good,good,good,good,mua,good,mua,good,good
a4,Allen,733124_2024-07-11_16-15-31,239,good,good,good,good,good,good,good,good,good,good,good,good,good,good,good,good,good,good
a4,Allen,733124_2024-07-11_16-15-31,240,mua,mua,mua,mua,mua,mua,mua,mua,mua,mua,mua,mua,mua,mua,mua,mua,mua,mua
a4,Allen,733124_2024-07-11_16-15-31,242,noise,noise,noise,mua,noise,noise,noise,noise,noise,noise,noise,noise,noise,noise,noise,noise,noise,noise
a4,Allen,733124_2024-07-11_16-15-31,243,good,good,good,good,good,good,good,good,good,good,good,good,good,good,good,good,good,good
a4,Allen,733124_2024-07-11_16-15-31,245,mua,mua,mua,mua,mua,mua,mua,mua,mua,mua,mua,mua,mua,mua,mua,mua,mua,mua
a4,Allen,733124_2024-07-11_16-15-31,246,good,good,good,good,good,good,good,good,good,good,good,good,good,good,good,good,good,good
a4,Allen,733124_2024-07-11_16-15-31,247,mua,good,good,good,good,good,good,good,good,good,good,good,good,good,good,good,good,good
a4,Allen,733124_2024-07-11_16-15-31,248,mua,good,good,good,good,good,good,good,good,good,good,good,good,good,good,good,good,good
a4,Allen,733124_2024-07-11_16-15-31,250,good,mua,mua,mua,mua,good,mua,mua,mua,mua,good,mua,mua,mua,mua,mua,mua,mua
a4,Allen,733124_2024-07-11_16-15-31,251,mua,mua,mua,mua,mua,mua,mua,mua,mua,mua,mua,mua,mua,mua,mua,mua,mua,mua
a4,Allen,733124_2024-07-11_16-15-31,252,mua,noise,noise,mua,noise,noise,noise,noise,mua,noise,noise,noise,noise,mua,noise,noise,noise,noise
a4,Allen,733124_2024-07-11_16-15-31,255,noise,noise,good,noise,noise,noise,noise,good,good,good,noise,good,noise,mua,noise,noise,noise,noise
a4,Allen,733124_2024-07-11_16-15-31,256,good,good,good,good,good,good,good,good,good,good,good,good,mua,mua,good,mua,good,good
a4,Allen,733124_2024-07-11_16-15-31,257,mua,mua,mua,mua,mua,mua,mua,mua,mua,mua,mua,mua,mua,mua,mua,mua,mua,mua
a4,Allen,733124_2024-07-11_16-15-31,258,good,good,good,good,good,good,good,good,good,good,good,good,good,good,good,good,good,good
a4,Allen,733124_2024-07-11_16-15-31,259,good,mua,mua,mua,mua,mua,mua,mua,mua,mua,mua,mua,mua,mua,mua,mua,mua,mua
a4,Allen,733124_2024-07-11_16-15-31,260,mua,mua,mua,mua,mua,mua,mua,mua,mua,mua,mua,mua,mua,noise,mua,noise,mua,mua
a4,Allen,733124_2024-07-11_16-15-31,261,good,good,good,good,good,good,good,good,good,good,good,good,good,good,good,good,good,good
a4,Allen,733124_2024-07-11_16-15-31,263,good,mua,mua,mua,good,good,good,good,good,good,good,good,mua,mua,mua,mua,mua,mua
a4,Allen,733124_2024-07-11_16-15-31,264,good,good,good,good,good,good,good,good,good,good,good,good,good,good,good,good,good,good
a4,Allen,733124_2024-07-11_16-15-31,265,good,good,good,good,good,good,good,good,good,good,good,good,good,good,good,good,good,good
a1,Allen,743916_2024-09-12_17-14-32,2,good,good,good,good,good,good,good,good,good,good,good,good,good,good,good,good,good,good
a1,Allen,743916_2024-09-12_17-14-32,3,good,good,good,good,good,good,good,good,good,good,good,good,good,good,good,good,good,good
a1,Allen,743916_2024-09-12_17-14-32,4,good,good,good,good,good,good,good,good,good,good,good,good,good,good,good,good,good,good
a1,Allen,743916_2024-09-12_17-14-32,5,good,good,good,good,good,good,good,good,good,good,good,good,good,good,good,good,good,good
a1,Allen,743916_2024-09-12_17-14-32,6,good,good,good,good,good,good,good,good,good,good,good,good,good,good,good,good,good,good
a1,Allen,743916_2024-09-12_17-14-32,7,good,good,good,good,good,good,good,good,good,good,good,good,good,good,good,good,good,good
a1,Allen,743916_2024-09-12_17-14-32,8,good,good,good,good,good,good,good,good,good,good,good,good,good,good,good,good,good,good
a1,Allen,743916_2024-09-12_17-14-32,9,good,good,good,good,good,good,good,good,good,good,good,good,good,good,good,good,good,good
a1,Allen,743916_2024-09-12_17-14-32,10,noise,noise,noise,noise,noise,noise,noise,noise,noise,noise,noise,noise,noise,noise,noise,noise,noise,noise
a1,Allen,743916_2024-09-12_17-14-32,11,good,good,good,good,good,good,good,good,good,good,good,good,good,good,good,good,good,good
a1,Allen,743916_2024-09-12_17-14-32,14,good,good,good,good,good,good,good,good,good,good,good,good,good,good,good,good,good,good
a1,Allen,743916_2024-09-12_17-14-32,15,good,good,good,good,good,good,good,good,good,good,good,good,good,good,good,good,good,good
a1,Allen,743916_2024-09-12_17-14-32,16,noise,noise,noise,mua,mua,mua,mua,noise,mua,mua,noise,mua,noise,mua,mua,mua,mua,noise
a1,Allen,743916_2024-09-12_17-14-32,17,good,good,good,good,good,good,good,good,good,good,good,good,good,good,good,good,good,good
a1,Allen,743916_2024-09-12_17-14-32,19,good,good,good,good,good,good,good,good,good,good,good,good,good,good,good,good,good,good
a1,Allen,743916_2024-09-12_17-14-32,20,good,good,good,good,good,good,good,good,good,good,good,good,good,good,good,good,good,good
a1,Allen,743916_2024-09-12_17-14-32,21,good,good,good,good,good,good,good,good,good,good,good,good,good,good,good,good,good,good
a1,Allen,743916_2024-09-12_17-14-32,23,good,good,good,good,good,good,good,good,good,good,good,good,good,good,good,good,good,good
a1,Allen,743916_2024-09-12_17-14-32,24,good,good,good,good,good,good,good,good,good,good,good,good,good,good,good,good,good,good
a1,Allen,743916_2024-09-12_17-14-32,25,good,good,good,good,good,good,good,good,good,good,good,good,good,good,good,good,good,good
a1,Allen,743916_2024-09-12_17-14-32,27,good,good,good,good,good,good,good,good,good,good,good,good,good,good,good,good,good,good
a1,Allen,743916_2024-09-12_17-14-32,28,good,good,good,good,good,good,good,good,good,good,good,good,good,good,good,good,good,good
a1,Allen,743916_2024-09-12_17-14-32,29,good,good,good,good,good,good,good,good,good,good,good,good,good,good,good,good,good,good
a1,Allen,743916_2024-09-12_17-14-32,30,good,good,good,good,good,good,good,good,good,good,good,good,good,good,good,good,good,good
a1,Allen,743916_2024-09-12_17-14-32,31,good,good,good,good,good,good,good,good,good,good,good,good,good,good,good,good,good,good
a1,Allen,743916_2024-09-12_17-14-32,32,good,good,good,good,good,good,good,good,good,good,good,good,good,good,good,good,good,good
a1,Allen,743916_2024-09-12_17-14-32,33,good,good,good,good,good,good,good,good,good,good,good,good,good,good,good,good,good,good
a1,Allen,743916_2024-09-12_17-14-32,34,good,good,good,good,good,good,good,good,good,good,good,good,good,good,good,good,good,good
a1,Allen,743916_2024-09-12_17-14-32,35,good,good,good,good,good,good,good,good,good,good,good,good,good,good,good,good,good,good
a1,Allen,743916_2024-09-12_17-14-32,36,good,good,good,good,good,good,good,good,good,good,good,good,good,good,good,good,good,good
a1,Allen,743916_2024-09-12_17-14-32,37,good,good,good,mua,good,good,good,good,good,good,good,good,good,good,good,good,good,good
a1,Allen,743916_2024-09-12_17-14-32,38,good,good,good,good,good,good,good,good,good,good,good,good,good,good,good,good,good,good
a1,Allen,743916_2024-09-12_17-14-32,39,good,good,good,good,good,good,good,good,good,good,good,good,good,good,good,good,good,good
a1,Allen,743916_2024-09-12_17-14-32,40,good,good,good,good,good,good,good,good,good,good,good,good,good,good,good,good,good,good
a1,Allen,743916_2024-09-12_17-14-32,41,good,good,good,good,good,good,good,good,good,good,good,good,good,good,good,good,good,good
a1,Allen,743916_2024-09-12_17-14-32,42,mua,noise,mua,mua,noise,mua,noise,mua,mua,mua,mua,mua,mua,mua,mua,mua,mua,mua
a1,Allen,743916_2024-09-12_17-14-32,44,noise,mua,mua,mua,noise,good,noise,mua,mua,noise,mua,noise,mua,mua,noise,mua,noise,noise
a1,Allen,743916_2024-09-12_17-14-32,45,noise,noise,noise,noise,noise,noise,noise,noise,noise,noise,noise,noise,noise,noise,noise,noise,noise,noise
a1,Allen,743916_2024-09-12_17-14-32,47,good,good,good,good,good,good,good,good,good,good,good,good,good,good,good,good,good,good
a1,Allen,743916_2024-09-12_17-14-32,48,good,good,good,good,good,good,good,good,good,good,good,good,good,good,good,good,good,good
a1,Allen,743916_2024-09-12_17-14-32,49,good,good,good,good,good,good,good,good,good,good,good,good,good,good,good,good,good,good
a1,Allen,743916_2024-09-12_17-14-32,50,good,good,good,good,good,good,good,good,good,good,good,good,good,good,good,good,good,good
a1,Allen,743916_2024-09-12_17-14-32,51,good,good,good,good,good,good,good,good,good,good,good,good,good,good,good,good,good,good
a1,Allen,743916_2024-09-12_17-14-32,52,good,good,good,good,good,good,good,good,good,good,good,good,good,good,good,good,good,good
a1,Allen,743916_2024-09-12_17-14-32,53,noise,noise,noise,noise,noise,noise,noise,noise,noise,noise,noise,noise,noise,mua,noise,noise,noise,noise
a1,Allen,743916_2024-09-12_17-14-32,54,noise,noise,noise,noise,noise,noise,noise,noise,noise,noise,noise,noise,noise,noise,noise,noise,noise,noise
a1,Allen,743916_2024-09-12_17-14-32,55,noise,noise,noise,noise,noise,noise,noise,noise,noise,noise,noise,noise,mua,mua,noise,mua,mua,mua
a1,Allen,743916_2024-09-12_17-14-32,56,noise,noise,noise,noise,noise,noise,noise,noise,noise,noise,noise,noise,noise,noise,noise,noise,noise,noise
a1,Allen,743916_2024-09-12_17-14-32,57,good,good,good,good,good,good,good,good,good,good,good,good,good,good,good,good,good,good
a1,Allen,743916_2024-09-12_17-14-32,58,good,good,good,good,good,good,good,good,good,good,good,good,good,good,good,good,good,good
a1,Allen,743916_2024-09-12_17-14-32,59,good,good,good,good,good,good,good,good,good,good,good,good,good,good,good,good,good,good
a1,Allen,743916_2024-09-12_17-14-32,60,mua,mua,mua,mua,mua,mua,mua,mua,mua,mua,mua,mua,mua,mua,mua,mua,mua,mua
a1,Allen,743916_2024-09-12_17-14-32,61,good,mua,mua,good,good,good,good,mua,good,good,good,good,good,good,good,good,good,good
a1,Allen,743916_2024-09-12_17-14-32,62,good,good,good,good,good,good,good,good,good,good,good,good,good,good,good,good,good,good
a1,Allen,743916_2024-09-12_17-14-32,63,good,good,good,good,good,good,good,good,good,good,good,good,good,good,good,good,good,good
a1,Allen,743916_2024-09-12_17-14-32,64,noise,noise,noise,noise,noise,noise,noise,noise,mua,mua,noise,mua,mua,mua,mua,mua,mua,noise
a1,Allen,743916_2024-09-12_17-14-32,65,good,good,good,good,good,good,good,good,good,good,good,good,good,good,good,good,good,good
a1,Allen,743916_2024-09-12_17-14-32,66,mua,mua,mua,mua,mua,mua,mua,mua,mua,mua,mua,mua,mua,mua,mua,mua,mua,mua
a1,Allen,743916_2024-09-12_17-14-32,67,good,good,good,good,good,good,good,good,good,good,good,good,good,good,good,good,good,good
a1,Allen,743916_2024-09-12_17-14-32,70,mua,mua,mua,mua,mua,mua,mua,mua,mua,mua,mua,mua,mua,mua,mua,mua,mua,mua
a1,Allen,743916_2024-09-12_17-14-32,71,good,good,good,good,good,good,good,good,good,good,good,good,good,good,good,good,good,good
a1,Allen,743916_2024-09-12_17-14-32,72,good,mua,mua,mua,mua,mua,mua,good,good,mua,good,mua,mua,good,mua,good,good,good
a1,Allen,743916_2024-09-12_17-14-32,73,good,good,good,mua,good,mua,good,good,mua,good,mua,good,mua,mua,mua,mua,mua,mua
a1,Allen,743916_2024-09-12_17-14-32,75,good,good,good,good,good,good,good,good,good,good,good,good,good,good,good,good,good,good
a1,Allen,743916_2024-09-12_17-14-32,76,mua,good,good,mua,mua,mua,mua,mua,mua,mua,mua,mua,mua,mua,mua,good,good,good
a1,Allen,743916_2024-09-12_17-14-32,77,good,good,good,good,good,good,good,good,good,good,good,good,good,good,good,good,good,good
a1,Allen,743916_2024-09-12_17-14-32,79,good,good,good,good,good,good,good,good,good,good,good,good,good,good,good,good,good,good
a1,Allen,743916_2024-09-12_17-14-32,80,good,good,good,mua,good,good,good,good,good,good,good,good,good,good,good,good,good,good
a1,Allen,743916_2024-09-12_17-14-32,81,mua,mua,mua,mua,mua,mua,mua,mua,mua,mua,good,mua,good,mua,good,good,good,good
a1,Allen,743916_2024-09-12_17-14-32,83,good,good,good,good,good,good,good,good,good,good,good,good,good,good,good,good,good,good
a1,Allen,743916_2024-09-12_17-14-32,84,mua,mua,mua,mua,mua,mua,mua,mua,mua,mua,mua,mua,mua,mua,mua,mua,mua,mua
a1,Allen,743916_2024-09-12_17-14-32,86,good,good,good,good,good,good,good,good,good,good,good,good,good,good,good,good,good,good
a1,Allen,743916_2024-09-12_17-14-32,87,good,good,good,good,good,good,good,good,good,good,good,good,good,good,good,good,good,good
a1,Allen,743916_2024-09-12_17-14-32,88,good,good,good,good,good,good,good,good,good,good,good,good,good,good,good,good,good,good
a1,Allen,743916_2024-09-12_17-14-32,89,good,good,good,good,good,good,good,good,good,good,good,good,good,good,good,good,good,good
a1,Allen,743916_2024-09-12_17-14-32,90,good,good,good,good,good,good,good,good,good,good,good,good,good,good,good,good,good,good
a1,Allen,743916_2024-09-12_17-14-32,91,good,good,good,good,good,good,good,good,good,good,good,good,good,good,good,good,good,good
a1,Allen,743916_2024-09-12_17-14-32,93,good,good,good,good,good,good,good,good,good,good,good,good,good,good,good,good,good,good
a1,Allen,743916_2024-09-12_17-14-32,94,good,good,good,good,good,good,good,good,good,good,good,good,good,good,good,mua,good,good
a1,Allen,743916_2024-09-12_17-14-32,95,good,good,good,good,good,good,good,good,good,good,good,good,good,good,good,good,good,good
a1,Allen,743916_2024-09-12_17-14-32,96,mua,noise,noise,mua,noise,mua,mua,mua,mua,mua,mua,mua,mua,mua,noise,mua,mua,mua
a1,Allen,743916_2024-09-12_17-14-32,97,good,good,good,good,good,good,good,good,good,good,good,good,good,good,good,good,good,good
a1,Allen,743916_2024-09-12_17-14-32,98,good,good,good,good,good,good,good,good,good,good,good,good,good,good,good,good,good,good
a1,Allen,743916_2024-09-12_17-14-32,99,good,good,good,good,good,good,good,good,good,good,good,good,good,good,good,good,good,good
a1,Allen,743916_2024-09-12_17-14-32,100,good,good,good,mua,good,mua,good,good,mua,good,mua,good,good,mua,good,good,good,good
a1,Allen,743916_2024-09-12_17-14-32,101,good,good,good,good,good,good,good,good,good,good,good,good,good,good,good,good,good,good
a1,Allen,743916_2024-09-12_17-14-32,102,good,good,good,good,good,good,good,good,good,good,good,good,good,good,good,good,good,good
a1,Allen,743916_2024-09-12_17-14-32,103,good,good,good,good,good,good,good,good,good,good,good,good,good,good,good,good,good,good
a1,Allen,743916_2024-09-12_17-14-32,104,mua,mua,mua,mua,good,mua,good,good,mua,good,good,good,good,mua,good,good,good,good
a1,Allen,743916_2024-09-12_17-14-32,107,good,good,good,good,good,good,good,good,good,good,good,good,good,good,good,good,good,good
a1,Allen,743916_2024-09-12_17-14-32,108,good,good,good,good,good,good,good,good,good,good,good,good,good,good,good,good,good,good
a1,Allen,743916_2024-09-12_17-14-32,109,mua,noise,noise,noise,noise,noise,noise,noise,noise,noise,noise,noise,noise,mua,noise,noise,noise,noise
a1,Allen,743916_2024-09-12_17-14-32,111,good,good,good,good,good,good,good,good,good,good,good,good,good,mua,good,good,good,good
a1,Allen,743916_2024-09-12_17-14-32,112,mua,mua,mua,mua,mua,mua,mua,mua,mua,mua,mua,mua,mua,mua,mua,mua,mua,mua
a1,Allen,743916_2024-09-12_17-14-32,113,good,good,good,mua,good,mua,good,good,good,good,mua,good,good,good,good,mua,good,good
a1,Allen,743916_2024-09-12_17-14-32,114,good,good,good,good,good,good,good,good,good,good,good,good,good,good,good,good,good,good
a1,Allen,743916_2024-09-12_17-14-32,115,mua,mua,mua,mua,mua,mua,mua,mua,mua,mua,mua,mua,mua,mua,mua,mua,mua,mua
a1,Allen,743916_2024-09-12_17-14-32,116,good,good,good,mua,good,good,good,good,good,good,good,good,good,good,good,good,good,good
a1,Allen,743916_2024-09-12_17-14-32,117,mua,mua,mua,mua,mua,mua,mua,mua,mua,mua,mua,mua,mua,mua,mua,mua,mua,mua
a1,Allen,743916_2024-09-12_17-14-32,118,good,noise,good,good,noise,mua,noise,good,good,good,good,good,good,good,good,good,good,good
a1,Allen,743916_2024-09-12_17-14-32,119,mua,noise,noise,noise,noise,noise,noise,noise,noise,noise,noise,noise,noise,noise,noise,noise,noise,noise
a1,Allen,743916_2024-09-12_17-14-32,120,good,good,mua,mua,good,mua,good,good,mua,good,mua,good,good,good,good,good,good,good
a1,Allen,743916_2024-09-12_17-14-32,121,good,good,good,good,good,good,good,good,good,good,good,good,good,good,good,good,good,good
a1,Allen,743916_2024-09-12_17-14-32,122,mua,mua,mua,mua,mua,mua,mua,mua,mua,mua,mua,mua,mua,mua,mua,mua,mua,mua
a1,Allen,743916_2024-09-12_17-14-32,123,good,good,good,good,good,good,good,good,good,good,good,good,good,good,good,good,good,good
a1,Allen,743916_2024-09-12_17-14-32,124,mua,mua,mua,mua,mua,mua,mua,mua,mua,mua,mua,mua,mua,mua,mua,mua,mua,mua
a1,Allen,743916_2024-09-12_17-14-32,125,good,good,good,good,good,good,good,good,good,good,good,good,good,good,good,good,good,good
a1,Allen,743916_2024-09-12_17-14-32,126,noise,mua,mua,mua,mua,mua,mua,mua,mua,mua,mua,mua,mua,mua,mua,mua,mua,mua
a1,Allen,743916_2024-09-12_17-14-32,127,good,good,good,good,good,good,good,good,good,good,good,good,good,good,good,good,good,good
a1,Allen,743916_2024-09-12_17-14-32,128,noise,mua,mua,mua,mua,noise,mua,mua,mua,mua,noise,mua,noise,noise,noise,noise,noise,noise
a1,Allen,743916_2024-09-12_17-14-32,129,good,good,good,good,good,good,good,good,good,good,good,good,good,good,good,good,good,good
a1,Allen,743916_2024-09-12_17-14-32,130,noise,mua,mua,mua,mua,mua,mua,mua,mua,noise,mua,noise,mua,mua,mua,mua,mua,good
a1,Allen,743916_2024-09-12_17-14-32,133,good,mua,mua,mua,mua,mua,mua,mua,mua,mua,mua,mua,mua,mua,mua,mua,mua,mua
a1,Allen,743916_2024-09-12_17-14-32,134,good,good,good,good,good,good,good,good,good,good,good,good,good,good,good,good,good,good
a1,Allen,743916_2024-09-12_17-14-32,135,good,good,good,good,good,good,good,good,good,good,good,good,good,good,good,good,good,good
a1,Allen,743916_2024-09-12_17-14-32,136,good,mua,mua,good,good,good,good,mua,good,good,good,good,mua,good,good,good,good,good
a1,Allen,743916_2024-09-12_17-14-32,137,good,good,good,good,good,good,good,good,good,good,good,good,good,good,good,good,good,good
a1,Allen,743916_2024-09-12_17-14-32,138,good,good,good,good,good,good,good,good,good,good,good,good,good,good,good,good,good,good
a1,Allen,743916_2024-09-12_17-14-32,139,good,good,good,good,good,good,good,good,good,good,good,good,good,good,good,good,good,good
a1,Allen,743916_2024-09-12_17-14-32,140,mua,mua,mua,mua,mua,mua,mua,mua,mua,mua,mua,mua,mua,mua,mua,mua,mua,mua
a1,Allen,743916_2024-09-12_17-14-32,141,mua,good,good,good,good,good,good,good,good,good,good,good,mua,mua,good,good,good,mua
a1,Allen,743916_2024-09-12_17-14-32,142,good,good,good,good,good,good,good,good,good,good,good,good,good,good,good,good,good,good
a1,Allen,743916_2024-09-12_17-14-32,143,mua,good,good,good,good,good,good,good,good,mua,good,mua,mua,mua,mua,mua,mua,mua
a1,Allen,743916_2024-09-12_17-14-32,144,good,good,good,good,good,good,good,good,good,good,good,good,good,good,good,good,good,good
a1,Allen,743916_2024-09-12_17-14-32,145,good,good,good,good,good,good,good,good,good,good,good,good,good,good,good,good,good,good
a1,Allen,743916_2024-09-12_17-14-32,146,good,good,good,good,good,good,good,good,good,good,good,good,good,good,good,good,good,good
a1,Allen,743916_2024-09-12_17-14-32,147,mua,noise,noise,noise,noise,noise,noise,noise,noise,noise,noise,noise,noise,noise,noise,noise,noise,noise
a1,Allen,743916_2024-09-12_17-14-32,148,mua,noise,noise,mua,noise,mua,noise,noise,mua,noise,mua,noise,noise,mua,noise,noise,noise,noise
a1,Allen,743916_2024-09-12_17-14-32,149,mua,noise,noise,noise,noise,noise,noise,noise,mua,noise,noise,noise,mua,mua,noise,noise,noise,mua
a1,Allen,743916_2024-09-12_17-14-32,150,good,good,good,good,good,good,good,good,good,good,good,good,good,good,good,good,good,good
a1,Allen,743916_2024-09-12_17-14-32,152,mua,noise,noise,noise,noise,noise,noise,noise,mua,noise,noise,noise,mua,mua,noise,noise,noise,mua
a1,Allen,743916_2024-09-12_17-14-32,153,mua,noise,mua,mua,mua,good,mua,mua,mua,mua,good,mua,mua,mua,noise,noise,noise,mua
a1,Allen,743916_2024-09-12_17-14-32,154,mua,mua,mua,mua,mua,mua,mua,mua,mua,mua,mua,mua,mua,mua,mua,mua,mua,mua
a1,Allen,743916_2024-09-12_17-14-32,155,good,good,good,good,good,good,good,good,good,good,good,good,good,good,good,good,good,good
a1,Allen,743916_2024-09-12_17-14-32,156,good,good,good,good,good,good,good,good,good,good,good,good,good,good,good,good,good,good
a1,Allen,743916_2024-09-12_17-14-32,157,mua,mua,mua,mua,mua,mua,mua,mua,mua,mua,mua,mua,mua,mua,mua,mua,mua,mua
a1,Allen,743916_2024-09-12_17-14-32,158,mua,noise,noise,mua,mua,mua,mua,mua,mua,mua,mua,mua,mua,mua,mua,mua,mua,mua
a1,Allen,743916_2024-09-12_17-14-32,159,noise,noise,noise,noise,noise,noise,noise,noise,noise,noise,noise,noise,mua,mua,noise,mua,noise,mua
a1,Allen,743916_2024-09-12_17-14-32,160,mua,mua,mua,mua,mua,good,mua,mua,mua,good,good,good,mua,mua,mua,good,mua,good
a1,Allen,743916_2024-09-12_17-14-32,161,good,good,good,mua,good,good,good,good,good,good,good,good,good,good,good,good,good,good
a1,Allen,743916_2024-09-12_17-14-32,162,good,good,good,good,good,good,good,good,good,good,good,good,good,good,good,good,good,good
a1,Allen,743916_2024-09-12_17-14-32,163,noise,noise,noise,noise,noise,noise,noise,noise,noise,noise,noise,noise,noise,noise,noise,noise,noise,noise
a1,Allen,743916_2024-09-12_17-14-32,164,good,good,good,good,good,good,good,good,good,good,good,good,good,good,good,good,good,good
a1,Allen,743916_2024-09-12_17-14-32,165,good,good,good,good,good,good,good,good,good,good,good,good,good,good,good,good,good,good
a1,Allen,743916_2024-09-12_17-14-32,166,good,good,good,good,good,good,good,good,good,good,good,good,good,good,good,good,good,good
a1,Allen,743916_2024-09-12_17-14-32,167,good,mua,mua,good,good,good,good,mua,good,good,good,good,good,mua,good,good,good,good
a1,Allen,743916_2024-09-12_17-14-32,168,good,good,good,good,good,good,good,good,good,good,good,good,good,good,good,good,good,good
a1,Allen,743916_2024-09-12_17-14-32,169,good,good,good,mua,good,mua,good,good,mua,good,good,good,good,good,good,good,good,good
a1,Allen,743916_2024-09-12_17-14-32,171,good,good,good,good,good,good,good,good,good,good,good,good,good,good,good,good,good,good
a1,Allen,743916_2024-09-12_17-14-32,173,good,good,good,good,good,good,good,good,good,good,good,good,good,good,good,good,good,good
a1,Allen,743916_2024-09-12_17-14-32,174,mua,mua,mua,mua,mua,mua,mua,mua,mua,mua,mua,mua,mua,mua,mua,mua,mua,mua
a1,Allen,743916_2024-09-12_17-14-32,175,good,good,good,good,good,good,good,good,good,good,good,good,good,good,good,good,good,good
a1,Allen,743916_2024-09-12_17-14-32,176,mua,noise,noise,noise,noise,noise,noise,noise,mua,noise,noise,noise,noise,mua,noise,mua,noise,noise
a1,Allen,743916_2024-09-12_17-14-32,177,good,good,good,good,good,good,good,good,good,good,good,good,good,good,good,good,good,good
a1,Allen,743916_2024-09-12_17-14-32,178,mua,mua,mua,mua,good,good,good,mua,mua,mua,good,mua,mua,mua,mua,mua,mua,mua
a1,Allen,743916_2024-09-12_17-14-32,179,good,good,good,good,good,good,good,good,good,good,good,good,good,good,good,good,good,good
a1,Allen,743916_2024-09-12_17-14-32,180,mua,mua,mua,mua,good,good,good,mua,mua,good,good,good,mua,mua,mua,mua,mua,mua
a1,Allen,743916_2024-09-12_17-14-32,181,good,good,good,good,good,good,good,good,good,good,good,good,good,good,good,good,good,good
a1,Allen,743916_2024-09-12_17-14-32,182,good,mua,mua,mua,mua,mua,mua,mua,good,mua,good,mua,good,good,good,mua,mua,mua
a1,Allen,743916_2024-09-12_17-14-32,183,good,good,good,mua,good,good,good,good,good,good,good,good,good,good,good,mua,good,good
a1,Allen,743916_2024-09-12_17-14-32,184,mua,noise,noise,mua,noise,mua,noise,noise,noise,noise,noise,noise,noise,noise,noise,noise,noise,noise
a1,Allen,743916_2024-09-12_17-14-32,185,good,good,good,good,good,good,good,good,good,good,good,good,good,good,good,good,good,good
a1,Allen,743916_2024-09-12_17-14-32,186,mua,good,good,good,good,good,good,good,good,good,good,good,good,good,good,good,good,good
a1,Allen,743916_2024-09-12_17-14-32,187,good,good,good,good,good,good,good,good,good,good,good,good,good,good,good,good,good,good
a1,Allen,743916_2024-09-12_17-14-32,189,mua,noise,noise,noise,noise,mua,noise,noise,noise,noise,noise,noise,noise,mua,noise,mua,noise,mua
a1,Allen,743916_2024-09-12_17-14-32,191,good,good,good,good,good,good,good,good,good,good,good,good,good,good,good,good,good,good
a1,Allen,743916_2024-09-12_17-14-32,193,noise,noise,noise,noise,noise,mua,noise,noise,noise,noise,noise,noise,noise,noise,noise,noise,noise,noise
a1,Allen,743916_2024-09-12_17-14-32,194,good,good,good,good,good,good,good,good,good,good,good,good,good,good,good,good,good,good
a1,Allen,743916_2024-09-12_17-14-32,195,good,good,good,good,good,good,good,good,good,good,good,good,good,mua,good,good,good,good
a1,Allen,743916_2024-09-12_17-14-32,196,good,noise,good,good,good,mua,good,good,good,good,good,good,good,good,good,good,good,good
a1,Allen,743916_2024-09-12_17-14-32,197,mua,mua,mua,mua,mua,mua,mua,mua,mua,mua,mua,mua,mua,mua,good,good,good,good
a1,Allen,743916_2024-09-12_17-14-32,198,good,good,good,good,good,good,good,good,good,good,good,good,good,good,good,good,good,good
a1,Allen,743916_2024-09-12_17-14-32,199,good,good,good,good,good,good,good,good,good,good,good,good,good,good,good,good,good,good
a1,Allen,743916_2024-09-12_17-14-32,200,noise,mua,mua,mua,mua,mua,mua,mua,mua,mua,noise,mua,mua,mua,mua,noise,mua,noise
a1,Allen,743916_2024-09-12_17-14-32,201,good,good,good,good,good,good,good,good,good,good,good,good,good,good,good,good,good,good
a1,Allen,743916_2024-09-12_17-14-32,202,good,good,good,good,good,good,good,good,good,good,good,good,good,good,good,good,good,good
a1,Allen,743916_2024-09-12_17-14-32,204,good,good,good,good,good,good,good,good,good,good,good,good,good,good,good,good,good,good
a1,Allen,743916_2024-09-12_17-14-32,205,mua,mua,mua,mua,mua,mua,mua,mua,mua,mua,mua,mua,mua,mua,mua,mua,mua,mua
a1,Allen,743916_2024-09-12_17-14-32,206,good,good,good,good,good,good,good,good,good,good,good,good,good,good,good,good,good,good
a1,Allen,743916_2024-09-12_17-14-32,207,mua,mua,mua,mua,mua,noise,mua,mua,mua,mua,noise,mua,mua,mua,mua,mua,mua,mua
a1,Allen,743916_2024-09-12_17-14-32,208,good,good,good,good,good,good,good,good,good,good,good,good,good,good,good,good,good,good
a1,Allen,743916_2024-09-12_17-14-32,209,good,good,good,good,good,good,good,good,good,good,good,good,good,good,good,good,good,good
a1,Allen,743916_2024-09-12_17-14-32,211,noise,mua,mua,mua,mua,mua,mua,mua,mua,mua,mua,mua,mua,mua,mua,mua,mua,mua
a1,Allen,743916_2024-09-12_17-14-32,212,mua,mua,mua,mua,mua,mua,mua,mua,mua,noise,noise,noise,noise,mua,mua,noise,mua,mua
a3,Allen,743917_2024-09-30_15-47-13,0,good,good,good,good,good,good,good,good,good,good,good,good,good,good,good,good,good,good
a3,Allen,743917_2024-09-30_15-47-13,1,good,good,good,good,good,good,good,good,good,good,good,good,good,good,good,good,good,good
a3,Allen,743917_2024-09-30_15-47-13,2,good,good,good,good,good,good,good,good,good,good,good,good,good,good,good,good,good,good
a3,Allen,743917_2024-09-30_15-47-13,4,good,good,good,good,good,good,good,good,good,good,good,good,good,good,good,good,good,good
a3,Allen,743917_2024-09-30_15-47-13,5,good,good,good,good,good,good,good,good,good,good,good,good,good,good,good,good,good,good
a3,Allen,743917_2024-09-30_15-47-13,6,good,good,good,good,good,good,good,good,good,good,good,good,good,good,good,good,good,good
a3,Allen,743917_2024-09-30_15-47-13,7,mua,mua,mua,mua,mua,mua,mua,mua,mua,mua,mua,mua,mua,mua,mua,mua,mua,mua
a3,Allen,743917_2024-09-30_15-47-13,8,mua,mua,mua,mua,mua,mua,mua,mua,mua,mua,mua,mua,mua,mua,mua,mua,mua,mua
a3,Allen,743917_2024-09-30_15-47-13,9,good,good,good,good,good,good,good,good,good,good,good,good,good,good,good,good,good,good
a3,Allen,743917_2024-09-30_15-47-13,10,good,good,good,good,good,good,good,good,good,good,good,good,good,good,good,good,good,good
a3,Allen,743917_2024-09-30_15-47-13,11,mua,mua,mua,mua,mua,mua,mua,mua,mua,mua,good,mua,mua,mua,mua,good,mua,mua
a3,Allen,743917_2024-09-30_15-47-13,12,mua,good,good,mua,mua,mua,mua,good,mua,mua,mua,mua,good,mua,mua,mua,mua,good
a3,Allen,743917_2024-09-30_15-47-13,13,mua,mua,mua,mua,mua,mua,mua,mua,mua,mua,mua,mua,mua,mua,mua,mua,mua,mua
a3,Allen,743917_2024-09-30_15-47-13,15,good,good,good,good,good,good,good,good,good,good,good,good,good,good,good,good,good,good
a3,Allen,743917_2024-09-30_15-47-13,16,good,good,good,good,good,good,good,good,good,good,good,good,good,good,good,good,good,good
a3,Allen,743917_2024-09-30_15-47-13,17,good,good,good,good,good,good,good,good,good,good,good,good,good,good,good,good,good,good
a3,Allen,743917_2024-09-30_15-47-13,18,good,good,good,good,good,good,good,good,good,good,good,good,good,good,good,good,good,good
a3,Allen,743917_2024-09-30_15-47-13,19,good,good,good,good,good,good,good,good,good,good,good,good,good,good,good,good,good,good
a3,Allen,743917_2024-09-30_15-47-13,20,good,good,good,good,good,good,good,good,good,good,good,good,good,good,good,good,good,good
a3,Allen,743917_2024-09-30_15-47-13,21,good,good,good,good,good,good,good,good,good,good,good,good,good,good,good,good,good,good
a3,Allen,743917_2024-09-30_15-47-13,22,mua,mua,mua,mua,mua,good,mua,mua,mua,mua,good,good,mua,mua,mua,good,mua,mua
a3,Allen,743917_2024-09-30_15-47-13,23,good,good,good,good,good,good,good,good,good,good,good,good,good,good,good,good,good,good
a3,Allen,743917_2024-09-30_15-47-13,24,good,good,good,good,good,good,good,good,good,good,good,good,good,good,good,good,good,good
a3,Allen,743917_2024-09-30_15-47-13,25,good,good,good,good,good,good,good,good,good,good,good,good,good,good,good,good,good,good
a3,Allen,743917_2024-09-30_15-47-13,26,good,good,good,good,good,good,good,good,good,good,good,good,good,good,good,good,good,good
a3,Allen,743917_2024-09-30_15-47-13,27,good,good,good,good,good,good,good,good,good,good,good,good,good,good,good,good,good,good
a3,Allen,743917_2024-09-30_15-47-13,29,good,good,good,good,good,good,good,good,good,good,good,good,good,good,good,good,good,good
a3,Allen,743917_2024-09-30_15-47-13,30,mua,mua,mua,mua,mua,mua,mua,mua,mua,mua,good,mua,mua,mua,mua,mua,mua,mua
a3,Allen,743917_2024-09-30_15-47-13,31,good,good,good,good,good,good,good,good,good,good,good,good,good,good,good,good,good,good
a3,Allen,743917_2024-09-30_15-47-13,32,good,good,good,good,good,good,good,good,good,good,good,good,good,good,good,good,good,good
a3,Allen,743917_2024-09-30_15-47-13,34,good,good,good,good,good,good,good,good,good,good,good,good,good,good,good,good,good,good
a3,Allen,743917_2024-09-30_15-47-13,35,good,good,good,good,good,good,good,good,good,good,good,good,good,good,noise,good,good,good
a3,Allen,743917_2024-09-30_15-47-13,36,good,good,good,good,good,good,good,good,good,good,good,good,good,good,good,good,good,good
a3,Allen,743917_2024-09-30_15-47-13,37,good,good,good,good,good,good,good,good,good,good,good,good,good,good,good,good,good,good
a3,Allen,743917_2024-09-30_15-47-13,38,mua,mua,mua,mua,mua,noise,mua,mua,mua,mua,noise,mua,mua,mua,mua,mua,mua,mua
a3,Allen,743917_2024-09-30_15-47-13,39,good,good,good,good,good,good,good,good,good,good,good,good,good,good,good,good,good,good
a3,Allen,743917_2024-09-30_15-47-13,41,good,good,good,good,good,good,good,good,good,good,good,good,good,good,good,good,good,good
a3,Allen,743917_2024-09-30_15-47-13,42,good,good,good,good,good,good,good,good,good,good,good,good,good,good,good,good,good,good
a3,Allen,743917_2024-09-30_15-47-13,43,good,good,good,good,good,good,good,good,good,good,good,good,good,good,good,good,good,good
a3,Allen,743917_2024-09-30_15-47-13,44,good,good,good,good,good,good,good,good,good,good,good,good,good,good,good,good,good,good
a3,Allen,743917_2024-09-30_15-47-13,45,good,good,good,good,good,good,good,good,good,good,good,good,mua,mua,good,good,good,mua
a3,Allen,743917_2024-09-30_15-47-13,46,good,good,good,good,good,good,good,good,good,good,good,good,mua,mua,good,good,good,mua
a3,Allen,743917_2024-09-30_15-47-13,48,good,good,good,good,good,good,good,good,good,good,good,good,good,good,good,good,good,good
a3,Allen,743917_2024-09-30_15-47-13,49,good,good,good,good,good,good,good,good,good,good,good,good,good,good,good,good,good,good
a3,Allen,743917_2024-09-30_15-47-13,50,good,good,good,good,good,good,good,good,good,good,good,good,good,good,good,good,good,good
a3,Allen,743917_2024-09-30_15-47-13,51,noise,noise,noise,noise,noise,noise,noise,noise,noise,noise,noise,noise,noise,noise,noise,noise,noise,noise
a3,Allen,743917_2024-09-30_15-47-13,52,noise,mua,mua,mua,mua,mua,mua,mua,mua,mua,mua,mua,mua,mua,mua,mua,mua,mua
a3,Allen,743917_2024-09-30_15-47-13,53,good,good,good,good,good,good,good,good,good,good,good,good,good,good,good,good,good,good
a3,Allen,743917_2024-09-30_15-47-13,54,good,mua,mua,good,mua,good,mua,mua,mua,mua,good,mua,mua,mua,good,good,good,mua
a3,Allen,743917_2024-09-30_15-47-13,55,noise,mua,mua,mua,mua,mua,mua,mua,mua,mua,mua,mua,mua,mua,mua,mua,mua,mua
a3,Allen,743917_2024-09-30_15-47-13,56,good,good,good,good,good,good,good,good,good,good,good,good,good,good,good,good,good,good
a3,Allen,743917_2024-09-30_15-47-13,57,good,good,good,good,good,good,good,good,good,good,good,good,good,good,good,good,good,good
a3,Allen,743917_2024-09-30_15-47-13,58,good,good,good,good,good,good,good,good,good,good,good,good,good,good,good,good,good,good
a3,Allen,743917_2024-09-30_15-47-13,59,good,good,good,good,good,good,good,good,good,good,good,good,good,good,good,good,good,good
a3,Allen,743917_2024-09-30_15-47-13,60,good,good,good,good,good,good,good,good,good,good,good,good,good,good,good,good,good,good
a3,Allen,743917_2024-09-30_15-47-13,61,good,good,good,good,good,good,good,good,good,good,good,good,good,good,good,good,good,good
a3,Allen,743917_2024-09-30_15-47-13,62,good,good,good,good,good,good,good,good,good,good,good,good,good,good,good,good,good,good
a3,Allen,743917_2024-09-30_15-47-13,65,good,good,good,good,good,good,good,good,good,good,good,good,good,good,good,good,good,good
a3,Allen,743917_2024-09-30_15-47-13,66,good,good,good,good,good,good,good,good,good,good,good,good,good,good,good,good,good,good
a3,Allen,743917_2024-09-30_15-47-13,67,good,good,good,good,good,good,good,good,good,good,good,good,good,good,good,good,good,good
a3,Allen,743917_2024-09-30_15-47-13,69,good,good,good,good,good,good,good,good,good,good,good,good,mua,mua,good,good,good,mua
a3,Allen,743917_2024-09-30_15-47-13,70,good,noise,good,good,good,good,good,good,good,good,good,good,good,good,good,good,good,good
a3,Allen,743917_2024-09-30_15-47-13,71,good,good,good,good,good,good,good,good,good,good,good,good,good,good,good,good,good,good
a3,Allen,743917_2024-09-30_15-47-13,72,good,good,good,good,good,good,good,good,good,mua,good,good,good,good,good,good,good,good
a3,Allen,743917_2024-09-30_15-47-13,73,good,good,good,good,good,good,good,good,good,good,good,good,good,good,good,good,good,good
a3,Allen,743917_2024-09-30_15-47-13,75,noise,mua,mua,mua,mua,mua,mua,mua,mua,mua,mua,mua,mua,mua,mua,mua,mua,mua
a3,Allen,743917_2024-09-30_15-47-13,76,noise,noise,mua,mua,mua,noise,noise,noise,mua,noise,noise,noise,noise,noise,noise,noise,noise,noise
a3,Allen,743917_2024-09-30_15-47-13,77,good,good,good,good,good,good,good,good,good,good,good,good,good,good,good,good,good,good
a3,Allen,743917_2024-09-30_15-47-13,78,good,good,good,good,good,good,good,good,good,good,good,good,good,good,good,good,good,good
a3,Allen,743917_2024-09-30_15-47-13,79,good,good,good,good,good,good,good,good,good,good,good,good,good,good,good,good,good,good
a3,Allen,743917_2024-09-30_15-47-13,80,good,good,good,good,good,good,good,good,good,good,good,good,good,good,good,good,good,good
a3,Allen,743917_2024-09-30_15-47-13,81,good,good,good,good,good,good,good,good,good,good,good,good,good,good,good,good,good,good
a3,Allen,743917_2024-09-30_15-47-13,82,good,mua,mua,mua,mua,mua,mua,mua,mua,mua,mua,mua,mua,mua,mua,mua,mua,mua
a3,Allen,743917_2024-09-30_15-47-13,83,good,good,good,good,good,good,good,good,good,good,good,good,good,good,good,good,good,good
a3,Allen,743917_2024-09-30_15-47-13,84,noise,noise,noise,noise,noise,noise,noise,noise,noise,noise,noise,noise,noise,noise,noise,noise,noise,noise
a3,Allen,743917_2024-09-30_15-47-13,85,good,good,good,good,good,good,good,good,good,good,good,good,good,good,good,good,good,good
a3,Allen,743917_2024-09-30_15-47-13,86,noise,noise,mua,mua,noise,mua,noise,noise,noise,noise,mua,noise,noise,noise,noise,noise,noise,noise
a3,Allen,743917_2024-09-30_15-47-13,87,good,good,good,good,good,good,good,good,good,good,good,good,good,good,good,good,good,good
a3,Allen,743917_2024-09-30_15-47-13,88,good,good,good,mua,good,good,good,good,mua,mua,mua,mua,good,mua,good,mua,good,good
a3,Allen,743917_2024-09-30_15-47-13,89,good,good,good,good,good,good,good,good,good,good,good,good,good,good,good,good,good,good
a3,Allen,743917_2024-09-30_15-47-13,90,good,good,good,good,good,good,good,good,good,good,good,good,good,good,good,good,good,good
a3,Allen,743917_2024-09-30_15-47-13,91,good,good,good,good,good,good,good,good,good,good,good,good,good,good,good,good,good,good
a3,Allen,743917_2024-09-30_15-47-13,92,good,good,good,good,good,good,good,good,good,good,good,good,good,good,good,good,good,good
a3,Allen,743917_2024-09-30_15-47-13,94,good,good,good,good,good,good,good,good,good,good,good,good,good,good,good,good,good,good
a3,Allen,743917_2024-09-30_15-47-13,96,good,good,good,good,good,good,good,good,good,good,good,good,good,good,good,good,good,good
a3,Allen,743917_2024-09-30_15-47-13,98,good,good,good,good,good,good,good,good,good,good,good,good,good,good,good,good,good,good
a3,Allen,743917_2024-09-30_15-47-13,101,good,good,good,good,good,good,good,good,good,good,good,good,good,good,good,good,good,good
a3,Allen,743917_2024-09-30_15-47-13,102,good,good,good,good,good,good,good,good,good,good,good,good,good,good,good,good,good,good
a3,Allen,743917_2024-09-30_15-47-13,103,good,good,good,good,good,good,good,good,good,good,good,good,good,good,good,good,good,good
a3,Allen,743917_2024-09-30_15-47-13,104,mua,noise,mua,mua,noise,good,noise,noise,mua,noise,mua,noise,noise,noise,noise,noise,noise,noise
a3,Allen,743917_2024-09-30_15-47-13,105,good,good,good,good,good,good,good,good,good,good,good,good,good,good,good,good,good,good
a3,Allen,743917_2024-09-30_15-47-13,106,good,good,good,good,good,good,good,good,good,good,good,good,good,good,good,good,good,good
a3,Allen,743917_2024-09-30_15-47-13,107,good,good,good,good,good,good,good,good,good,good,good,good,good,good,good,good,good,good
a3,Allen,743917_2024-09-30_15-47-13,108,good,good,good,good,good,good,good,good,good,good,good,good,good,good,good,mua,good,good
a3,Allen,743917_2024-09-30_15-47-13,109,good,good,good,good,good,good,good,good,good,good,good,good,good,good,good,good,good,good
a3,Allen,743917_2024-09-30_15-47-13,110,good,good,mua,mua,mua,good,mua,good,good,mua,good,mua,good,good,good,good,good,good
a3,Allen,743917_2024-09-30_15-47-13,112,good,good,good,good,good,good,good,good,good,good,good,good,good,good,good,good,good,good
a3,Allen,743917_2024-09-30_15-47-13,113,good,good,good,good,good,good,good,good,good,good,good,good,good,good,good,good,good,good
a3,Allen,743917_2024-09-30_15-47-13,114,good,good,good,good,good,good,good,good,good,good,good,good,good,good,good,good,good,good
a3,Allen,743917_2024-09-30_15-47-13,115,good,good,good,good,good,good,good,good,good,good,good,good,good,good,good,good,good,good
a3,Allen,743917_2024-09-30_15-47-13,116,good,good,good,good,good,good,good,good,good,good,good,good,good,good,good,good,good,good
a3,Allen,743917_2024-09-30_15-47-13,117,good,good,good,good,good,good,good,good,good,good,good,good,good,good,good,good,good,good
a3,Allen,743917_2024-09-30_15-47-13,118,mua,mua,mua,mua,mua,mua,mua,mua,mua,mua,mua,mua,mua,mua,mua,mua,mua,mua
a3,Allen,743917_2024-09-30_15-47-13,119,good,good,good,good,good,good,good,good,good,good,good,good,good,good,good,good,good,good
a3,Allen,743917_2024-09-30_15-47-13,120,good,good,good,good,good,good,good,good,good,good,good,good,good,good,good,good,good,good
a3,Allen,743917_2024-09-30_15-47-13,121,good,good,good,good,good,good,good,good,good,good,good,good,good,good,good,good,good,good
a3,Allen,743917_2024-09-30_15-47-13,122,good,good,good,good,good,good,good,good,good,good,good,good,good,good,good,good,good,good
a3,Allen,743917_2024-09-30_15-47-13,123,good,good,good,good,good,good,good,good,good,mua,good,good,good,good,good,good,good,good
a3,Allen,743917_2024-09-30_15-47-13,124,good,good,good,good,good,good,good,good,good,good,good,good,good,good,good,good,good,good
a3,Allen,743917_2024-09-30_15-47-13,125,good,good,good,good,good,good,good,good,good,good,good,good,good,good,good,good,good,good
a3,Allen,743917_2024-09-30_15-47-13,126,good,good,good,good,good,good,good,good,good,good,good,good,good,good,good,good,good,good
a3,Allen,743917_2024-09-30_15-47-13,127,good,good,good,good,good,good,good,good,good,good,good,good,good,good,good,good,good,good
a3,Allen,743917_2024-09-30_15-47-13,128,good,good,good,good,good,good,good,good,good,good,good,good,good,good,good,good,good,good
a3,Allen,743917_2024-09-30_15-47-13,129,good,good,good,good,good,good,good,good,good,good,good,good,good,good,good,good,good,good
a3,Allen,743917_2024-09-30_15-47-13,130,good,good,good,good,good,good,good,mua,good,good,good,good,good,good,good,good,good,good
a3,Allen,743917_2024-09-30_15-47-13,131,mua,mua,mua,mua,mua,good,mua,mua,mua,mua,good,mua,mua,mua,mua,good,mua,mua
a3,Allen,743917_2024-09-30_15-47-13,132,good,mua,mua,mua,mua,good,mua,mua,mua,mua,good,mua,mua,mua,good,good,good,good
a3,Allen,743917_2024-09-30_15-47-13,133,good,mua,good,mua,good,good,good,good,good,good,good,good,good,good,good,good,good,good
a3,Allen,743917_2024-09-30_15-47-13,134,good,good,good,good,good,good,good,good,good,good,good,good,good,good,good,good,good,good
a3,Allen,743917_2024-09-30_15-47-13,135,good,good,good,good,good,good,good,good,good,good,good,good,good,good,good,good,good,good
a3,Allen,743917_2024-09-30_15-47-13,136,good,good,good,good,good,good,good,good,good,good,good,good,good,good,good,good,good,good
a3,Allen,743917_2024-09-30_15-47-13,137,mua,mua,mua,mua,mua,mua,mua,mua,mua,noise,mua,noise,mua,mua,noise,noise,noise,noise
a3,Allen,743917_2024-09-30_15-47-13,138,good,good,good,good,good,good,good,good,good,good,good,good,good,good,good,good,good,good
a3,Allen,743917_2024-09-30_15-47-13,139,mua,good,good,good,good,good,good,good,good,good,good,good,mua,mua,good,good,good,mua
a3,Allen,743917_2024-09-30_15-47-13,140,good,good,good,good,good,good,good,good,good,good,good,good,good,good,good,good,good,good
a3,Allen,743917_2024-09-30_15-47-13,142,good,good,good,mua,good,good,good,good,good,good,good,good,good,good,good,good,good,good
a3,Allen,743917_2024-09-30_15-47-13,143,good,good,good,good,good,good,good,good,good,good,good,good,good,good,good,good,good,good
a3,Allen,743917_2024-09-30_15-47-13,144,good,good,good,good,good,good,good,good,good,good,good,good,good,good,good,good,good,good
a3,Allen,743917_2024-09-30_15-47-13,145,good,good,good,good,good,good,good,good,good,good,good,good,good,good,good,good,good,good
a3,Allen,743917_2024-09-30_15-47-13,147,noise,noise,noise,mua,noise,noise,noise,noise,noise,mua,noise,noise,noise,mua,mua,noise,mua,noise
a3,Allen,743917_2024-09-30_15-47-13,148,good,good,good,good,good,good,good,good,good,good,good,good,good,good,good,good,good,good
a3,Allen,743917_2024-09-30_15-47-13,149,good,good,good,good,good,good,good,good,good,good,good,good,good,good,good,good,good,good
a3,Allen,743917_2024-09-30_15-47-13,150,good,good,good,mua,mua,good,mua,good,good,mua,good,mua,good,good,good,good,good,good
a3,Allen,743917_2024-09-30_15-47-13,152,good,mua,mua,mua,mua,mua,mua,mua,mua,good,mua,good,good,good,good,good,good,good
a3,Allen,743917_2024-09-30_15-47-13,153,good,good,good,good,mua,good,mua,good,good,mua,good,mua,good,good,good,good,good,good
a3,Allen,743917_2024-09-30_15-47-13,154,good,good,good,good,good,good,good,good,good,good,good,good,good,good,good,good,good,good
a3,Allen,743917_2024-09-30_15-47-13,155,mua,mua,mua,mua,mua,mua,mua,mua,mua,mua,mua,mua,mua,mua,mua,good,mua,good
a3,Allen,743917_2024-09-30_15-47-13,156,good,good,good,good,good,good,good,good,good,good,good,good,good,good,good,good,good,good
a3,Allen,743917_2024-09-30_15-47-13,157,good,good,good,good,good,good,good,good,good,good,good,good,good,good,good,good,good,good
a3,Allen,743917_2024-09-30_15-47-13,158,good,good,good,good,good,good,good,good,good,good,good,good,good,good,good,good,good,good
a3,Allen,743917_2024-09-30_15-47-13,159,noise,mua,mua,mua,mua,mua,mua,mua,mua,mua,mua,mua,mua,mua,mua,mua,mua,mua
a3,Allen,743917_2024-09-30_15-47-13,160,mua,mua,mua,mua,good,good,good,mua,mua,good,good,good,mua,mua,mua,good,mua,mua
a3,Allen,743917_2024-09-30_15-47-13,161,good,good,good,good,good,good,good,good,good,good,good,good,good,good,good,good,good,good
a3,Allen,743917_2024-09-30_15-47-13,162,good,good,good,good,good,good,good,good,good,good,good,good,good,good,good,good,good,good
a3,Allen,743917_2024-09-30_15-47-13,163,noise,mua,mua,mua,mua,mua,mua,mua,mua,mua,mua,mua,mua,mua,mua,mua,mua,noise
a3,Allen,743917_2024-09-30_15-47-13,164,good,good,good,good,good,good,good,good,good,good,good,good,good,good,good,good,good,good
a3,Allen,743917_2024-09-30_15-47-13,165,good,good,good,good,good,good,good,good,good,good,good,good,good,good,good,good,good,good
a3,Allen,743917_2024-09-30_15-47-13,166,good,good,good,good,good,good,good,good,good,good,good,good,good,good,good,good,good,good
a3,Allen,743917_2024-09-30_15-47-13,167,good,good,good,good,good,good,good,good,good,good,good,good,good,good,good,good,good,good
a3,Allen,743917_2024-09-30_15-47-13,168,good,good,good,good,good,good,good,good,good,good,good,good,good,good,good,good,good,good
a3,Allen,743917_2024-09-30_15-47-13,169,good,good,good,good,good,good,good,good,good,good,good,good,good,good,good,good,good,good
a3,Allen,743917_2024-09-30_15-47-13,170,mua,good,good,good,good,good,good,good,good,good,good,good,good,good,good,good,good,good
a3,Allen,743917_2024-09-30_15-47-13,171,good,good,good,good,good,good,good,good,good,good,good,good,good,good,good,good,good,good
a3,Allen,743917_2024-09-30_15-47-13,173,good,good,good,good,good,good,good,good,good,good,good,good,mua,mua,good,good,good,good
a3,Allen,743917_2024-09-30_15-47-13,174,good,good,good,good,good,good,good,good,good,good,good,good,good,good,good,good,good,good
a3,Allen,743917_2024-09-30_15-47-13,175,good,good,good,good,good,good,good,good,good,good,good,good,good,good,good,good,good,good
a3,Allen,743917_2024-09-30_15-47-13,176,good,good,good,good,good,good,good,good,good,good,good,good,good,good,good,good,good,good
a3,Allen,743917_2024-09-30_15-47-13,177,good,good,good,good,good,good,good,good,good,good,good,good,good,good,good,good,good,good
a3,Allen,743917_2024-09-30_15-47-13,178,good,good,good,mua,good,good,good,good,mua,good,good,good,good,good,good,mua,good,good
a3,Allen,743917_2024-09-30_15-47-13,179,noise,noise,noise,mua,noise,mua,noise,noise,mua,noise,mua,noise,noise,mua,noise,noise,noise,noise
a3,Allen,743917_2024-09-30_15-47-13,180,good,mua,good,mua,good,good,good,mua,mua,mua,good,good,good,good,good,good,good,good
a3,Allen,743917_2024-09-30_15-47-13,181,good,mua,mua,mua,mua,mua,mua,mua,mua,mua,mua,mua,mua,mua,mua,good,mua,mua
a3,Allen,743917_2024-09-30_15-47-13,182,good,mua,mua,mua,mua,good,good,mua,mua,good,good,good,good,good,good,good,good,good
a3,Allen,743917_2024-09-30_15-47-13,183,good,good,good,good,good,good,good,good,good,good,good,good,good,good,good,good,good,good
a3,Allen,743917_2024-09-30_15-47-13,184,good,good,good,good,good,good,good,good,good,good,good,good,good,good,good,good,good,good
a3,Allen,743917_2024-09-30_15-47-13,185,mua,mua,mua,mua,mua,mua,mua,mua,mua,mua,mua,mua,mua,mua,good,mua,mua,mua
a3,Allen,743917_2024-09-30_15-47-13,186,good,good,good,good,good,good,good,good,good,good,good,good,good,good,good,good,good,good
a3,Allen,743917_2024-09-30_15-47-13,187,good,good,good,good,good,good,good,good,good,good,good,good,good,good,good,good,good,good
a3,Allen,743917_2024-09-30_15-47-13,188,good,good,good,good,good,good,good,good,good,good,good,good,good,good,good,good,good,good
a3,Allen,743917_2024-09-30_15-47-13,189,good,good,good,good,good,good,good,good,good,good,good,good,good,good,good,good,good,good
a3,Allen,743917_2024-09-30_15-47-13,190,good,good,good,good,good,good,good,good,good,good,good,good,good,good,good,good,good,good
a3,Allen,743917_2024-09-30_15-47-13,191,noise,mua,mua,mua,mua,mua,mua,mua,mua,mua,mua,mua,mua,mua,mua,good,mua,mua
a3,Allen,743917_2024-09-30_15-47-13,192,good,good,good,good,good,good,good,good,good,good,good,good,good,good,good,good,good,good
a3,Allen,743917_2024-09-30_15-47-13,193,good,good,good,good,good,good,good,good,good,good,good,good,good,good,good,good,good,good
a3,Allen,743917_2024-09-30_15-47-13,194,good,good,good,good,good,good,good,good,good,mua,good,mua,good,good,good,good,good,mua
a3,Allen,743917_2024-09-30_15-47-13,195,good,good,good,good,good,good,good,good,good,good,good,good,good,good,good,good,good,good
a3,Allen,743917_2024-09-30_15-47-13,196,good,good,good,good,good,good,good,good,good,good,good,good,good,good,good,good,good,good
a3,Allen,743917_2024-09-30_15-47-13,197,mua,good,good,good,good,good,good,good,good,good,good,good,good,good,good,good,good,good
a3,Allen,743917_2024-09-30_15-47-13,199,good,good,good,good,good,good,good,good,good,good,good,good,good,good,good,good,good,good
a3,Allen,743917_2024-09-30_15-47-13,200,good,good,good,good,good,good,good,mua,mua,good,good,good,good,good,mua,good,good,mua
a3,Allen,743917_2024-09-30_15-47-13,201,noise,noise,noise,noise,noise,noise,noise,mua,noise,noise,noise,noise,noise,noise,noise,noise,noise,noise
a3,Allen,743917_2024-09-30_15-47-13,202,good,good,good,good,good,good,good,good,good,good,good,good,good,good,good,good,good,good
a3,Allen,743917_2024-09-30_15-47-13,203,noise,mua,mua,mua,mua,mua,mua,mua,mua,mua,mua,mua,mua,mua,mua,mua,mua,mua
a3,Allen,743917_2024-09-30_15-47-13,204,mua,mua,noise,mua,mua,noise,mua,mua,mua,mua,noise,mua,mua,mua,mua,mua,mua,mua
a3,Allen,743917_2024-09-30_15-47-13,205,mua,mua,mua,mua,mua,mua,mua,mua,mua,mua,mua,mua,mua,mua,mua,mua,mua,mua
a3,Allen,743917_2024-09-30_15-47-13,206,good,good,good,good,good,good,good,good,good,good,good,good,good,good,good,good,good,good
a3,Allen,743917_2024-09-30_15-47-13,207,good,good,good,good,good,good,good,good,good,good,good,good,good,good,good,good,good,good
a3,Allen,743917_2024-09-30_15-47-13,208,good,good,good,good,good,good,good,good,good,good,good,good,good,good,good,good,good,good
a3,Allen,743917_2024-09-30_15-47-13,209,noise,noise,noise,noise,noise,noise,noise,mua,noise,noise,noise,noise,noise,mua,noise,noise,noise,mua
a3,Allen,743917_2024-09-30_15-47-13,210,mua,mua,mua,mua,mua,mua,mua,mua,mua,mua,mua,mua,mua,mua,mua,good,mua,mua
a3,Allen,743917_2024-09-30_15-47-13,211,good,good,good,good,good,good,good,good,good,good,good,good,good,good,good,good,good,good
a3,Allen,743917_2024-09-30_15-47-13,212,good,good,good,good,good,good,good,good,good,good,good,good,good,good,good,good,good,good
a3,Allen,743917_2024-09-30_15-47-13,213,mua,mua,mua,mua,mua,mua,mua,mua,mua,mua,mua,mua,mua,mua,mua,noise,mua,mua
a3,Allen,743917_2024-09-30_15-47-13,214,good,good,good,good,good,good,good,good,good,good,good,good,good,good,good,good,good,good
a3,Allen,743917_2024-09-30_15-47-13,215,good,good,good,good,good,good,good,good,good,good,good,good,good,good,good,good,good,good
a3,Allen,743917_2024-09-30_15-47-13,216,good,mua,mua,mua,mua,good,mua,mua,mua,mua,good,mua,mua,mua,mua,mua,mua,good
a3,Allen,743917_2024-09-30_15-47-13,217,mua,mua,mua,mua,mua,mua,mua,mua,mua,mua,mua,mua,mua,mua,mua,mua,mua,mua
a3,Allen,743917_2024-09-30_15-47-13,218,good,good,good,good,good,good,good,good,good,good,good,good,good,good,good,good,good,good
a3,Allen,743917_2024-09-30_15-47-13,219,good,good,good,good,good,good,good,good,good,good,good,good,good,good,good,good,good,good
a3,Allen,743917_2024-09-30_15-47-13,220,good,good,good,good,good,good,good,good,good,good,good,good,good,good,good,good,good,good
a3,Allen,743917_2024-09-30_15-47-13,221,good,good,good,good,good,good,good,good,good,good,good,good,good,good,good,good,good,good
a3,Allen,743917_2024-09-30_15-47-13,222,mua,mua,mua,mua,mua,mua,mua,mua,mua,mua,mua,mua,mua,mua,mua,mua,mua,good
a3,Allen,743917_2024-09-30_15-47-13,224,good,good,good,good,good,good,good,good,good,good,good,good,good,good,good,good,good,good
a3,Allen,743917_2024-09-30_15-47-13,225,good,mua,good,mua,good,good,good,good,mua,good,good,good,good,good,good,good,good,good
a3,Allen,743917_2024-09-30_15-47-13,226,good,good,good,mua,good,good,good,good,good,good,good,good,good,good,good,good,good,good
a3,Allen,743917_2024-09-30_15-47-13,227,good,good,good,good,good,good,good,good,good,good,good,good,good,good,good,good,good,good
a3,Allen,743917_2024-09-30_15-47-13,229,mua,mua,mua,mua,mua,good,mua,mua,mua,mua,good,mua,mua,mua,good,mua,good,good
a3,Allen,743917_2024-09-30_15-47-13,230,mua,good,good,good,good,good,good,good,good,good,good,good,mua,mua,good,good,good,mua
a3,Allen,743917_2024-09-30_15-47-13,231,mua,good,good,good,good,good,good,good,good,mua,good,mua,good,good,good,good,good,good
a3,Allen,743917_2024-09-30_15-47-13,232,mua,noise,noise,noise,noise,noise,noise,noise,noise,noise,noise,noise,noise,noise,noise,noise,noise,noise
a3,Allen,743917_2024-09-30_15-47-13,233,good,good,good,good,good,good,good,good,good,good,good,good,good,good,good,good,good,good
a3,Allen,743917_2024-09-30_15-47-13,234,good,good,good,good,good,good,good,good,good,good,good,good,good,good,good,good,good,good
a3,Allen,743917_2024-09-30_15-47-13,235,noise,noise,noise,noise,noise,noise,noise,noise,noise,noise,noise,noise,noise,noise,noise,noise,noise,noise
a3,Allen,743917_2024-09-30_15-47-13,236,good,mua,good,mua,good,good,good,mua,mua,mua,good,mua,mua,mua,good,good,good,good
a3,Allen,743917_2024-09-30_15-47-13,237,good,good,good,good,good,good,good,good,good,good,good,good,good,good,good,good,good,good
a3,Allen,743917_2024-09-30_15-47-13,238,good,good,good,good,good,good,good,good,good,good,good,good,good,good,good,good,good,good
a3,Allen,743917_2024-09-30_15-47-13,239,mua,noise,noise,noise,noise,noise,noise,noise,noise,noise,noise,noise,noise,noise,noise,noise,noise,noise
a3,Allen,743917_2024-09-30_15-47-13,240,mua,mua,mua,mua,good,good,good,mua,mua,mua,good,mua,mua,mua,mua,good,mua,mua
a3,Allen,743917_2024-09-30_15-47-13,241,good,good,good,good,good,good,good,good,good,good,good,good,good,good,good,good,good,good
a3,Allen,743917_2024-09-30_15-47-13,242,good,good,good,good,good,good,good,good,good,good,good,good,good,good,good,good,good,good
a3,Allen,743917_2024-09-30_15-47-13,243,good,good,good,good,good,good,good,good,good,good,good,good,good,good,good,good,good,good
a3,Allen,743917_2024-09-30_15-47-13,245,good,good,good,good,good,good,good,good,good,good,good,good,good,good,good,good,good,good
a3,Allen,743917_2024-09-30_15-47-13,246,mua,mua,mua,mua,mua,mua,mua,mua,mua,mua,mua,mua,mua,mua,mua,mua,mua,mua
a3,Allen,743917_2024-09-30_15-47-13,247,mua,mua,mua,mua,mua,mua,mua,mua,mua,mua,mua,mua,mua,mua,mua,mua,mua,mua
a3,Allen,743917_2024-09-30_15-47-13,248,good,good,good,good,good,good,good,good,good,good,good,good,good,good,good,good,good,good
a3,Allen,743917_2024-09-30_15-47-13,249,good,good,good,good,good,good,good,good,good,good,good,good,good,good,good,good,good,good
a3,Allen,743917_2024-09-30_15-47-13,250,noise,mua,mua,mua,mua,mua,mua,mua,mua,mua,good,mua,mua,mua,mua,mua,mua,mua
a3,Allen,743917_2024-09-30_15-47-13,251,good,good,good,good,good,good,good,good,good,good,good,good,good,good,good,good,good,good
a3,Allen,743917_2024-09-30_15-47-13,252,mua,mua,mua,mua,good,good,mua,mua,mua,good,good,good,mua,mua,mua,good,mua,mua
a3,Allen,743917_2024-09-30_15-47-13,253,mua,good,good,good,good,good,good,good,good,good,good,good,mua,mua,good,good,good,good
a3,Allen,743917_2024-09-30_15-47-13,254,good,good,good,good,good,good,good,good,good,good,good,good,good,good,good,good,good,good
a3,Allen,743917_2024-09-30_15-47-13,255,good,good,good,mua,mua,mua,mua,mua,mua,mua,mua,mua,good,mua,good,good,good,good
a3,Allen,743917_2024-09-30_15-47-13,256,good,good,good,good,good,good,good,good,good,good,good,good,good,good,good,good,good,good
a3,Allen,743917_2024-09-30_15-47-13,257,mua,mua,mua,good,good,good,good,mua,good,mua,mua,mua,mua,mua,mua,mua,mua,mua
a3,Allen,743917_2024-09-30_15-47-13,258,good,good,good,good,good,good,good,good,good,good,good,good,good,good,good,good,good,good
a3,Allen,743917_2024-09-30_15-47-13,259,good,good,good,good,good,good,good,good,good,good,good,good,good,good,good,good,good,good
a3,Allen,743917_2024-09-30_15-47-13,260,good,good,good,good,good,good,good,good,good,good,good,good,good,good,good,good,good,good
a3,Allen,743917_2024-09-30_15-47-13,261,good,good,good,good,good,good,good,good,good,good,good,good,good,good,good,good,good,good
a3,Allen,743917_2024-09-30_15-47-13,262,mua,mua,mua,mua,mua,mua,mua,mua,mua,mua,mua,mua,mua,mua,mua,mua,mua,mua
a3,Allen,743917_2024-09-30_15-47-13,263,good,good,good,good,good,good,good,good,good,good,good,good,good,good,good,good,good,good
a3,Allen,743917_2024-09-30_15-47-13,264,mua,mua,mua,mua,mua,good,mua,mua,mua,mua,good,mua,mua,mua,mua,good,mua,mua
a3,Allen,743917_2024-09-30_15-47-13,265,good,good,good,good,good,good,good,good,good,good,good,good,good,good,good,good,good,good
a3,Allen,743917_2024-09-30_15-47-13,266,good,good,good,good,good,good,good,good,good,good,good,good,good,good,good,good,good,good
a3,Allen,743917_2024-09-30_15-47-13,267,good,good,good,good,good,good,good,good,good,good,good,good,mua,mua,good,good,good,mua
a3,Allen,743917_2024-09-30_15-47-13,268,good,good,good,good,good,good,good,good,good,good,good,good,good,good,good,good,good,good
a3,Allen,743917_2024-09-30_15-47-13,269,good,good,good,good,good,good,good,good,good,good,good,good,good,good,good,good,good,good
a3,Allen,743917_2024-09-30_15-47-13,270,mua,noise,noise,mua,noise,mua,noise,mua,mua,noise,mua,mua,mua,mua,noise,good,noise,good
a3,Allen,743917_2024-09-30_15-47-13,271,good,noise,good,good,good,mua,good,good,good,good,good,good,good,good,good,good,good,good
a3,Allen,743917_2024-09-30_15-47-13,272,mua,mua,mua,mua,mua,mua,mua,mua,mua,mua,mua,mua,mua,mua,mua,mua,mua,mua
a3,Allen,743917_2024-09-30_15-47-13,273,mua,mua,mua,mua,mua,noise,mua,mua,mua,mua,noise,mua,mua,mua,mua,mua,mua,mua
a3,Allen,743917_2024-09-30_15-47-13,274,good,good,good,good,good,good,good,good,good,good,good,good,good,good,good,good,good,good
a3,Allen,743917_2024-09-30_15-47-13,275,good,good,good,good,good,good,good,good,good,good,good,good,good,good,good,good,good,good
a3,Allen,743917_2024-09-30_15-47-13,276,mua,mua,mua,mua,mua,noise,mua,mua,mua,mua,noise,mua,mua,mua,mua,mua,mua,mua
a3,Allen,743917_2024-09-30_15-47-13,277,good,good,good,good,good,good,good,good,good,good,good,good,good,good,good,good,good,good
a3,Allen,743917_2024-09-30_15-47-13,278,good,good,good,good,good,good,good,good,good,good,good,good,good,good,good,good,good,good
a3,Allen,743917_2024-09-30_15-47-13,279,good,good,good,good,good,good,good,good,good,good,good,good,good,good,good,good,good,good
a3,Allen,743917_2024-09-30_15-47-13,280,good,good,good,good,good,good,good,good,good,good,good,good,good,good,good,good,good,good
a3,Allen,743917_2024-09-30_15-47-13,281,noise,mua,mua,mua,mua,mua,mua,mua,mua,noise,mua,noise,noise,mua,noise,noise,noise,noise
a3,Allen,743917_2024-09-30_15-47-13,282,good,good,good,good,good,good,good,good,good,good,good,good,good,good,good,good,good,good
a3,Allen,743917_2024-09-30_15-47-13,283,noise,mua,mua,mua,mua,mua,mua,noise,mua,noise,mua,noise,noise,noise,noise,noise,noise,noise
a3,Allen,743917_2024-09-30_15-47-13,284,noise,noise,noise,mua,noise,noise,noise,noise,mua,noise,noise,noise,mua,mua,mua,noise,noise,mua
a3,Allen,743917_2024-09-30_15-47-13,285,mua,mua,mua,mua,mua,mua,mua,mua,mua,good,good,good,mua,mua,mua,good,good,good
a3,Allen,743917_2024-09-30_15-47-13,287,good,good,good,good,good,good,good,good,good,mua,good,good,good,good,good,good,good,good
a3,Allen,743917_2024-09-30_15-47-13,289,good,good,good,mua,good,noise,good,good,mua,good,mua,good,good,good,good,good,good,good
a3,Allen,743917_2024-09-30_15-47-13,291,good,good,good,good,good,good,good,good,good,good,good,good,good,good,good,good,good,good
a3,Allen,743917_2024-09-30_15-47-13,292,mua,mua,mua,mua,mua,mua,mua,mua,mua,mua,mua,mua,mua,mua,mua,mua,mua,mua
a3,Allen,743917_2024-09-30_15-47-13,293,good,good,good,good,good,good,good,good,good,good,good,good,good,good,good,good,good,good
a3,Allen,743917_2024-09-30_15-47-13,294,good,good,good,good,good,good,good,good,good,good,good,good,good,good,good,good,good,good
a3,Allen,743917_2024-09-30_15-47-13,295,noise,noise,noise,noise,noise,noise,noise,noise,noise,noise,noise,noise,noise,noise,noise,noise,noise,noise
a3,Allen,743917_2024-09-30_15-47-13,296,good,good,good,good,good,good,good,good,good,good,good,good,good,good,good,good,good,good
a3,Allen,743917_2024-09-30_15-47-13,297,good,good,good,good,good,good,good,good,good,good,good,good,good,good,good,good,good,good
a3,Allen,743917_2024-09-30_15-47-13,298,good,good,good,good,good,good,good,good,good,good,good,good,good,good,good,good,good,good
a3,Allen,743917_2024-09-30_15-47-13,299,good,mua,mua,mua,mua,mua,mua,mua,mua,good,mua,good,good,mua,good,good,good,good
a3,Allen,743917_2024-09-30_15-47-13,300,good,good,good,good,good,good,good,good,mua,good,good,good,good,good,good,good,good,good
a3,Allen,743917_2024-09-30_15-47-13,301,good,good,good,good,mua,good,good,good,good,good,good,good,good,good,good,good,good,good
a3,Allen,743917_2024-09-30_15-47-13,302,mua,mua,mua,mua,mua,mua,mua,mua,mua,mua,mua,mua,mua,mua,mua,good,mua,mua
a3,Allen,743917_2024-09-30_15-47-13,303,mua,mua,mua,mua,mua,mua,mua,mua,mua,mua,mua,mua,mua,mua,mua,mua,mua,mua
a3,Allen,743917_2024-09-30_15-47-13,304,good,good,good,mua,good,good,good,mua,mua,mua,mua,mua,good,mua,good,good,good,good
a3,Allen,743917_2024-09-30_15-47-13,305,good,good,good,good,good,good,good,good,good,mua,good,good,good,good,good,good,good,good
a3,Allen,743917_2024-09-30_15-47-13,306,good,good,good,good,good,good,good,good,good,good,good,good,good,good,good,good,good,good
a3,Allen,743917_2024-09-30_15-47-13,307,mua,mua,mua,mua,mua,mua,mua,mua,mua,mua,mua,mua,mua,mua,mua,good,mua,mua
a3,Allen,743917_2024-09-30_15-47-13,308,good,good,good,good,good,good,good,good,good,good,good,good,good,good,good,good,good,good
a3,Allen,743917_2024-09-30_15-47-13,309,good,good,good,good,good,good,good,good,good,good,good,good,good,good,good,good,good,good
a3,Allen,743917_2024-09-30_15-47-13,310,good,good,good,good,good,good,good,good,good,good,good,good,good,good,good,good,good,good
a3,Allen,743917_2024-09-30_15-47-13,311,mua,mua,mua,mua,mua,mua,mua,mua,mua,mua,mua,mua,mua,mua,mua,mua,mua,mua
a3,Allen,743917_2024-09-30_15-47-13,312,mua,mua,mua,mua,mua,mua,mua,mua,mua,mua,mua,mua,mua,mua,mua,mua,mua,mua
a3,Allen,743917_2024-09-30_15-47-13,314,good,good,good,good,good,good,good,good,good,good,good,good,good,good,good,good,good,good
a3,Allen,743917_2024-09-30_15-47-13,315,mua,mua,mua,mua,mua,mua,mua,mua,mua,mua,mua,mua,mua,mua,mua,mua,mua,mua
a3,Allen,743917_2024-09-30_15-47-13,316,noise,noise,noise,noise,noise,noise,noise,noise,noise,noise,noise,noise,noise,noise,noise,noise,noise,noise
a3,Allen,743917_2024-09-30_15-47-13,317,good,good,good,good,good,good,good,good,good,good,good,good,good,good,good,good,good,good
a3,Allen,743917_2024-09-30_15-47-13,318,good,good,good,good,good,good,good,good,good,good,good,good,good,good,good,good,good,good
a3,Allen,743917_2024-09-30_15-47-13,319,good,good,good,good,good,good,good,good,good,good,good,good,good,good,good,good,good,good
a3,Allen,743917_2024-09-30_15-47-13,321,good,good,good,good,good,good,good,good,good,good,good,good,good,good,good,good,good,good
a3,Allen,743917_2024-09-30_15-47-13,322,mua,mua,mua,mua,mua,mua,mua,mua,mua,mua,good,mua,mua,mua,mua,good,mua,mua
a3,Allen,743917_2024-09-30_15-47-13,323,mua,mua,mua,mua,mua,mua,mua,mua,mua,mua,mua,mua,good,mua,good,mua,good,good
a3,Allen,743917_2024-09-30_15-47-13,324,mua,mua,mua,mua,mua,mua,mua,mua,mua,mua,mua,mua,mua,mua,mua,mua,mua,mua
a3,Allen,743917_2024-09-30_15-47-13,325,good,good,good,good,good,good,good,good,good,good,good,good,good,good,good,good,good,good
a3,Allen,743917_2024-09-30_15-47-13,327,good,good,good,good,good,good,good,good,good,good,good,good,good,good,good,good,good,good
a3,Allen,743917_2024-09-30_15-47-13,328,good,mua,good,mua,mua,mua,mua,good,mua,mua,mua,mua,good,mua,good,good,good,good
a3,Allen,743917_2024-09-30_15-47-13,329,good,good,good,good,good,good,good,good,good,good,good,good,good,good,good,good,good,good
a3,Allen,743917_2024-09-30_15-47-13,331,good,good,good,good,good,good,good,good,good,good,good,good,good,good,good,good,good,good
a3,Allen,743917_2024-09-30_15-47-13,332,good,good,good,good,good,good,good,good,good,good,good,good,good,good,good,good,good,good
a3,Allen,743917_2024-09-30_15-47-13,333,good,good,good,good,good,good,good,good,good,good,good,good,good,good,good,good,good,good
a3,Allen,743917_2024-09-30_15-47-13,334,good,good,good,good,good,good,good,good,good,good,good,good,good,good,good,good,good,good
a3,Allen,743917_2024-09-30_15-47-13,335,good,good,good,good,good,good,good,good,good,good,good,good,good,good,good,good,good,good
a3,Allen,743917_2024-09-30_15-47-13,336,good,good,good,good,good,good,good,good,good,good,good,good,good,good,good,good,good,good
a3,Allen,743917_2024-09-30_15-47-13,338,good,mua,noise,noise,good,noise,good,noise,noise,noise,noise,noise,noise,noise,good,noise,good,good
a3,Allen,743917_2024-09-30_15-47-13,339,mua,mua,mua,mua,mua,mua,mua,mua,mua,mua,mua,mua,mua,mua,mua,mua,mua,mua
a3,Allen,743917_2024-09-30_15-47-13,340,mua,mua,mua,mua,mua,mua,mua,mua,mua,mua,mua,mua,mua,mua,mua,mua,mua,mua
a3,Allen,743917_2024-09-30_15-47-13,341,mua,mua,mua,mua,noise,mua,mua,mua,mua,noise,mua,noise,mua,mua,mua,mua,mua,mua
a3,Allen,743917_2024-09-30_15-47-13,342,mua,mua,mua,mua,mua,mua,mua,mua,mua,mua,mua,mua,mua,mua,mua,mua,mua,mua
a3,Allen,743917_2024-09-30_15-47-13,343,mua,mua,mua,mua,mua,mua,mua,mua,mua,mua,mua,mua,mua,mua,mua,mua,mua,mua
a3,Allen,743917_2024-09-30_15-47-13,344,good,good,good,good,good,good,good,good,good,good,good,good,good,good,good,good,good,good
a3,Allen,743917_2024-09-30_15-47-13,345,good,good,good,good,good,good,good,good,good,good,good,good,good,good,good,good,good,good
a3,Allen,743917_2024-09-30_15-47-13,346,good,good,good,good,good,good,good,good,good,good,good,good,good,good,good,good,good,good
a3,Allen,743917_2024-09-30_15-47-13,347,good,good,good,good,good,good,good,good,good,good,good,good,good,good,good,good,good,good
a3,Allen,743917_2024-09-30_15-47-13,348,good,good,good,good,good,good,good,good,good,good,good,good,good,good,good,good,good,good
a3,Allen,743917_2024-09-30_15-47-13,349,mua,mua,mua,mua,mua,good,mua,mua,mua,mua,good,mua,mua,mua,good,mua,good,good
a3,Allen,743917_2024-09-30_15-47-13,350,good,good,good,good,good,good,good,good,good,good,good,good,good,good,good,good,good,good
a3,Allen,743917_2024-09-30_15-47-13,351,mua,mua,mua,mua,mua,mua,mua,mua,mua,mua,mua,mua,mua,mua,mua,mua,mua,mua
a3,Allen,743917_2024-09-30_15-47-13,352,good,good,good,good,good,good,good,good,good,good,good,good,good,good,good,good,good,good
a3,Allen,743917_2024-09-30_15-47-13,353,good,good,good,good,good,good,good,good,good,good,good,good,good,good,good,good,good,good
a3,Allen,743917_2024-09-30_15-47-13,354,mua,mua,mua,mua,mua,mua,mua,mua,mua,mua,mua,mua,mua,mua,mua,mua,mua,mua
a3,Allen,743917_2024-09-30_15-47-13,355,mua,mua,mua,mua,mua,mua,mua,mua,mua,mua,noise,noise,mua,mua,mua,mua,mua,mua
a3,Allen,743917_2024-09-30_15-47-13,356,mua,noise,noise,noise,noise,noise,noise,mua,mua,noise,noise,noise,mua,mua,good,noise,good,good
a3,Allen,743917_2024-09-30_15-47-13,357,good,noise,noise,noise,noise,noise,noise,good,good,mua,noise,mua,good,good,good,good,good,good
a3,Allen,743917_2024-09-30_15-47-13,358,mua,noise,noise,mua,mua,mua,mua,mua,mua,mua,mua,mua,mua,mua,mua,mua,mua,mua
a3,Allen,743917_2024-09-30_15-47-13,359,good,good,good,mua,good,good,good,good,mua,mua,good,mua,good,good,good,good,good,good
a3,Allen,743917_2024-09-30_15-47-13,361,mua,good,good,good,good,good,good,good,good,good,good,good,good,good,good,good,good,mua
a3,Allen,743917_2024-09-30_15-47-13,362,mua,mua,mua,mua,mua,mua,mua,mua,mua,mua,mua,mua,mua,mua,mua,mua,mua,mua
a3,Allen,743917_2024-09-30_15-47-13,363,mua,mua,mua,mua,mua,mua,mua,mua,mua,mua,mua,mua,mua,mua,mua,mua,mua,mua
a3,Allen,743917_2024-09-30_15-47-13,364,good,good,good,good,good,good,good,good,good,good,good,good,good,good,good,good,good,good
a3,Allen,743917_2024-09-30_15-47-13,365,mua,mua,mua,mua,mua,mua,mua,mua,mua,mua,good,mua,mua,mua,mua,mua,mua,mua
a3,Allen,743917_2024-09-30_15-47-13,366,good,good,good,good,good,good,good,good,good,good,good,good,good,good,good,good,good,good
a3,Allen,743917_2024-09-30_15-47-13,367,good,good,mua,mua,mua,good,mua,good,good,mua,good,mua,good,good,good,good,good,good
a3,Allen,743917_2024-09-30_15-47-13,368,mua,mua,mua,mua,mua,mua,mua,mua,mua,mua,mua,mua,mua,mua,mua,mua,mua,mua
a3,Allen,743917_2024-09-30_15-47-13,369,mua,mua,mua,mua,mua,mua,mua,mua,mua,mua,mua,mua,mua,mua,mua,mua,mua,good
a3,Allen,743917_2024-09-30_15-47-13,370,good,good,good,good,good,good,good,good,good,mua,good,mua,good,good,good,good,good,good
a3,Allen,743917_2024-09-30_15-47-13,371,mua,mua,mua,mua,mua,mua,mua,mua,mua,mua,mua,mua,mua,mua,mua,mua,mua,mua
a3,Allen,743917_2024-09-30_15-47-13,372,mua,mua,mua,mua,mua,mua,mua,mua,mua,mua,mua,mua,mua,mua,mua,mua,mua,mua
a3,Allen,743917_2024-09-30_15-47-13,373,good,mua,mua,mua,mua,mua,mua,mua,mua,mua,mua,mua,mua,mua,good,good,good,mua
a3,Allen,743917_2024-09-30_15-47-13,374,mua,mua,mua,mua,mua,mua,mua,mua,mua,mua,mua,mua,mua,mua,mua,mua,mua,mua
a3,Allen,743917_2024-09-30_15-47-13,375,noise,noise,noise,noise,noise,noise,noise,noise,noise,noise,noise,noise,noise,noise,noise,noise,noise,noise
a3,Allen,743917_2024-09-30_15-47-13,377,good,good,good,good,good,good,good,good,good,good,good,good,good,good,good,good,good,good
a3,Allen,743917_2024-09-30_15-47-13,378,mua,mua,mua,mua,mua,mua,mua,mua,mua,mua,mua,mua,mua,mua,mua,mua,mua,mua
a3,Allen,743917_2024-09-30_15-47-13,380,good,good,good,good,good,good,good,good,good,good,good,good,good,good,good,good,good,good
a3,Allen,743917_2024-09-30_15-47-13,381,mua,mua,mua,mua,mua,mua,mua,mua,mua,mua,mua,mua,mua,mua,mua,mua,mua,mua
a3,Allen,743917_2024-09-30_15-47-13,382,mua,mua,mua,mua,mua,mua,mua,mua,mua,mua,mua,mua,mua,mua,mua,mua,mua,mua
a3,Allen,743917_2024-09-30_15-47-13,383,mua,mua,mua,mua,mua,good,mua,mua,mua,mua,good,mua,mua,mua,mua,mua,mua,mua
u8,UnitRefine,mouse1a_imec0,1,mua,noise,mua,mua,noise,noise,noise,mua,mua,noise,mua,noise,noise,noise,noise,noise,noise,noise
u8,UnitRefine,mouse1a_imec0,2,mua,noise,noise,noise,noise,noise,noise,noise,noise,noise,noise,noise,noise,mua,noise,noise,noise,noise
u8,UnitRefine,mouse1a_imec0,3,good,good,good,good,good,good,good,good,good,good,good,good,good,good,good,good,good,good
u8,UnitRefine,mouse1a_imec0,4,mua,mua,mua,mua,mua,mua,mua,mua,mua,mua,mua,mua,good,mua,mua,mua,mua,mua
u8,UnitRefine,mouse1a_imec0,5,good,good,good,good,good,good,good,good,good,good,good,good,good,good,good,good,good,good
u8,UnitRefine,mouse1a_imec0,6,mua,noise,noise,noise,noise,noise,noise,noise,noise,noise,noise,noise,noise,mua,noise,noise,noise,mua
u8,UnitRefine,mouse1a_imec0,7,mua,mua,mua,mua,mua,good,mua,mua,mua,mua,good,mua,mua,mua,mua,good,mua,mua
u8,UnitRefine,mouse1a_imec0,8,mua,good,good,mua,good,good,good,good,mua,good,good,good,good,mua,good,mua,good,good
u8,UnitRefine,mouse1a_imec0,10,mua,noise,mua,mua,mua,noise,mua,mua,mua,mua,noise,mua,noise,noise,noise,noise,noise,noise
u8,UnitRefine,mouse1a_imec0,11,good,good,good,good,good,good,good,good,good,good,good,good,good,good,good,good,good,good
u8,UnitRefine,mouse1a_imec0,12,mua,mua,mua,mua,mua,mua,mua,mua,mua,mua,mua,mua,mua,mua,mua,mua,mua,mua
u8,UnitRefine,mouse1a_imec0,13,good,good,good,good,good,good,good,good,good,good,good,good,good,good,good,good,good,good
u8,UnitRefine,mouse1a_imec0,14,mua,good,good,good,good,good,good,good,good,good,good,good,mua,mua,mua,good,mua,mua
u8,UnitRefine,mouse1a_imec0,15,noise,noise,noise,mua,noise,mua,noise,noise,mua,noise,mua,noise,mua,mua,noise,mua,mua,mua
u8,UnitRefine,mouse1a_imec0,17,mua,noise,noise,noise,noise,noise,noise,noise,noise,noise,noise,noise,noise,mua,noise,noise,noise,noise
u8,UnitRefine,mouse1a_imec0,18,noise,noise,noise,noise,noise,noise,noise,noise,noise,noise,noise,noise,noise,mua,noise,noise,noise,mua
u8,UnitRefine,mouse1a_imec0,19,noise,noise,noise,noise,noise,noise,noise,noise,mua,noise,noise,noise,noise,mua,noise,noise,noise,mua
u8,UnitRefine,mouse1a_imec0,20,noise,noise,noise,noise,noise,noise,noise,noise,noise,noise,noise,noise,noise,noise,noise,noise,noise,noise
u8,UnitRefine,mouse1a_imec0,21,mua,mua,mua,mua,mua,mua,mua,mua,mua,mua,mua,mua,mua,mua,mua,mua,mua,mua
u8,UnitRefine,mouse1a_imec0,23,mua,mua,mua,mua,mua,good,mua,mua,mua,mua,mua,mua,mua,mua,mua,mua,mua,mua
u8,UnitRefine,mouse1a_imec0,24,mua,noise,noise,noise,noise,noise,noise,noise,noise,noise,noise,noise,noise,noise,noise,noise,noise,noise
u8,UnitRefine,mouse1a_imec0,25,mua,mua,mua,mua,mua,mua,mua,mua,mua,mua,mua,mua,mua,mua,mua,mua,mua,mua
u8,UnitRefine,mouse1a_imec0,26,good,good,good,good,good,good,good,good,good,good,good,good,good,good,good,good,good,good
u8,UnitRefine,mouse1a_imec0,27,mua,mua,mua,mua,mua,mua,mua,mua,mua,mua,mua,mua,mua,mua,mua,mua,mua,mua
u8,UnitRefine,mouse1a_imec0,28,mua,noise,noise,mua,noise,mua,noise,noise,noise,noise,mua,noise,noise,noise,noise,mua,noise,noise
u8,UnitRefine,mouse1a_imec0,29,mua,mua,mua,mua,mua,mua,mua,mua,mua,mua,mua,mua,mua,mua,mua,mua,mua,mua
u8,UnitRefine,mouse1a_imec0,31,mua,mua,mua,mua,mua,mua,mua,mua,mua,mua,mua,mua,mua,mua,mua,mua,mua,mua
u8,UnitRefine,mouse1a_imec0,34,mua,good,good,good,good,good,good,good,good,good,good,good,mua,mua,good,good,good,good
u8,UnitRefine,mouse1a_imec0,35,mua,good,good,good,good,good,good,good,good,good,good,good,good,mua,good,good,good,good
u8,UnitRefine,mouse1a_imec0,36,mua,mua,mua,mua,mua,mua,mua,mua,mua,mua,mua,mua,mua,mua,mua,mua,mua,mua
u8,UnitRefine,mouse1a_imec0,37,mua,mua,mua,mua,mua,mua,mua,mua,mua,good,mua,good,mua,mua,mua,mua,mua,mua
u8,UnitRefine,mouse1a_imec0,38,mua,mua,mua,mua,mua,mua,mua,mua,mua,mua,mua,mua,noise,mua,noise,mua,noise,noise
u8,UnitRefine,mouse1a_imec0,41,mua,mua,mua,mua,mua,mua,mua,mua,mua,mua,mua,mua,mua,mua,mua,mua,mua,mua
u8,UnitRefine,mouse1a_imec0,42,mua,mua,mua,mua,mua,mua,mua,mua,mua,mua,mua,mua,mua,mua,mua,mua,mua,mua
u8,UnitRefine,mouse1a_imec0,45,mua,good,good,good,good,good,good,good,good,good,good,good,good,good,good,good,good,good
u8,UnitRefine,mouse1a_imec0,46,mua,mua,mua,mua,mua,mua,mua,mua,mua,mua,mua,mua,mua,mua,mua,mua,mua,mua
u8,UnitRefine,mouse1a_imec0,47,mua,mua,mua,mua,mua,mua,mua,mua,mua,mua,mua,mua,mua,mua,mua,mua,mua,noise
u8,UnitRefine,mouse1a_imec0,48,mua,mua,mua,mua,mua,mua,mua,mua,mua,mua,mua,mua,mua,mua,mua,mua,mua,mua
u8,UnitRefine,mouse1a_imec0,50,mua,noise,noise,mua,noise,noise,noise,noise,mua,noise,noise,noise,noise,mua,noise,noise,noise,noise
u8,UnitRefine,mouse1a_imec0,53,mua,mua,mua,mua,mua,mua,mua,mua,mua,mua,mua,mua,mua,mua,mua,mua,mua,mua
u8,UnitRefine,mouse1a_imec0,54,mua,mua,mua,mua,mua,mua,mua,mua,mua,mua,mua,mua,mua,mua,mua,mua,mua,mua
u8,UnitRefine,mouse1a_imec0,55,mua,mua,mua,mua,mua,mua,mua,mua,mua,mua,mua,mua,mua,mua,mua,mua,mua,mua
u8,UnitRefine,mouse1a_imec0,56,good,good,good,good,good,good,good,good,good,good,good,good,good,good,good,good,good,good
u8,UnitRefine,mouse1a_imec0,57,good,good,good,good,good,good,good,good,good,good,good,good,good,good,good,good,good,good
u8,UnitRefine,mouse1a_imec0,58,mua,mua,mua,mua,mua,mua,mua,mua,mua,mua,mua,mua,mua,mua,mua,mua,mua,mua
u8,UnitRefine,mouse1a_imec0,59,good,good,good,good,good,good,good,good,good,good,good,good,good,good,good,good,good,good
u8,UnitRefine,mouse1a_imec0,60,mua,mua,mua,mua,mua,mua,mua,mua,mua,mua,mua,mua,mua,mua,mua,mua,mua,mua
u8,UnitRefine,mouse1a_imec0,61,good,good,good,good,good,good,good,good,good,good,good,good,good,good,good,good,good,good
u8,UnitRefine,mouse1a_imec0,62,mua,mua,mua,mua,mua,mua,mua,mua,mua,mua,mua,mua,mua,mua,mua,mua,mua,mua
u8,UnitRefine,mouse1a_imec0,63,mua,mua,mua,mua,mua,mua,mua,mua,mua,mua,mua,mua,mua,mua,mua,mua,mua,mua
u8,UnitRefine,mouse1a_imec0,64,mua,mua,mua,mua,mua,mua,mua,mua,mua,mua,mua,mua,mua,mua,mua,mua,mua,mua
u8,UnitRefine,mouse1a_imec0,66,mua,mua,mua,mua,mua,mua,mua,mua,mua,mua,mua,mua,mua,mua,mua,mua,mua,mua
u8,UnitRefine,mouse1a_imec0,68,mua,good,good,mua,mua,mua,mua,mua,mua,mua,mua,mua,mua,mua,mua,mua,mua,mua
u8,UnitRefine,mouse1a_imec0,69,mua,mua,mua,mua,mua,mua,mua,mua,mua,mua,mua,mua,mua,mua,mua,mua,mua,mua
u8,UnitRefine,mouse1a_imec0,71,mua,mua,good,mua,mua,mua,mua,mua,mua,mua,mua,mua,mua,mua,mua,mua,mua,mua
u8,UnitRefine,mouse1a_imec0,72,mua,mua,mua,mua,mua,mua,mua,mua,mua,mua,mua,mua,mua,mua,mua,mua,mua,noise
u8,UnitRefine,mouse1a_imec0,73,mua,mua,mua,mua,mua,mua,mua,mua,mua,mua,mua,mua,mua,mua,mua,mua,mua,mua
u8,UnitRefine,mouse1a_imec0,74,good,good,good,good,good,good,good,good,good,good,good,good,good,good,good,good,good,good
u8,UnitRefine,mouse1a_imec0,75,mua,mua,mua,mua,mua,mua,mua,mua,mua,mua,mua,mua,noise,mua,mua,noise,mua,noise
u8,UnitRefine,mouse1a_imec0,76,mua,mua,mua,mua,mua,mua,mua,mua,mua,mua,mua,mua,mua,mua,mua,mua,mua,mua
u8,UnitRefine,mouse1a_imec0,77,mua,mua,mua,mua,mua,mua,mua,mua,mua,mua,mua,mua,mua,mua,mua,mua,mua,mua
u8,UnitRefine,mouse1a_imec0,79,mua,mua,mua,mua,mua,mua,mua,mua,mua,mua,mua,mua,mua,mua,mua,mua,mua,mua
u8,UnitRefine,mouse1a_imec0,81,mua,mua,mua,mua,mua,mua,mua,mua,mua,mua,mua,mua,mua,mua,mua,mua,mua,mua
u8,UnitRefine,mouse1a_imec0,82,mua,mua,mua,mua,mua,mua,mua,mua,mua,mua,mua,mua,mua,mua,mua,mua,mua,mua
u8,UnitRefine,mouse1a_imec0,83,mua,noise,noise,noise,noise,noise,noise,noise,noise,noise,noise,noise,mua,mua,noise,noise,noise,noise
u8,UnitRefine,mouse1a_imec0,84,mua,mua,mua,mua,mua,mua,mua,mua,mua,mua,mua,mua,mua,mua,mua,mua,mua,mua
u8,UnitRefine,mouse1a_imec0,85,good,good,good,good,good,good,good,good,good,good,good,good,good,good,good,good,good,good
u8,UnitRefine,mouse1a_imec0,86,mua,noise,noise,noise,noise,noise,noise,noise,noise,noise,noise,noise,noise,noise,noise,noise,noise,noise
u8,UnitRefine,mouse1a_imec0,87,mua,mua,mua,mua,mua,mua,mua,mua,mua,mua,mua,mua,mua,mua,mua,mua,mua,mua
u8,UnitRefine,mouse1a_imec0,88,mua,noise,noise,noise,noise,noise,noise,noise,noise,noise,noise,noise,noise,noise,noise,noise,noise,noise
u8,UnitRefine,mouse1a_imec0,89,mua,mua,mua,mua,mua,mua,mua,mua,mua,mua,mua,mua,mua,mua,mua,mua,mua,mua
u8,UnitRefine,mouse1a_imec0,90,mua,mua,mua,mua,mua,mua,mua,mua,mua,mua,mua,mua,mua,mua,mua,mua,mua,mua
u8,UnitRefine,mouse1a_imec0,91,mua,noise,noise,noise,noise,mua,noise,noise,mua,mua,mua,mua,noise,noise,noise,noise,noise,noise
u8,UnitRefine,mouse1a_imec0,92,mua,mua,mua,mua,mua,mua,mua,mua,mua,mua,mua,mua,mua,mua,mua,mua,mua,mua
u8,UnitRefine,mouse1a_imec0,93,mua,mua,mua,mua,mua,mua,mua,mua,mua,mua,mua,mua,mua,mua,mua,mua,mua,mua
u8,UnitRefine,mouse1a_imec0,94,mua,mua,mua,mua,mua,mua,mua,mua,mua,mua,mua,mua,mua,mua,mua,mua,mua,mua
u8,UnitRefine,mouse1a_imec0,95,mua,good,good,mua,mua,mua,mua,good,mua,good,mua,good,good,good,good,good,good,good
u8,UnitRefine,mouse1a_imec0,96,mua,mua,mua,mua,mua,mua,mua,mua,mua,mua,mua,mua,mua,mua,mua,mua,mua,mua
u8,UnitRefine,mouse1a_imec0,97,noise,noise,noise,mua,noise,mua,noise,noise,mua,noise,noise,noise,noise,noise,noise,noise,noise,noise
u8,UnitRefine,mouse1a_imec0,98,mua,noise,noise,mua,noise,noise,noise,noise,mua,noise,noise,noise,mua,mua,mua,mua,mua,mua
u8,UnitRefine,mouse1a_imec0,99,mua,mua,mua,mua,mua,mua,mua,mua,mua,mua,mua,mua,mua,mua,mua,mua,mua,mua
u8,UnitRefine,mouse1a_imec0,101,mua,mua,mua,mua,mua,mua,mua,mua,mua,mua,mua,mua,mua,mua,mua,mua,mua,mua
u8,UnitRefine,mouse1a_imec0,102,mua,mua,mua,mua,mua,mua,mua,mua,mua,mua,mua,mua,mua,mua,mua,mua,mua,mua
u8,UnitRefine,mouse1a_imec0,103,mua,mua,mua,mua,mua,mua,mua,mua,mua,mua,mua,mua,mua,mua,mua,mua,mua,mua
u8,UnitRefine,mouse1a_imec0,104,good,good,good,mua,good,mua,good,good,mua,good,mua,good,good,good,good,good,good,good
u8,UnitRefine,mouse1a_imec0,105,mua,mua,mua,mua,mua,mua,mua,mua,mua,mua,mua,mua,mua,mua,mua,mua,mua,mua
u8,UnitRefine,mouse1a_imec0,106,mua,noise,noise,noise,noise,noise,noise,noise,noise,noise,noise,noise,mua,mua,mua,mua,mua,mua
u8,UnitRefine,mouse1a_imec0,107,mua,noise,noise,mua,mua,noise,noise,noise,mua,mua,noise,mua,mua,mua,mua,mua,mua,mua
u8,UnitRefine,mouse1a_imec0,108,mua,good,mua,mua,good,good,good,mua,mua,mua,mua,mua,mua,mua,mua,mua,mua,mua
u8,UnitRefine,mouse1a_imec0,109,good,good,mua,mua,mua,mua,mua,good,mua,good,mua,good,mua,mua,mua,good,mua,mua
u8,UnitRefine,mouse1a_imec0,110,good,good,good,good,mua,mua,mua,good,good,good,good,good,good,good,good,good,good,good
u8,UnitRefine,mouse1a_imec0,111,good,good,good,good,good,good,good,good,good,good,good,good,good,good,good,good,good,good
u8,UnitRefine,mouse1a_imec0,112,mua,good,good,mua,good,good,good,good,mua,good,good,good,mua,mua,mua,good,mua,mua
u8,UnitRefine,mouse1a_imec0,113,mua,mua,mua,mua,mua,mua,mua,mua,mua,mua,mua,mua,mua,mua,mua,mua,mua,mua
u8,UnitRefine,mouse1a_imec0,114,noise,noise,noise,noise,noise,noise,noise,noise,mua,noise,noise,noise,noise,mua,noise,mua,noise,mua
u8,UnitRefine,mouse1a_imec0,116,mua,mua,mua,mua,mua,mua,mua,mua,mua,mua,mua,mua,mua,mua,mua,mua,mua,mua
u8,UnitRefine,mouse1a_imec0,117,good,good,good,good,good,good,good,good,good,good,good,good,good,good,good,good,good,good
u8,UnitRefine,mouse1a_imec0,118,mua,mua,mua,mua,mua,mua,mua,mua,mua,mua,mua,mua,mua,mua,mua,mua,mua,mua
u8,UnitRefine,mouse1a_imec0,119,good,good,good,good,good,good,good,good,good,good,good,good,good,good,good,good,good,good
u8,UnitRefine,mouse1a_imec0,120,good,good,good,good,good,good,good,good,good,good,good,good,good,good,good,good,good,good
u8,UnitRefine,mouse1a_imec0,121,good,good,good,good,good,good,good,good,good,good,good,good,good,good,good,good,good,good
u8,UnitRefine,mouse1a_imec0,122,mua,mua,mua,mua,mua,mua,mua,mua,mua,mua,mua,mua,mua,mua,mua,mua,mua,mua
u8,UnitRefine,mouse1a_imec0,123,mua,mua,mua,mua,mua,mua,mua,mua,mua,mua,mua,mua,mua,mua,mua,mua,mua,mua
u8,UnitRefine,mouse1a_imec0,124,mua,mua,mua,mua,mua,mua,mua,mua,mua,mua,mua,mua,mua,mua,mua,mua,mua,mua
u8,UnitRefine,mouse1a_imec0,125,mua,mua,mua,mua,mua,mua,mua,mua,mua,mua,mua,mua,mua,mua,mua,mua,mua,mua
u8,UnitRefine,mouse1a_imec0,126,mua,mua,mua,mua,mua,mua,mua,mua,mua,mua,mua,mua,mua,mua,mua,mua,mua,mua
u8,UnitRefine,mouse1a_imec0,127,mua,noise,noise,noise,noise,noise,noise,noise,noise,noise,noise,noise,noise,noise,noise,noise,noise,noise
u8,UnitRefine,mouse1a_imec0,128,mua,mua,mua,mua,mua,mua,mua,mua,mua,mua,mua,mua,mua,mua,mua,mua,mua,mua
u8,UnitRefine,mouse1a_imec0,129,mua,mua,mua,mua,mua,mua,mua,mua,mua,mua,mua,mua,mua,mua,mua,mua,mua,mua
u8,UnitRefine,mouse1a_imec0,130,mua,noise,noise,noise,noise,noise,noise,noise,noise,noise,noise,noise,mua,mua,mua,mua,mua,mua
u8,UnitRefine,mouse1a_imec0,131,good,mua,good,mua,good,mua,good,good,mua,good,mua,good,good,good,good,good,good,good
u8,UnitRefine,mouse1a_imec0,132,mua,mua,mua,mua,mua,mua,mua,mua,mua,mua,mua,mua,mua,mua,mua,mua,mua,mua
u8,UnitRefine,mouse1a_imec0,133,mua,mua,mua,mua,noise,mua,noise,mua,mua,noise,mua,noise,noise,mua,noise,mua,noise,noise
u8,UnitRefine,mouse1a_imec0,136,mua,noise,noise,noise,noise,noise,noise,noise,noise,noise,noise,noise,noise,noise,noise,noise,noise,noise
u8,UnitRefine,mouse1a_imec0,137,mua,mua,mua,mua,mua,mua,mua,mua,mua,mua,mua,mua,mua,mua,mua,mua,mua,mua
u8,UnitRefine,mouse1a_imec0,140,good,good,good,good,good,mua,good,good,good,good,good,good,good,mua,good,good,good,good
u8,UnitRefine,mouse1a_imec0,141,good,mua,mua,mua,mua,mua,mua,mua,mua,mua,mua,mua,mua,mua,mua,mua,mua,mua
u8,UnitRefine,mouse1a_imec0,142,good,good,good,good,good,good,good,good,good,good,good,good,good,good,good,good,good,good
u8,UnitRefine,mouse1a_imec0,145,mua,mua,mua,mua,good,mua,mua,mua,mua,mua,mua,mua,noise,noise,mua,mua,noise,noise
u8,UnitRefine,mouse1a_imec0,146,good,good,good,good,good,good,good,good,good,good,good,good,good,good,good,good,good,good
u8,UnitRefine,mouse1a_imec0,147,good,good,good,good,good,good,good,good,good,good,mua,good,good,good,good,good,good,good
u8,UnitRefine,mouse1a_imec0,148,good,good,good,good,good,good,good,good,good,good,good,good,good,good,good,good,good,good
u8,UnitRefine,mouse1a_imec0,149,good,good,good,good,good,good,good,good,good,good,good,good,good,good,good,good,good,good
u8,UnitRefine,mouse1a_imec0,151,good,good,good,good,good,good,good,good,good,good,good,good,good,good,good,good,good,good
u8,UnitRefine,mouse1a_imec0,152,good,good,good,good,good,good,good,good,good,good,good,good,good,good,good,good,good,good
u8,UnitRefine,mouse1a_imec0,153,mua,good,mua,mua,good,noise,good,good,mua,good,mua,good,mua,mua,noise,noise,noise,noise
u8,UnitRefine,mouse1a_imec0,154,mua,noise,noise,noise,noise,noise,noise,noise,noise,noise,noise,noise,noise,noise,noise,noise,noise,noise
u8,UnitRefine,mouse1a_imec0,155,mua,mua,mua,mua,mua,mua,mua,mua,mua,mua,mua,mua,mua,mua,mua,mua,mua,mua
u8,UnitRefine,mouse1a_imec0,156,mua,noise,noise,noise,noise,noise,noise,noise,noise,noise,noise,noise,mua,mua,mua,mua,mua,mua
u8,UnitRefine,mouse1a_imec0,157,mua,mua,mua,mua,mua,mua,mua,mua,mua,mua,mua,mua,mua,mua,mua,mua,mua,mua
u8,UnitRefine,mouse1a_imec0,158,mua,mua,mua,mua,mua,noise,mua,mua,mua,mua,noise,mua,mua,mua,mua,mua,mua,mua
u8,UnitRefine,mouse1a_imec0,159,mua,mua,mua,mua,mua,mua,mua,mua,mua,mua,mua,mua,mua,mua,mua,mua,mua,mua
u8,UnitRefine,mouse1a_imec0,161,mua,mua,mua,mua,mua,mua,mua,mua,mua,mua,mua,mua,mua,mua,mua,mua,mua,mua
u8,UnitRefine,mouse1a_imec0,162,mua,noise,noise,good,noise,good,noise,mua,mua,mua,mua,mua,noise,mua,noise,mua,noise,mua
u8,UnitRefine,mouse1a_imec0,164,mua,mua,mua,mua,mua,mua,mua,mua,mua,mua,mua,mua,mua,mua,mua,mua,mua,mua
u8,UnitRefine,mouse1a_imec0,165,good,good,good,good,good,good,good,good,good,good,good,good,good,good,good,good,good,good
u8,UnitRefine,mouse1a_imec0,166,good,mua,mua,mua,mua,mua,mua,mua,mua,mua,mua,mua,good,mua,good,good,good,good
u8,UnitRefine,mouse1a_imec0,167,mua,noise,noise,noise,noise,noise,noise,noise,noise,noise,noise,noise,noise,noise,noise,noise,noise,noise
u8,UnitRefine,mouse1a_imec0,168,mua,mua,mua,mua,mua,mua,mua,mua,mua,mua,mua,mua,mua,mua,mua,mua,mua,mua
u8,UnitRefine,mouse1a_imec0,169,mua,mua,mua,mua,mua,mua,mua,mua,mua,mua,mua,mua,mua,mua,mua,mua,mua,mua
u8,UnitRefine,mouse1a_imec0,171,mua,mua,mua,mua,mua,mua,mua,mua,mua,mua,mua,mua,mua,mua,mua,mua,mua,mua
u8,UnitRefine,mouse1a_imec0,172,mua,good,mua,mua,good,good,good,mua,mua,mua,good,mua,mua,mua,mua,good,mua,mua
u8,UnitRefine,mouse1a_imec0,173,mua,mua,mua,mua,mua,mua,mua,mua,mua,mua,mua,mua,mua,mua,mua,mua,mua,mua
u8,UnitRefine,mouse1a_imec0,174,mua,mua,mua,mua,mua,mua,mua,mua,mua,mua,mua,mua,mua,mua,mua,mua,mua,mua
u8,UnitRefine,mouse1a_imec0,175,mua,mua,mua,mua,mua,good,mua,mua,mua,mua,good,mua,mua,mua,mua,mua,mua,mua
u8,UnitRefine,mouse1a_imec0,176,good,mua,mua,mua,mua,good,mua,mua,mua,mua,good,mua,mua,mua,mua,good,mua,mua
u8,UnitRefine,mouse1a_imec0,177,mua,mua,mua,mua,mua,mua,mua,mua,mua,mua,mua,mua,mua,mua,mua,mua,mua,mua
u8,UnitRefine,mouse1a_imec0,178,mua,mua,mua,mua,mua,mua,mua,mua,mua,mua,mua,mua,mua,mua,mua,mua,mua,mua
u8,UnitRefine,mouse1a_imec0,181,mua,mua,mua,mua,mua,mua,mua,mua,mua,mua,mua,mua,mua,mua,mua,mua,mua,mua
u8,UnitRefine,mouse1a_imec0,182,good,good,good,good,good,good,good,good,good,mua,good,good,mua,mua,good,good,good,good
u8,UnitRefine,mouse1a_imec0,184,mua,mua,mua,mua,mua,mua,mua,mua,mua,mua,mua,mua,mua,mua,mua,mua,mua,mua
u8,UnitRefine,mouse1a_imec0,186,mua,mua,mua,mua,mua,mua,mua,mua,mua,mua,mua,mua,mua,mua,mua,mua,mua,mua
u8,UnitRefine,mouse1a_imec0,187,good,good,good,good,good,good,good,good,good,good,good,good,good,good,good,good,good,good
u8,UnitRefine,mouse1a_imec0,189,good,good,good,good,good,good,good,good,good,good,good,good,good,good,good,good,good,good
u8,UnitRefine,mouse1a_imec0,190,good,good,good,good,mua,good,mua,good,good,mua,good,mua,good,mua,good,good,good,good
u8,UnitRefine,mouse1a_imec0,191,mua,mua,mua,mua,mua,mua,mua,mua,mua,mua,mua,mua,mua,mua,mua,mua,mua,mua
u8,UnitRefine,mouse1a_imec0,192,good,good,good,good,good,good,good,good,good,good,good,good,good,good,good,good,good,good
u8,UnitRefine,mouse1a_imec0,193,mua,mua,mua,mua,mua,mua,mua,mua,mua,mua,mua,mua,mua,mua,mua,mua,mua,mua
u8,UnitRefine,mouse1a_imec0,194,good,mua,mua,mua,mua,mua,mua,mua,mua,mua,mua,mua,mua,mua,good,mua,good,good
u8,UnitRefine,mouse1a_imec0,195,mua,mua,mua,mua,mua,mua,mua,mua,mua,mua,mua,mua,mua,mua,mua,mua,mua,mua
u8,UnitRefine,mouse1a_imec0,196,good,good,good,good,good,good,good,good,good,good,good,good,good,good,good,good,good,good
u8,UnitRefine,mouse1a_imec0,197,good,good,good,good,good,good,good,good,good,good,good,good,good,good,good,good,good,good
u8,UnitRefine,mouse1a_imec0,198,mua,mua,mua,mua,mua,mua,mua,mua,mua,mua,mua,mua,mua,mua,mua,mua,mua,mua
u8,UnitRefine,mouse1a_imec0,199,mua,mua,mua,mua,mua,mua,mua,mua,mua,mua,mua,mua,mua,mua,mua,mua,mua,mua
u8,UnitRefine,mouse1a_imec0,201,good,good,good,mua,good,good,good,good,mua,good,good,good,mua,mua,good,good,good,mua
u8,UnitRefine,mouse1a_imec0,202,mua,mua,mua,mua,mua,mua,mua,mua,noise,mua,noise,mua,noise,noise,noise,noise,noise,noise
u8,UnitRefine,mouse1a_imec0,203,mua,mua,mua,mua,mua,mua,mua,mua,mua,good,good,mua,mua,mua,mua,mua,mua,mua
u8,UnitRefine,mouse1a_imec0,204,mua,good,good,mua,good,mua,good,mua,mua,mua,mua,mua,mua,mua,mua,mua,mua,mua
u8,UnitRefine,mouse1a_imec0,208,mua,good,good,mua,good,good,good,good,good,good,mua,good,good,good,good,mua,good,good
u8,UnitRefine,mouse1a_imec0,209,mua,mua,mua,mua,mua,mua,mua,mua,mua,mua,mua,mua,mua,mua,mua,mua,mua,mua
u8,UnitRefine,mouse1a_imec0,212,good,good,good,good,good,good,good,good,good,good,good,good,good,good,good,good,good,good
u8,UnitRefine,mouse1a_imec0,213,good,good,good,good,good,good,good,good,good,good,good,good,good,good,good,good,good,good
u8,UnitRefine,mouse1a_imec0,214,mua,mua,mua,mua,mua,good,mua,mua,mua,mua,mua,mua,mua,mua,mua,mua,mua,mua
u8,UnitRefine,mouse1a_imec0,216,good,good,mua,mua,good,good,good,good,good,good,good,good,good,good,good,good,good,good
u8,UnitRefine,mouse1a_imec0,217,mua,mua,mua,mua,mua,mua,mua,mua,mua,mua,mua,mua,mua,mua,mua,mua,mua,mua
u8,UnitRefine,mouse1a_imec0,218,noise,noise,noise,noise,noise,noise,noise,noise,noise,noise,noise,noise,noise,noise,noise,noise,noise,noise
u8,UnitRefine,mouse1a_imec0,219,mua,mua,mua,mua,mua,noise,mua,mua,mua,mua,mua,mua,mua,mua,mua,mua,mua,mua
u8,UnitRefine,mouse1a_imec0,220,good,good,good,good,good,good,good,good,good,good,good,good,good,good,good,good,good,good
u8,UnitRefine,mouse1a_imec0,221,mua,mua,mua,mua,mua,mua,mua,mua,mua,mua,mua,mua,mua,mua,mua,mua,mua,mua
u8,UnitRefine,mouse1a_imec0,222,good,good,good,good,good,good,good,good,good,good,good,good,good,good,good,good,good,good
u8,UnitRefine,mouse1a_imec0,224,noise,noise,noise,noise,noise,noise,noise,noise,noise,noise,noise,noise,noise,noise,noise,noise,noise,noise
u8,UnitRefine,mouse1a_imec0,225,mua,good,mua,mua,mua,mua,mua,good,good,good,mua,good,good,good,good,mua,good,good
u8,UnitRefine,mouse1a_imec0,226,good,mua,mua,mua,mua,good,good,good,good,good,good,good,good,good,good,good,good,good
u8,UnitRefine,mouse1a_imec0,227,good,good,good,good,good,good,good,good,good,good,good,good,good,good,good,good,good,good
u8,UnitRefine,mouse1a_imec0,228,good,good,good,good,good,good,good,good,good,good,good,good,good,good,good,good,good,good
u8,UnitRefine,mouse1a_imec0,229,good,good,good,good,good,good,good,good,good,good,good,good,good,good,good,good,good,good
u8,UnitRefine,mouse1a_imec0,230,mua,mua,mua,mua,mua,mua,mua,mua,mua,mua,mua,mua,mua,mua,mua,mua,mua,mua
u8,UnitRefine,mouse1a_imec0,231,mua,mua,mua,mua,mua,mua,mua,mua,mua,mua,mua,mua,mua,mua,mua,mua,mua,mua
u8,UnitRefine,mouse1a_imec0,232,mua,mua,noise,mua,mua,mua,mua,noise,mua,mua,mua,mua,mua,mua,mua,mua,mua,mua
u8,UnitRefine,mouse1a_imec0,233,mua,mua,mua,mua,mua,mua,mua,mua,mua,good,mua,good,good,good,good,mua,good,good
u8,UnitRefine,mouse1a_imec0,234,mua,mua,mua,mua,mua,mua,mua,mua,mua,mua,mua,mua,mua,mua,mua,mua,mua,good
u8,UnitRefine,mouse1a_imec0,235,mua,good,good,good,good,good,good,good,good,good,good,good,good,good,good,good,good,good
u8,UnitRefine,mouse1a_imec0,236,good,mua,mua,mua,good,mua,good,mua,mua,good,good,good,mua,mua,mua,mua,mua,mua
u8,UnitRefine,mouse1a_imec0,237,mua,good,mua,good,good,good,good,good,good,good,good,good,good,good,good,good,good,good
u8,UnitRefine,mouse1a_imec0,238,good,good,good,good,good,good,good,good,good,good,good,good,good,good,good,good,good,good
u8,UnitRefine,mouse1a_imec0,239,mua,good,good,mua,good,good,good,good,mua,good,good,good,mua,mua,mua,mua,mua,mua
u8,UnitRefine,mouse1a_imec0,240,mua,mua,mua,mua,mua,mua,mua,mua,mua,mua,mua,mua,mua,mua,mua,mua,mua,mua
u8,UnitRefine,mouse1a_imec0,241,mua,mua,mua,mua,mua,mua,mua,mua,mua,mua,mua,mua,mua,mua,mua,mua,mua,mua
u8,UnitRefine,mouse1a_imec0,242,good,good,good,good,good,good,good,good,good,good,good,good,good,good,good,good,good,good
u8,UnitRefine,mouse1a_imec0,243,good,good,good,good,good,good,good,good,good,good,good,good,good,good,good,good,good,good
u8,UnitRefine,mouse1a_imec0,244,good,good,good,good,good,good,good,good,good,good,good,good,good,mua,good,good,good,good
u8,UnitRefine,mouse1a_imec0,245,mua,noise,noise,mua,noise,mua,noise,noise,mua,mua,mua,mua,noise,mua,mua,mua,mua,mua
u8,UnitRefine,mouse1a_imec0,246,good,good,good,mua,good,mua,good,good,good,good,good,good,good,good,good,good,good,good
u8,UnitRefine,mouse1a_imec0,248,mua,mua,mua,mua,mua,mua,mua,mua,mua,mua,mua,mua,mua,mua,mua,noise,mua,mua
u8,UnitRefine,mouse1a_imec0,250,mua,mua,mua,mua,mua,mua,mua,mua,mua,mua,mua,mua,mua,mua,good,mua,good,mua
u8,UnitRefine,mouse1a_imec0,251,mua,mua,mua,mua,mua,mua,mua,mua,mua,good,mua,mua,mua,mua,mua,mua,mua,mua
u8,UnitRefine,mouse1a_imec0,252,good,good,mua,mua,mua,mua,mua,good,mua,good,mua,good,good,mua,good,good,good,good
u8,UnitRefine,mouse1a_imec0,253,mua,mua,mua,mua,mua,mua,mua,mua,mua,mua,mua,mua,mua,mua,mua,mua,mua,mua
u8,UnitRefine,mouse1a_imec0,254,good,good,good,good,good,mua,good,good,good,good,good,good,good,good,good,good,good,good
u8,UnitRefine,mouse1a_imec0,255,good,good,good,good,good,good,good,good,mua,good,good,good,good,good,good,good,good,good
u8,UnitRefine,mouse1a_imec0,256,good,good,mua,mua,good,good,good,mua,mua,good,good,good,mua,mua,good,mua,good,good
u8,UnitRefine,mouse1a_imec0,257,mua,mua,mua,mua,mua,mua,mua,mua,mua,mua,mua,mua,mua,mua,mua,mua,mua,mua
u8,UnitRefine,mouse1a_imec0,258,mua,mua,mua,mua,mua,mua,mua,mua,mua,mua,mua,mua,mua,mua,mua,mua,mua,mua
u8,UnitRefine,mouse1a_imec0,259,good,good,good,good,good,good,good,good,good,good,good,good,good,good,good,good,good,good
u8,UnitRefine,mouse1a_imec0,260,good,good,good,good,good,good,good,good,good,good,good,good,good,good,good,good,good,good
u8,UnitRefine,mouse1a_imec0,261,good,good,good,mua,good,good,good,mua,mua,good,good,good,mua,mua,mua,good,mua,good
u8,UnitRefine,mouse1a_imec0,262,good,mua,mua,mua,mua,mua,mua,mua,mua,mua,mua,mua,mua,mua,mua,good,mua,mua
u8,UnitRefine,mouse1a_imec0,263,mua,mua,mua,mua,mua,mua,mua,mua,mua,mua,mua,mua,mua,mua,mua,mua,mua,good
u8,UnitRefine,mouse1a_imec0,265,good,good,good,good,good,good,good,good,good,good,good,good,good,good,good,good,good,good
u8,UnitRefine,mouse1a_imec0,266,good,good,good,good,good,good,good,good,good,good,good,good,good,good,good,good,good,good
u8,UnitRefine,mouse1a_imec0,267,noise,mua,mua,mua,mua,mua,mua,mua,mua,mua,mua,mua,mua,mua,mua,mua,mua,mua
u8,UnitRefine,mouse1a_imec0,268,mua,mua,mua,mua,mua,mua,mua,mua,mua,mua,mua,mua,mua,mua,mua,mua,mua,mua
u8,UnitRefine,mouse1a_imec0,269,mua,good,good,mua,good,good,good,good,mua,good,good,good,mua,good,mua,good,mua,good
u8,UnitRefine,mouse1a_imec0,270,mua,mua,mua,mua,mua,mua,mua,mua,mua,mua,mua,mua,mua,mua,mua,mua,mua,mua
u8,UnitRefine,mouse1a_imec0,271,mua,good,good,good,mua,mua,mua,good,good,mua,mua,mua,good,good,mua,good,mua,good
u8,UnitRefine,mouse1a_imec0,272,noise,mua,mua,mua,mua,mua,mua,mua,mua,mua,mua,mua,mua,mua,good,good,good,good
u8,UnitRefine,mouse1a_imec0,273,good,good,good,mua,good,good,good,good,good,good,good,good,good,good,good,good,good,good
u8,UnitRefine,mouse1a_imec0,274,mua,mua,mua,mua,mua,mua,mua,mua,mua,mua,mua,mua,mua,mua,mua,mua,mua,mua
u8,UnitRefine,mouse1a_imec0,275,noise,good,good,mua,good,mua,good,mua,mua,good,good,good,good,good,good,good,good,good
u8,UnitRefine,mouse1a_imec0,276,good,good,good,good,good,good,good,good,good,good,good,good,good,good,good,good,good,good
u8,UnitRefine,mouse1a_imec0,280,mua,mua,mua,mua,mua,mua,mua,mua,mua,mua,mua,mua,mua,mua,mua,mua,mua,mua
u8,UnitRefine,mouse1a_imec0,283,mua,mua,mua,mua,mua,mua,mua,mua,mua,mua,mua,mua,mua,mua,mua,mua,mua,mua
u8,UnitRefine,mouse1a_imec0,284,mua,mua,mua,mua,mua,mua,mua,mua,mua,mua,mua,mua,mua,mua,mua,mua,mua,mua
u8,UnitRefine,mouse1a_imec0,286,mua,mua,mua,mua,mua,mua,mua,mua,mua,mua,mua,mua,mua,mua,mua,mua,mua,mua
u8,UnitRefine,mouse1a_imec0,288,mua,mua,mua,mua,mua,mua,mua,mua,mua,mua,mua,mua,mua,mua,mua,mua,mua,mua
u8,UnitRefine,mouse1a_imec0,290,mua,mua,mua,mua,mua,mua,mua,mua,mua,mua,mua,mua,mua,mua,mua,mua,mua,mua
u8,UnitRefine,mouse1a_imec0,291,mua,mua,mua,mua,mua,mua,mua,mua,mua,mua,mua,mua,mua,mua,mua,mua,mua,mua
u8,UnitRefine,mouse1a_imec0,294,good,mua,mua,mua,mua,good,mua,mua,mua,mua,good,mua,mua,good,mua,good,mua,good
u8,UnitRefine,mouse1a_imec0,295,mua,mua,mua,mua,mua,mua,mua,mua,mua,mua,mua,mua,mua,mua,mua,mua,mua,mua
u8,UnitRefine,mouse1a_imec0,296,mua,mua,mua,mua,mua,mua,mua,mua,mua,mua,mua,mua,mua,mua,mua,good,mua,good
u8,UnitRefine,mouse1a_imec0,298,good,good,good,good,good,good,good,good,good,good,good,good,good,good,good,good,good,good
u8,UnitRefine,mouse1a_imec0,299,mua,mua,mua,mua,mua,mua,mua,mua,mua,mua,mua,mua,mua,mua,mua,mua,mua,mua
u8,UnitRefine,mouse1a_imec0,301,mua,mua,mua,mua,mua,mua,mua,mua,mua,mua,mua,mua,mua,mua,mua,mua,mua,mua
u8,UnitRefine,mouse1a_imec0,302,mua,mua,mua,mua,mua,mua,mua,mua,mua,mua,mua,mua,mua,mua,mua,mua,mua,mua
u8,UnitRefine,mouse1a_imec0,306,mua,mua,mua,mua,mua,mua,mua,mua,mua,mua,mua,mua,mua,mua,mua,mua,mua,mua
u8,UnitRefine,mouse1a_imec0,307,mua,mua,mua,mua,mua,mua,mua,mua,mua,mua,mua,mua,mua,mua,mua,mua,mua,mua
u8,UnitRefine,mouse1a_imec0,308,mua,mua,mua,mua,mua,mua,mua,mua,mua,mua,mua,mua,mua,mua,mua,mua,mua,mua
u8,UnitRefine,mouse1a_imec0,309,noise,noise,noise,noise,noise,noise,noise,noise,mua,noise,noise,noise,mua,mua,mua,mua,mua,mua
u8,UnitRefine,mouse1a_imec0,311,mua,mua,mua,mua,mua,mua,mua,mua,mua,mua,mua,mua,mua,mua,mua,mua,mua,mua
u8,UnitRefine,mouse1a_imec0,316,mua,mua,mua,mua,mua,mua,mua,mua,mua,mua,mua,mua,mua,mua,mua,mua,mua,mua
u8,UnitRefine,mouse1a_imec0,317,mua,mua,mua,mua,mua,mua,mua,mua,mua,mua,mua,mua,mua,mua,mua,mua,mua,mua
u8,UnitRefine,mouse1a_imec0,318,mua,noise,noise,noise,noise,noise,noise,noise,noise,noise,noise,noise,noise,mua,noise,noise,noise,mua
u8,UnitRefine,mouse1a_imec0,319,mua,mua,mua,mua,mua,mua,mua,mua,mua,mua,mua,mua,mua,mua,mua,mua,mua,mua
u8,UnitRefine,mouse1a_imec0,320,mua,mua,mua,mua,mua,mua,mua,mua,mua,good,good,good,mua,mua,mua,mua,mua,mua
u8,UnitRefine,mouse1a_imec0,321,mua,mua,mua,mua,mua,mua,mua,mua,mua,mua,mua,mua,mua,mua,mua,noise,mua,noise
u8,UnitRefine,mouse1a_imec0,324,mua,mua,mua,mua,mua,mua,mua,mua,mua,mua,mua,mua,mua,mua,mua,mua,mua,mua
u8,UnitRefine,mouse1a_imec0,325,mua,mua,mua,mua,mua,mua,mua,mua,mua,mua,mua,mua,mua,mua,mua,mua,mua,mua
u8,UnitRefine,mouse1a_imec0,326,mua,mua,mua,mua,mua,mua,mua,mua,mua,mua,mua,mua,mua,mua,mua,mua,mua,mua
u8,UnitRefine,mouse1a_imec0,327,mua,mua,mua,mua,mua,mua,mua,mua,mua,mua,mua,mua,mua,mua,mua,noise,mua,noise
u8,UnitRefine,mouse1a_imec0,328,mua,mua,mua,mua,mua,mua,mua,mua,mua,mua,mua,mua,mua,mua,mua,mua,mua,mua
u8,UnitRefine,mouse1a_imec0,329,good,good,good,good,good,good,good,good,good,good,good,good,good,good,good,good,good,good
u8,UnitRefine,mouse1a_imec0,330,mua,good,good,good,good,good,good,good,good,good,mua,good,mua,mua,good,good,good,good
u8,UnitRefine,mouse1a_imec0,331,mua,mua,mua,mua,mua,mua,mua,mua,mua,mua,mua,mua,mua,mua,mua,mua,mua,mua
u8,UnitRefine,mouse1a_imec0,332,mua,mua,mua,mua,mua,mua,mua,mua,mua,mua,mua,mua,mua,mua,mua,mua,mua,mua
u8,UnitRefine,mouse1a_imec0,334,mua,good,good,good,good,good,good,mua,mua,mua,good,mua,mua,mua,good,mua,good,mua
u8,UnitRefine,mouse1a_imec0,335,mua,mua,mua,mua,mua,mua,mua,mua,mua,mua,mua,mua,mua,mua,mua,mua,mua,mua
u8,UnitRefine,mouse1a_imec0,336,mua,noise,noise,noise,noise,noise,noise,noise,noise,noise,noise,noise,mua,mua,noise,noise,noise,noise
u8,UnitRefine,mouse1a_imec0,337,mua,noise,noise,noise,noise,noise,noise,noise,noise,noise,noise,noise,noise,mua,noise,mua,noise,noise
u8,UnitRefine,mouse1a_imec0,338,mua,mua,mua,mua,mua,mua,mua,mua,mua,mua,mua,mua,mua,mua,mua,mua,mua,mua
u8,UnitRefine,mouse1a_imec0,339,mua,mua,mua,mua,mua,mua,mua,mua,mua,mua,mua,mua,mua,mua,mua,mua,mua,mua
u8,UnitRefine,mouse1a_imec0,341,mua,mua,mua,mua,mua,mua,mua,mua,mua,mua,mua,mua,mua,mua,mua,mua,mua,mua
u8,UnitRefine,mouse1a_imec0,342,mua,mua,mua,mua,mua,mua,mua,mua,mua,mua,mua,mua,mua,mua,mua,mua,mua,mua
u8,UnitRefine,mouse1a_imec0,343,mua,mua,mua,mua,mua,mua,mua,mua,mua,mua,mua,mua,mua,mua,noise,mua,noise,noise
u8,UnitRefine,mouse1a_imec0,344,good,good,good,good,good,good,good,good,good,good,good,good,good,good,good,good,good,good
u8,UnitRefine,mouse1a_imec0,345,mua,mua,mua,mua,mua,mua,mua,mua,mua,good,mua,mua,mua,mua,mua,mua,mua,mua
u8,UnitRefine,mouse1a_imec0,346,mua,mua,mua,mua,mua,mua,mua,mua,mua,mua,mua,mua,mua,mua,mua,mua,mua,mua
u8,UnitRefine,mouse1a_imec0,347,mua,mua,mua,mua,mua,mua,mua,mua,mua,mua,mua,mua,mua,mua,mua,mua,mua,mua
u8,UnitRefine,mouse1a_imec0,348,mua,mua,mua,mua,mua,mua,mua,mua,mua,mua,mua,mua,mua,mua,mua,mua,mua,mua
u8,UnitRefine,mouse1a_imec0,349,good,mua,mua,mua,mua,mua,mua,good,mua,good,mua,good,good,mua,good,mua,good,mua
u8,UnitRefine,mouse1a_imec0,350,mua,noise,noise,noise,noise,noise,noise,noise,noise,noise,noise,noise,noise,noise,noise,noise,noise,noise
u8,UnitRefine,mouse1a_imec0,353,mua,mua,mua,mua,mua,mua,mua,mua,mua,mua,mua,mua,mua,mua,mua,mua,mua,mua
u8,UnitRefine,mouse1a_imec0,354,mua,mua,mua,mua,mua,mua,mua,mua,mua,mua,mua,mua,mua,mua,mua,mua,mua,mua
u8,UnitRefine,mouse1a_imec0,355,mua,good,mua,mua,good,good,good,mua,mua,mua,mua,mua,mua,mua,mua,mua,mua,mua
u8,UnitRefine,mouse1a_imec0,356,mua,noise,noise,mua,noise,mua,noise,noise,noise,noise,noise,noise,noise,noise,noise,noise,noise,noise
u8,UnitRefine,mouse1a_imec0,357,mua,mua,mua,mua,mua,noise,mua,mua,mua,mua,mua,mua,mua,mua,mua,mua,mua,mua
u8,UnitRefine,mouse1a_imec0,358,good,good,good,mua,good,good,good,good,mua,good,good,good,mua,mua,good,good,good,mua
u8,UnitRefine,mouse1a_imec0,359,mua,mua,mua,mua,mua,mua,mua,mua,mua,mua,mua,mua,mua,mua,mua,mua,mua,mua
u8,UnitRefine,mouse1a_imec0,360,noise,noise,noise,noise,noise,mua,noise,noise,noise,noise,noise,noise,noise,noise,noise,noise,noise,noise
u8,UnitRefine,mouse1a_imec0,361,mua,noise,noise,mua,noise,mua,noise,mua,mua,noise,mua,mua,noise,mua,noise,mua,noise,noise
u8,UnitRefine,mouse1a_imec0,362,mua,mua,mua,mua,mua,mua,mua,mua,mua,mua,mua,mua,mua,mua,mua,mua,mua,mua
u8,UnitRefine,mouse1a_imec0,363,mua,mua,noise,mua,mua,mua,mua,mua,mua,mua,mua,mua,mua,mua,mua,mua,mua,mua
u8,UnitRefine,mouse1a_imec0,365,noise,noise,noise,noise,noise,noise,noise,noise,noise,noise,noise,noise,noise,noise,noise,noise,noise,noise
u8,UnitRefine,mouse1a_imec0,366,good,good,good,good,good,good,good,good,good,good,good,good,good,good,good,good,good,good
u8,UnitRefine,mouse1a_imec0,367,mua,mua,mua,mua,mua,mua,mua,mua,mua,mua,mua,mua,mua,mua,mua,mua,mua,mua
u8,UnitRefine,mouse1a_imec0,368,good,good,good,good,good,good,good,good,good,good,good,good,good,good,good,good,good,good
u8,UnitRefine,mouse1a_imec0,369,mua,good,good,good,good,good,good,good,good,good,good,good,good,good,mua,good,good,mua
u8,UnitRefine,mouse1a_imec0,373,mua,mua,mua,mua,mua,mua,mua,mua,mua,mua,mua,mua,mua,mua,mua,mua,mua,mua
u8,UnitRefine,mouse1a_imec0,374,good,mua,mua,mua,mua,mua,mua,good,good,good,mua,good,good,good,good,good,good,good
u8,UnitRefine,mouse1a_imec0,375,mua,mua,mua,mua,mua,mua,mua,good,mua,good,mua,good,mua,mua,mua,mua,mua,mua
u8,UnitRefine,mouse1a_imec0,377,mua,mua,mua,mua,good,good,good,good,mua,good,good,good,mua,mua,mua,good,mua,mua
u8,UnitRefine,mouse1a_imec0,378,mua,mua,mua,mua,mua,mua,mua,mua,mua,mua,mua,mua,mua,mua,mua,mua,mua,mua
u8,UnitRefine,mouse1a_imec0,379,noise,noise,noise,noise,noise,noise,noise,noise,noise,noise,noise,noise,noise,noise,noise,noise,noise,noise
u8,UnitRefine,mouse1a_imec0,380,good,good,good,good,good,mua,good,good,good,good,good,good,good,mua,good,good,good,good
u8,UnitRefine,mouse1a_imec0,381,mua,mua,mua,mua,mua,mua,mua,mua,mua,mua,mua,mua,mua,mua,mua,mua,mua,mua
u8,UnitRefine,mouse1a_imec0,382,mua,good,good,mua,mua,mua,mua,mua,mua,mua,mua,mua,mua,mua,mua,mua,mua,mua
u8,UnitRefine,mouse1a_imec0,383,good,good,good,good,good,good,good,good,good,good,good,good,good,good,good,good,good,good
u8,UnitRefine,mouse1a_imec0,384,good,good,good,good,good,good,good,good,good,good,mua,good,good,good,good,good,good,good
u8,UnitRefine,mouse1a_imec0,385,good,mua,mua,mua,mua,good,mua,mua,mua,mua,good,mua,mua,mua,mua,mua,mua,mua
u8,UnitRefine,mouse1a_imec0,386,good,good,good,good,good,mua,good,good,good,good,good,good,good,good,good,good,good,good
u8,UnitRefine,mouse1a_imec0,387,good,good,good,good,good,good,good,good,good,good,good,good,good,good,good,good,good,good
u8,UnitRefine,mouse1a_imec0,388,good,good,good,good,good,good,good,good,good,good,good,good,good,good,good,good,good,good
u8,UnitRefine,mouse1a_imec0,389,mua,mua,mua,mua,mua,mua,mua,mua,mua,mua,mua,mua,mua,mua,mua,mua,mua,mua
u8,UnitRefine,mouse1a_imec0,390,good,good,good,good,good,good,good,good,good,good,good,good,good,good,good,good,good,good
u8,UnitRefine,mouse1a_imec0,391,mua,mua,mua,mua,mua,mua,mua,mua,mua,mua,mua,mua,mua,mua,mua,mua,mua,mua
u8,UnitRefine,mouse1a_imec0,392,good,good,good,good,good,good,good,good,good,good,good,good,good,good,good,good,good,good
u8,UnitRefine,mouse1a_imec0,393,mua,mua,mua,mua,mua,mua,mua,mua,mua,mua,mua,mua,mua,mua,mua,mua,mua,mua
u8,UnitRefine,mouse1a_imec0,394,mua,mua,mua,mua,mua,mua,mua,mua,mua,mua,mua,mua,mua,mua,mua,mua,mua,mua
u8,UnitRefine,mouse1a_imec0,395,mua,mua,mua,mua,mua,mua,mua,mua,mua,mua,mua,mua,good,mua,good,good,good,good
u8,UnitRefine,mouse1a_imec0,396,mua,mua,mua,mua,mua,mua,mua,mua,mua,mua,mua,mua,mua,mua,mua,mua,mua,mua
u8,UnitRefine,mouse1a_imec0,397,good,good,good,good,good,good,good,good,good,good,good,good,good,good,good,good,good,good
u8,UnitRefine,mouse1a_imec0,399,good,good,good,good,good,good,good,good,good,good,good,good,good,good,good,good,good,good
u8,UnitRefine,mouse1a_imec0,400,mua,good,good,mua,good,good,good,good,good,good,good,good,good,good,mua,mua,mua,good
u8,UnitRefine,mouse1a_imec0,401,mua,noise,mua,mua,mua,mua,mua,mua,mua,mua,mua,mua,mua,mua,mua,noise,mua,noise
u8,UnitRefine,mouse1a_imec0,402,mua,mua,mua,mua,mua,mua,mua,mua,mua,mua,mua,mua,mua,mua,mua,mua,mua,mua
u8,UnitRefine,mouse1a_imec0,403,mua,good,good,good,good,good,good,mua,mua,mua,good,mua,mua,mua,mua,good,mua,mua
u8,UnitRefine,mouse1a_imec0,404,good,good,good,good,good,good,good,good,good,good,good,good,good,good,good,good,good,good
u8,UnitRefine,mouse1a_imec0,405,good,good,good,good,good,good,good,good,good,good,good,good,good,good,good,good,good,good
u8,UnitRefine,mouse1a_imec0,406,mua,mua,mua,mua,mua,mua,mua,mua,mua,mua,good,mua,mua,mua,mua,mua,mua,mua
u8,UnitRefine,mouse1a_imec0,407,good,good,good,good,good,good,good,good,good,good,good,good,good,mua,good,good,good,mua
u8,UnitRefine,mouse1a_imec0,408,mua,mua,mua,mua,mua,mua,mua,mua,mua,mua,mua,mua,mua,mua,mua,mua,mua,mua
u8,UnitRefine,mouse1a_imec0,410,good,good,good,good,good,good,good,good,good,good,good,good,good,good,good,good,good,good
u8,UnitRefine,mouse1a_imec0,412,mua,mua,good,mua,mua,mua,mua,mua,mua,mua,mua,mua,mua,mua,mua,mua,mua,mua
u8,UnitRefine,mouse1a_imec0,413,mua,mua,mua,mua,mua,mua,mua,mua,mua,mua,mua,mua,mua,mua,mua,mua,mua,mua
u8,UnitRefine,mouse1a_imec0,415,good,good,good,mua,good,mua,good,good,mua,good,good,good,good,good,good,good,good,good
u8,UnitRefine,mouse1a_imec0,416,good,good,good,mua,good,good,good,good,mua,good,good,good,good,mua,good,good,good,good
u8,UnitRefine,mouse1a_imec0,417,good,good,good,good,good,good,good,good,good,good,good,good,good,good,good,good,good,good
u8,UnitRefine,mouse1a_imec0,418,mua,mua,mua,mua,mua,mua,mua,mua,mua,mua,mua,mua,mua,mua,mua,mua,mua,mua
u8,UnitRefine,mouse1a_imec0,419,mua,mua,mua,mua,mua,mua,mua,mua,mua,mua,mua,mua,mua,mua,mua,mua,mua,mua
u8,UnitRefine,mouse1a_imec0,420,noise,mua,mua,mua,mua,mua,mua,mua,mua,mua,mua,mua,mua,mua,mua,mua,mua,mua
u8,UnitRefine,mouse1a_imec0,421,mua,mua,mua,mua,mua,mua,mua,mua,mua,mua,mua,mua,mua,mua,mua,mua,mua,mua
u8,UnitRefine,mouse1a_imec0,422,good,good,good,good,good,good,good,good,good,good,good,good,good,good,good,good,good,good
u8,UnitRefine,mouse1a_imec0,423,good,good,good,good,good,noise,good,good,good,good,mua,good,good,mua,good,good,good,good
u8,UnitRefine,mouse1a_imec0,424,mua,mua,mua,mua,mua,mua,mua,mua,mua,mua,good,mua,mua,mua,mua,mua,mua,mua
u8,UnitRefine,mouse1a_imec0,425,mua,mua,mua,mua,mua,mua,mua,mua,mua,mua,mua,mua,mua,mua,mua,mua,mua,mua
u8,UnitRefine,mouse1a_imec0,426,mua,mua,mua,mua,mua,mua,mua,mua,mua,mua,mua,mua,mua,mua,mua,mua,mua,mua
u8,UnitRefine,mouse1a_imec0,427,good,good,good,good,good,mua,good,good,good,good,good,good,good,good,good,good,good,good
u8,UnitRefine,mouse1a_imec0,428,good,good,good,good,good,mua,good,good,good,good,good,good,good,good,good,good,good,good
u8,UnitRefine,mouse1a_imec0,429,mua,mua,mua,mua,mua,mua,mua,mua,mua,mua,mua,mua,mua,mua,mua,good,mua,mua
u8,UnitRefine,mouse1a_imec0,431,good,good,mua,mua,good,mua,good,mua,mua,mua,mua,mua,mua,mua,mua,mua,mua,mua
u8,UnitRefine,mouse1a_imec0,432,good,mua,mua,mua,good,good,good,mua,mua,mua,good,mua,mua,mua,mua,mua,mua,mua
u8,UnitRefine,mouse1a_imec0,433,good,mua,mua,mua,mua,mua,mua,mua,mua,mua,mua,mua,mua,mua,mua,mua,mua,mua
u8,UnitRefine,mouse1a_imec0,434,mua,mua,mua,mua,mua,noise,mua,mua,mua,mua,mua,mua,mua,mua,mua,mua,mua,mua
u8,UnitRefine,mouse1a_imec0,436,mua,mua,mua,mua,mua,mua,mua,mua,mua,mua,mua,mua,mua,mua,mua,mua,mua,mua
u8,UnitRefine,mouse1a_imec0,438,mua,mua,mua,mua,mua,mua,mua,mua,mua,mua,mua,mua,mua,mua,mua,mua,mua,mua
u8,UnitRefine,mouse1a_imec0,439,good,good,good,good,good,good,good,good,good,good,good,good,good,good,good,good,good,good
u8,UnitRefine,mouse1a_imec0,440,good,good,good,good,good,good,good,good,good,good,good,good,good,good,good,good,good,good
u8,UnitRefine,mouse1a_imec0,441,good,good,good,good,good,good,good,good,good,good,good,good,mua,mua,good,mua,good,mua
u8,UnitRefine,mouse1a_imec0,442,mua,mua,mua,mua,mua,mua,mua,mua,mua,mua,mua,mua,mua,mua,mua,mua,mua,mua
u8,UnitRefine,mouse1a_imec0,443,noise,good,good,mua,good,mua,good,good,mua,good,good,good,good,mua,good,mua,good,good
u8,UnitRefine,mouse1a_imec0,444,good,good,good,good,good,good,good,good,good,good,good,good,good,good,good,good,good,good
u8,UnitRefine,mouse1a_imec0,445,mua,mua,mua,mua,mua,mua,mua,mua,mua,mua,mua,mua,mua,mua,mua,mua,mua,mua
u8,UnitRefine,mouse1a_imec0,448,good,good,good,good,good,good,good,good,good,good,good,good,good,good,good,good,good,good
u8,UnitRefine,mouse1a_imec0,450,good,mua,good,mua,good,good,good,mua,good,mua,good,good,good,good,good,good,good,good
u8,UnitRefine,mouse1a_imec0,451,good,good,good,good,good,good,good,good,good,good,good,good,good,good,good,good,good,good
u8,UnitRefine,mouse1a_imec0,454,good,good,good,mua,good,good,good,good,good,good,good,good,good,good,good,good,good,good
u8,UnitRefine,mouse1a_imec0,455,good,good,good,good,good,good,good,good,good,good,good,good,good,good,good,good,good,good
u8,UnitRefine,mouse1a_imec0,456,good,good,good,good,good,good,good,good,good,good,good,good,good,mua,mua,good,mua,good
u8,UnitRefine,mouse1a_imec0,457,good,mua,mua,mua,mua,mua,mua,mua,mua,mua,good,mua,mua,mua,mua,mua,mua,mua
u8,UnitRefine,mouse1a_imec0,458,good,good,good,good,good,good,good,good,good,good,good,good,good,good,good,good,good,good
u8,UnitRefine,mouse1a_imec0,459,good,good,good,good,good,good,good,good,good,good,good,good,good,good,good,good,good,good
u8,UnitRefine,mouse1a_imec0,460,good,good,good,good,good,good,good,good,good,good,good,good,good,good,good,good,good,good
u8,UnitRefine,mouse1a_imec0,461,good,good,good,good,good,good,good,good,good,good,good,good,good,mua,good,good,good,good
u8,UnitRefine,mouse1a_imec0,462,mua,noise,noise,mua,noise,noise,noise,noise,mua,noise,noise,noise,noise,mua,noise,noise,noise,mua
u8,UnitRefine,mouse1a_imec0,464,good,good,good,good,good,good,good,good,good,good,good,good,good,good,good,good,good,good
u8,UnitRefine,mouse1a_imec0,465,good,good,good,good,good,good,good,good,good,good,good,good,good,good,good,good,good,good
u8,UnitRefine,mouse1a_imec0,466,good,mua,mua,mua,mua,mua,mua,mua,mua,mua,good,mua,mua,mua,good,mua,good,good
u8,UnitRefine,mouse1a_imec0,467,good,good,good,good,good,good,good,good,good,good,good,good,good,good,good,good,good,good
u8,UnitRefine,mouse1a_imec0,468,good,mua,mua,mua,mua,good,mua,good,mua,good,mua,good,mua,mua,good,mua,good,good
u8,UnitRefine,mouse1a_imec0,469,mua,mua,mua,mua,mua,good,mua,mua,mua,mua,mua,mua,mua,mua,mua,mua,mua,mua
u8,UnitRefine,mouse1a_imec0,470,mua,mua,mua,mua,mua,mua,mua,mua,mua,mua,mua,mua,mua,mua,mua,mua,mua,mua
u8,UnitRefine,mouse1a_imec0,471,mua,mua,mua,mua,mua,mua,mua,mua,mua,mua,mua,mua,mua,mua,mua,mua,mua,good
u8,UnitRefine,mouse1a_imec0,472,mua,mua,mua,mua,mua,mua,mua,mua,mua,mua,mua,mua,mua,mua,mua,mua,mua,good
u8,UnitRefine,mouse1a_imec0,473,mua,good,good,mua,good,good,good,good,good,good,good,good,good,good,good,mua,good,good
u8,UnitRefine,mouse1a_imec0,474,good,good,good,good,good,good,good,good,good,good,good,good,good,good,good,good,good,good
u8,UnitRefine,mouse1a_imec0,475,good,mua,mua,mua,mua,mua,mua,mua,mua,mua,mua,mua,mua,mua,mua,mua,mua,mua
u8,UnitRefine,mouse1a_imec0,476,good,mua,mua,mua,mua,mua,mua,mua,mua,mua,mua,mua,mua,mua,mua,mua,mua,mua
u8,UnitRefine,mouse1a_imec0,477,good,good,good,good,good,mua,good,good,good,good,mua,good,mua,mua,good,good,good,good
u8,UnitRefine,mouse1a_imec0,478,mua,mua,mua,mua,mua,good,mua,mua,mua,mua,good,mua,mua,mua,mua,mua,mua,mua
u8,UnitRefine,mouse1a_imec0,479,mua,mua,mua,mua,mua,mua,mua,mua,mua,mua,mua,mua,mua,mua,mua,mua,mua,mua
u8,UnitRefine,mouse1a_imec0,480,good,good,good,good,good,good,good,good,good,good,good,good,good,good,good,good,good,good
u8,UnitRefine,mouse1a_imec0,481,mua,mua,mua,mua,noise,noise,noise,mua,mua,mua,mua,mua,mua,mua,mua,mua,mua,mua
u8,UnitRefine,mouse1a_imec0,482,mua,mua,mua,mua,mua,noise,mua,mua,mua,mua,noise,mua,mua,mua,mua,noise,mua,mua
u8,UnitRefine,mouse1a_imec0,484,good,mua,mua,mua,good,mua,good,mua,good,good,good,good,good,good,good,good,good,good
u8,UnitRefine,mouse1a_imec0,485,good,mua,mua,mua,mua,mua,mua,good,mua,good,good,good,good,good,good,good,good,good
u8,UnitRefine,mouse1a_imec0,486,mua,good,mua,mua,mua,good,mua,good,mua,good,good,good,good,good,good,good,good,good
u8,UnitRefine,mouse1a_imec0,487,mua,mua,mua,mua,mua,mua,mua,mua,mua,mua,mua,mua,mua,mua,mua,noise,mua,mua
u8,UnitRefine,mouse1a_imec0,489,good,good,good,good,good,good,good,good,good,good,good,good,good,good,good,good,good,good
u8,UnitRefine,mouse1a_imec0,490,good,mua,good,mua,good,good,good,good,mua,good,good,good,good,good,good,good,good,good
u8,UnitRefine,mouse1a_imec0,491,good,good,mua,mua,good,good,good,mua,mua,good,good,good,mua,mua,good,mua,mua,good
u8,UnitRefine,mouse1a_imec0,492,mua,mua,mua,mua,mua,noise,mua,mua,mua,mua,mua,mua,mua,mua,mua,mua,mua,mua
u8,UnitRefine,mouse1a_imec0,494,good,good,good,good,good,good,good,good,good,good,good,good,good,good,good,good,good,good
u8,UnitRefine,mouse1a_imec0,495,mua,mua,mua,mua,mua,mua,mua,mua,mua,mua,mua,mua,mua,mua,mua,mua,mua,mua
u8,UnitRefine,mouse1a_imec0,497,mua,mua,mua,mua,mua,mua,mua,good,mua,mua,mua,mua,mua,mua,mua,mua,mua,mua
u8,UnitRefine,mouse1a_imec0,498,good,good,good,mua,good,good,good,good,good,good,good,good,good,mua,good,good,good,good
u8,UnitRefine,mouse1a_imec0,499,good,good,good,good,good,good,good,good,good,good,good,good,good,good,good,good,good,good
u8,UnitRefine,mouse1a_imec0,500,mua,mua,mua,mua,mua,noise,mua,mua,mua,mua,mua,mua,mua,mua,mua,mua,mua,mua
u8,UnitRefine,mouse1a_imec0,501,mua,mua,mua,mua,mua,mua,mua,mua,mua,mua,mua,mua,mua,mua,mua,mua,mua,mua
u8,UnitRefine,mouse1a_imec0,503,good,good,good,good,good,good,good,good,good,good,good,good,good,good,good,good,good,good
u8,UnitRefine,mouse1a_imec0,504,mua,mua,mua,mua,mua,mua,mua,mua,mua,mua,mua,mua,mua,mua,mua,mua,mua,mua
u8,UnitRefine,mouse1a_imec0,507,mua,mua,mua,mua,mua,mua,mua,mua,mua,mua,mua,mua,good,mua,mua,mua,mua,good
u8,UnitRefine,mouse1a_imec0,508,mua,mua,mua,mua,mua,mua,mua,mua,mua,mua,mua,mua,mua,mua,mua,mua,mua,mua
u8,UnitRefine,mouse1a_imec0,509,mua,mua,mua,mua,mua,mua,mua,mua,mua,mua,mua,mua,mua,mua,mua,mua,mua,mua
u8,UnitRefine,mouse1a_imec0,510,mua,mua,mua,mua,mua,mua,mua,mua,mua,mua,mua,mua,mua,mua,mua,mua,mua,mua
u8,UnitRefine,mouse1a_imec0,511,good,good,good,good,good,good,good,good,good,good,good,good,good,good,good,good,good,good
u8,UnitRefine,mouse1a_imec0,512,good,good,good,good,good,good,good,good,good,good,good,good,good,good,good,good,good,good
u8,UnitRefine,mouse1a_imec0,515,mua,mua,mua,mua,mua,mua,mua,mua,mua,mua,mua,mua,mua,mua,mua,mua,mua,mua
u8,UnitRefine,mouse1a_imec0,516,mua,mua,mua,mua,mua,mua,mua,mua,mua,mua,mua,mua,mua,mua,mua,mua,mua,mua
u8,UnitRefine,mouse1a_imec0,517,mua,mua,mua,mua,mua,mua,mua,mua,mua,mua,mua,mua,mua,mua,mua,mua,mua,mua
u8,UnitRefine,mouse1a_imec0,518,good,mua,mua,mua,good,mua,good,good,mua,good,mua,good,good,good,good,good,good,good
u8,UnitRefine,mouse1a_imec0,519,good,good,good,good,good,good,good,good,good,good,good,good,good,good,good,good,good,good
u8,UnitRefine,mouse1a_imec0,520,mua,mua,mua,mua,mua,mua,mua,mua,mua,mua,mua,mua,good,good,good,mua,good,good
u8,UnitRefine,mouse1a_imec0,521,good,mua,mua,mua,mua,mua,mua,mua,mua,good,mua,good,mua,mua,good,mua,mua,good
u8,UnitRefine,mouse1a_imec0,522,mua,mua,mua,mua,mua,mua,mua,mua,mua,mua,mua,mua,mua,mua,mua,mua,mua,mua
u8,UnitRefine,mouse1a_imec0,524,mua,mua,mua,mua,mua,mua,mua,mua,mua,mua,mua,mua,mua,mua,mua,mua,mua,mua
u8,UnitRefine,mouse1a_imec0,525,good,good,good,good,mua,good,good,good,good,good,good,good,good,good,good,good,good,good
u8,UnitRefine,mouse1a_imec0,526,good,good,good,good,good,good,good,good,good,good,good,good,good,good,good,good,good,good
u8,UnitRefine,mouse1a_imec0,527,mua,mua,mua,mua,mua,mua,mua,mua,mua,mua,mua,mua,mua,mua,mua,mua,mua,mua
u8,UnitRefine,mouse1a_imec0,528,mua,mua,mua,mua,mua,mua,mua,mua,mua,mua,mua,mua,mua,mua,mua,mua,mua,mua
u8,UnitRefine,mouse1a_imec0,529,mua,mua,mua,mua,mua,mua,mua,mua,mua,mua,mua,mua,mua,mua,mua,mua,mua,mua
u8,UnitRefine,mouse1a_imec0,530,good,good,good,good,good,good,good,good,good,good,good,good,good,good,good,good,good,good
u8,UnitRefine,mouse1a_imec0,531,mua,mua,mua,mua,mua,mua,mua,good,mua,mua,mua,mua,good,mua,good,good,good,good
u8,UnitRefine,mouse1a_imec0,532,mua,mua,mua,mua,mua,mua,mua,mua,mua,mua,mua,mua,mua,mua,mua,mua,mua,mua
u8,UnitRefine,mouse1a_imec0,533,good,good,good,good,good,good,good,good,good,good,good,good,good,mua,good,mua,good,good
u8,UnitRefine,mouse1a_imec0,534,noise,good,good,good,good,mua,good,good,good,good,good,good,good,good,good,good,good,good
u8,UnitRefine,mouse1a_imec0,536,good,good,good,good,good,good,good,good,mua,good,good,good,good,good,good,good,good,good
u8,UnitRefine,mouse1a_imec0,537,mua,mua,mua,mua,mua,mua,mua,mua,mua,mua,mua,mua,mua,mua,mua,mua,mua,mua
u8,UnitRefine,mouse1a_imec0,538,mua,mua,mua,mua,mua,mua,mua,mua,mua,mua,mua,mua,mua,mua,mua,mua,mua,mua
u8,UnitRefine,mouse1a_imec0,540,mua,mua,mua,mua,mua,mua,mua,mua,mua,mua,mua,mua,mua,mua,mua,mua,mua,mua
u8,UnitRefine,mouse1a_imec0,541,mua,mua,mua,mua,mua,mua,mua,mua,mua,mua,mua,mua,mua,mua,mua,mua,mua,good
u8,UnitRefine,mouse1a_imec0,543,mua,mua,mua,mua,mua,noise,mua,mua,mua,mua,mua,mua,mua,mua,mua,good,mua,mua
u8,UnitRefine,mouse1a_imec0,544,good,mua,mua,mua,good,mua,mua,mua,mua,good,mua,mua,mua,mua,mua,mua,mua,mua
u8,UnitRefine,mouse1a_imec0,545,good,good,good,good,good,good,good,good,good,good,good,good,good,good,good,good,good,good
u8,UnitRefine,mouse1a_imec0,546,mua,mua,mua,mua,mua,mua,mua,mua,mua,mua,mua,mua,mua,mua,mua,mua,mua,mua
u8,UnitRefine,mouse1a_imec0,548,good,good,good,mua,good,mua,good,mua,mua,good,mua,good,good,good,good,good,good,good
u8,UnitRefine,mouse1a_imec0,549,mua,mua,mua,mua,mua,mua,mua,mua,mua,mua,mua,mua,mua,mua,mua,mua,mua,mua
u8,UnitRefine,mouse1a_imec0,550,mua,mua,mua,mua,mua,mua,mua,mua,mua,mua,mua,mua,mua,mua,mua,mua,mua,mua
u8,UnitRefine,mouse1a_imec0,551,mua,mua,mua,mua,mua,mua,mua,mua,mua,mua,mua,mua,mua,mua,mua,mua,mua,mua
u8,UnitRefine,mouse1a_imec0,552,noise,noise,noise,mua,noise,noise,noise,noise,noise,noise,noise,noise,noise,noise,noise,noise,noise,noise
u8,UnitRefine,mouse1a_imec0,553,good,good,good,good,good,good,good,good,good,good,good,good,good,good,good,good,good,good
u8,UnitRefine,mouse1a_imec0,554,mua,mua,mua,mua,mua,mua,mua,mua,mua,mua,mua,mua,mua,mua,mua,mua,mua,mua
u8,UnitRefine,mouse1a_imec0,555,good,good,good,good,good,good,good,good,good,good,good,good,good,good,good,good,good,good
u8,UnitRefine,mouse1a_imec0,557,mua,mua,mua,mua,mua,mua,mua,mua,mua,mua,mua,mua,mua,mua,mua,mua,mua,mua
u8,UnitRefine,mouse1a_imec0,558,mua,mua,mua,mua,mua,mua,mua,mua,mua,mua,mua,mua,mua,mua,mua,mua,mua,mua
u8,UnitRefine,mouse1a_imec0,559,mua,mua,mua,mua,mua,mua,mua,mua,mua,mua,mua,mua,mua,mua,mua,mua,mua,mua
u8,UnitRefine,mouse1a_imec0,560,noise,mua,mua,mua,mua,mua,mua,mua,mua,good,mua,good,mua,mua,mua,mua,mua,mua
u8,UnitRefine,mouse1a_imec0,562,good,good,good,good,good,mua,good,mua,mua,good,mua,good,mua,mua,mua,mua,mua,good
u8,UnitRefine,mouse1a_imec0,563,good,mua,mua,mua,mua,mua,mua,mua,mua,mua,good,mua,mua,mua,mua,mua,mua,mua
u8,UnitRefine,mouse1a_imec0,564,noise,mua,mua,mua,mua,mua,mua,mua,mua,mua,noise,mua,noise,mua,mua,noise,mua,mua
u8,UnitRefine,mouse1a_imec0,565,mua,good,good,mua,good,good,good,good,mua,good,mua,good,good,good,mua,mua,mua,mua
u8,UnitRefine,mouse1a_imec0,567,mua,mua,mua,mua,mua,mua,mua,mua,mua,mua,mua,mua,mua,mua,mua,mua,mua,mua
u8,UnitRefine,mouse1a_imec0,568,mua,mua,mua,mua,mua,mua,mua,mua,mua,mua,mua,mua,mua,mua,mua,mua,mua,mua
u8,UnitRefine,mouse1a_imec0,569,mua,good,good,good,good,good,good,good,good,good,good,good,good,good,good,good,good,good
u8,UnitRefine,mouse1a_imec0,570,good,good,good,good,good,mua,good,good,good,good,good,good,good,good,good,good,good,good
u8,UnitRefine,mouse1a_imec0,571,noise,mua,mua,mua,noise,noise,noise,mua,mua,mua,noise,mua,mua,mua,noise,noise,mua,mua
u8,UnitRefine,mouse1a_imec0,572,mua,mua,mua,mua,mua,mua,mua,mua,mua,mua,mua,mua,mua,mua,mua,mua,mua,mua
u8,UnitRefine,mouse1a_imec0,573,mua,noise,noise,noise,noise,mua,noise,noise,mua,noise,mua,noise,mua,mua,noise,mua,mua,mua
u8,UnitRefine,mouse1a_imec0,574,mua,noise,noise,mua,mua,noise,mua,noise,mua,mua,noise,mua,mua,mua,mua,noise,mua,mua
u8,UnitRefine,mouse1a_imec0,575,good,good,good,good,good,good,good,mua,mua,good,good,good,good,mua,good,good,good,good
u8,UnitRefine,mouse1a_imec0,577,good,good,good,good,good,good,good,good,good,good,good,good,good,good,good,good,good,good
u8,UnitRefine,mouse1a_imec0,578,mua,mua,mua,mua,mua,mua,mua,mua,mua,mua,mua,mua,mua,mua,mua,mua,mua,mua
u8,UnitRefine,mouse1a_imec0,579,good,good,good,good,good,good,good,good,good,good,good,good,good,good,good,good,good,good
u8,UnitRefine,mouse1a_imec0,580,mua,mua,mua,mua,mua,mua,mua,mua,mua,mua,mua,mua,mua,mua,mua,mua,mua,mua
u8,UnitRefine,mouse1a_imec0,581,good,good,good,good,good,good,good,good,good,good,good,good,good,good,good,good,good,good
u8,UnitRefine,mouse1a_imec0,583,good,mua,mua,mua,mua,mua,mua,mua,mua,mua,mua,mua,mua,mua,mua,mua,mua,good
u8,UnitRefine,mouse1a_imec0,584,good,mua,mua,mua,mua,mua,mua,good,mua,good,mua,good,good,mua,good,good,good,good
u8,UnitRefine,mouse1a_imec0,585,mua,mua,mua,mua,mua,mua,mua,mua,mua,mua,mua,mua,mua,mua,mua,mua,mua,good
u8,UnitRefine,mouse1a_imec0,586,good,good,mua,mua,mua,mua,mua,good,good,good,mua,good,mua,mua,mua,good,mua,mua
u8,UnitRefine,mouse1a_imec0,587,mua,mua,mua,mua,mua,mua,mua,mua,mua,mua,mua,mua,mua,mua,mua,mua,mua,mua
u8,UnitRefine,mouse1a_imec0,589,good,good,good,good,good,good,good,good,good,good,good,good,good,mua,good,good,good,good
u8,UnitRefine,mouse1a_imec0,590,mua,mua,mua,mua,mua,mua,mua,mua,mua,mua,mua,mua,mua,mua,mua,mua,mua,mua
u8,UnitRefine,mouse1a_imec0,592,good,good,good,good,good,good,good,good,good,good,good,good,good,good,good,good,good,good
u8,UnitRefine,mouse1a_imec0,594,mua,mua,mua,mua,mua,mua,mua,mua,mua,mua,mua,mua,mua,mua,mua,mua,mua,mua
u8,UnitRefine,mouse1a_imec0,595,mua,mua,mua,mua,mua,mua,mua,mua,mua,mua,mua,mua,mua,mua,mua,mua,mua,mua
u8,UnitRefine,mouse1a_imec0,596,mua,good,good,good,good,good,good,good,mua,good,good,good,mua,mua,mua,mua,mua,good
u8,UnitRefine,mouse1a_imec0,597,good,good,good,good,good,good,good,good,good,good,good,good,good,good,good,good,good,good
u8,UnitRefine,mouse1a_imec0,598,good,mua,mua,mua,good,mua,mua,mua,mua,good,mua,good,mua,mua,good,good,good,mua
u8,UnitRefine,mouse1a_imec0,599,mua,mua,mua,mua,mua,mua,mua,mua,mua,mua,mua,mua,mua,mua,mua,mua,mua,mua
u8,UnitRefine,mouse1a_imec0,601,good,good,good,good,good,good,good,good,good,good,good,good,good,good,good,good,good,good
u8,UnitRefine,mouse1a_imec0,602,mua,mua,mua,mua,mua,mua,mua,mua,mua,mua,mua,mua,mua,mua,mua,mua,mua,mua
u8,UnitRefine,mouse1a_imec0,603,mua,mua,mua,mua,mua,mua,mua,mua,mua,mua,mua,mua,mua,mua,mua,mua,mua,mua
u8,UnitRefine,mouse1a_imec0,604,mua,mua,mua,mua,mua,mua,mua,mua,mua,mua,mua,mua,mua,mua,mua,mua,mua,mua
u8,UnitRefine,mouse1a_imec0,605,good,good,good,good,good,good,good,good,good,good,good,good,good,good,good,good,good,good
u8,UnitRefine,mouse1a_imec0,606,mua,mua,mua,mua,mua,mua,mua,mua,mua,mua,mua,mua,mua,mua,mua,mua,mua,mua
u8,UnitRefine,mouse1a_imec0,607,noise,noise,noise,noise,noise,mua,noise,noise,mua,mua,mua,mua,mua,mua,mua,noise,mua,mua
u8,UnitRefine,mouse1a_imec0,608,mua,mua,mua,mua,mua,mua,mua,mua,mua,mua,mua,mua,mua,mua,mua,mua,mua,mua
u8,UnitRefine,mouse1a_imec0,609,good,good,good,good,good,good,good,good,good,good,good,good,good,good,good,good,good,good
u8,UnitRefine,mouse1a_imec0,610,mua,mua,mua,mua,mua,mua,mua,mua,mua,mua,mua,mua,mua,mua,mua,mua,mua,mua
u8,UnitRefine,mouse1a_imec0,611,mua,mua,mua,mua,mua,mua,mua,mua,mua,mua,mua,mua,mua,mua,mua,mua,mua,mua
u8,UnitRefine,mouse1a_imec0,612,mua,noise,noise,mua,mua,mua,mua,mua,mua,mua,mua,mua,mua,mua,mua,mua,mua,mua
u8,UnitRefine,mouse1a_imec0,613,mua,mua,mua,mua,mua,mua,mua,mua,mua,mua,mua,mua,mua,mua,mua,mua,mua,mua
u8,UnitRefine,mouse1a_imec0,614,mua,mua,mua,mua,mua,mua,mua,mua,mua,mua,mua,mua,mua,mua,mua,mua,mua,mua
u8,UnitRefine,mouse1a_imec0,615,mua,mua,mua,mua,mua,mua,mua,mua,mua,mua,mua,mua,mua,mua,mua,mua,mua,mua
u8,UnitRefine,mouse1a_imec0,616,noise,noise,mua,mua,mua,mua,mua,mua,mua,mua,mua,mua,mua,mua,mua,mua,mua,mua
u8,UnitRefine,mouse1a_imec0,617,mua,mua,mua,mua,mua,mua,mua,mua,mua,mua,mua,mua,mua,mua,mua,mua,mua,good
u8,UnitRefine,mouse1a_imec0,618,mua,mua,mua,mua,mua,mua,mua,mua,mua,mua,mua,mua,mua,mua,mua,mua,mua,mua
u8,UnitRefine,mouse1a_imec0,619,good,good,good,good,good,good,good,good,good,good,good,good,good,good,good,good,good,good
u8,UnitRefine,mouse1a_imec0,620,good,mua,mua,mua,mua,mua,mua,good,mua,good,mua,good,good,mua,mua,mua,mua,good
u8,UnitRefine,mouse1a_imec0,621,mua,mua,mua,mua,mua,mua,mua,mua,mua,mua,mua,mua,mua,mua,mua,mua,mua,mua
u8,UnitRefine,mouse1a_imec0,622,mua,mua,mua,mua,mua,mua,mua,mua,mua,mua,mua,mua,mua,mua,mua,mua,mua,mua
u8,UnitRefine,mouse1a_imec0,623,good,good,good,good,good,good,good,good,good,good,good,good,good,good,good,good,good,good
u8,UnitRefine,mouse1a_imec0,624,mua,mua,mua,mua,mua,noise,mua,mua,mua,mua,noise,mua,mua,mua,mua,noise,mua,mua
u8,UnitRefine,mouse1a_imec0,627,mua,mua,mua,mua,mua,mua,mua,mua,mua,mua,mua,mua,mua,mua,mua,mua,mua,mua
u8,UnitRefine,mouse1a_imec0,628,mua,mua,mua,mua,mua,good,mua,mua,mua,mua,good,mua,mua,mua,mua,mua,mua,mua
u8,UnitRefine,mouse1a_imec0,629,mua,mua,mua,mua,mua,mua,mua,mua,mua,mua,mua,mua,mua,mua,mua,mua,mua,mua
u8,UnitRefine,mouse1a_imec0,630,mua,good,good,good,good,good,good,good,good,good,good,good,good,good,good,mua,good,mua
u8,UnitRefine,mouse1a_imec0,631,mua,mua,mua,mua,mua,mua,mua,mua,mua,mua,mua,mua,mua,mua,mua,mua,mua,mua
u8,UnitRefine,mouse1a_imec0,632,mua,mua,mua,mua,mua,mua,mua,mua,mua,mua,mua,mua,mua,mua,mua,mua,mua,mua
u8,UnitRefine,mouse1a_imec0,633,good,good,good,good,good,good,good,good,good,good,good,good,good,good,good,good,good,good
u8,UnitRefine,mouse1a_imec0,634,mua,mua,mua,mua,mua,mua,mua,mua,mua,mua,mua,mua,mua,mua,mua,mua,mua,mua
u8,UnitRefine,mouse1a_imec0,635,noise,noise,noise,mua,noise,mua,noise,noise,mua,mua,mua,mua,mua,mua,mua,mua,mua,mua
u8,UnitRefine,mouse1a_imec0,637,mua,mua,mua,mua,mua,mua,mua,mua,mua,mua,mua,mua,mua,mua,mua,mua,mua,mua
u8,UnitRefine,mouse1a_imec0,638,good,good,good,good,good,mua,good,good,good,good,mua,good,good,good,good,good,good,good
u8,UnitRefine,mouse1a_imec0,639,good,good,good,good,good,good,good,good,good,good,good,good,good,good,good,good,good,good
u8,UnitRefine,mouse1a_imec0,640,mua,mua,mua,mua,mua,mua,mua,mua,mua,mua,mua,mua,mua,mua,mua,mua,mua,mua
u8,UnitRefine,mouse1a_imec0,641,mua,mua,mua,mua,mua,mua,mua,mua,mua,mua,mua,mua,mua,mua,mua,mua,mua,mua
u8,UnitRefine,mouse1a_imec0,642,good,mua,mua,mua,good,mua,good,good,good,good,good,good,good,good,good,good,good,good
u8,UnitRefine,mouse1a_imec0,643,mua,mua,mua,mua,mua,noise,mua,mua,mua,mua,noise,mua,mua,mua,mua,noise,mua,mua
u8,UnitRefine,mouse1a_imec0,644,mua,mua,mua,mua,mua,noise,mua,mua,mua,mua,mua,mua,mua,mua,mua,mua,mua,mua
u8,UnitRefine,mouse1a_imec0,645,mua,mua,mua,mua,mua,mua,mua,mua,mua,mua,mua,mua,mua,mua,mua,mua,mua,mua
u8,UnitRefine,mouse1a_imec0,646,mua,mua,mua,mua,mua,mua,mua,mua,mua,mua,mua,mua,mua,mua,mua,mua,mua,mua
u8,UnitRefine,mouse1a_imec0,647,mua,mua,mua,mua,mua,mua,mua,mua,mua,mua,mua,mua,mua,mua,mua,mua,mua,mua
u8,UnitRefine,mouse1a_imec0,649,good,mua,mua,good,mua,mua,mua,mua,mua,mua,mua,mua,mua,mua,good,mua,good,good
u10,UnitRefine,mouse1b_imec0,0,mua,mua,mua,mua,mua,mua,mua,mua,mua,mua,mua,mua,mua,mua,mua,mua,mua,mua
u10,UnitRefine,mouse1b_imec0,1,mua,mua,mua,mua,mua,mua,mua,mua,mua,mua,mua,mua,mua,mua,mua,mua,mua,mua
u10,UnitRefine,mouse1b_imec0,2,mua,mua,good,good,mua,good,mua,mua,mua,mua,mua,mua,mua,mua,mua,mua,mua,mua
u10,UnitRefine,mouse1b_imec0,3,good,good,good,good,good,good,good,good,good,good,good,good,good,good,good,good,good,good
u10,UnitRefine,mouse1b_imec0,5,mua,good,good,good,good,good,good,good,good,good,good,good,good,good,good,good,good,good
u10,UnitRefine,mouse1b_imec0,6,mua,good,good,good,good,good,good,good,good,good,good,good,good,good,good,good,good,good
u10,UnitRefine,mouse1b_imec0,8,good,good,good,good,good,good,good,good,good,good,good,good,good,good,good,good,good,good
u10,UnitRefine,mouse1b_imec0,9,good,good,good,good,good,good,good,good,good,good,good,good,good,good,good,good,good,good
u10,UnitRefine,mouse1b_imec0,10,good,good,good,good,good,good,good,good,good,good,good,good,good,good,good,good,good,good
u10,UnitRefine,mouse1b_imec0,11,mua,mua,mua,mua,mua,mua,mua,mua,mua,mua,mua,mua,mua,mua,mua,mua,mua,mua
u10,UnitRefine,mouse1b_imec0,12,good,good,good,mua,mua,mua,mua,good,mua,good,mua,good,good,good,good,good,good,good
u10,UnitRefine,mouse1b_imec0,14,mua,mua,mua,mua,mua,mua,mua,mua,mua,mua,mua,mua,mua,mua,mua,mua,mua,mua
u10,UnitRefine,mouse1b_imec0,15,mua,noise,mua,mua,noise,mua,noise,mua,mua,mua,noise,mua,mua,mua,noise,noise,noise,noise
u10,UnitRefine,mouse1b_imec0,16,mua,mua,mua,mua,mua,mua,mua,mua,mua,mua,mua,mua,mua,mua,mua,mua,mua,mua
u10,UnitRefine,mouse1b_imec0,17,good,good,good,good,good,good,good,good,good,good,good,good,good,good,good,mua,good,good
u10,UnitRefine,mouse1b_imec0,18,mua,mua,mua,mua,mua,mua,mua,mua,mua,mua,mua,mua,mua,mua,mua,mua,mua,mua
u10,UnitRefine,mouse1b_imec0,19,good,good,good,good,good,good,good,good,good,good,good,good,good,good,good,good,good,good
u10,UnitRefine,mouse1b_imec0,20,good,good,good,good,good,good,good,good,good,good,good,good,good,good,good,good,good,good
u10,UnitRefine,mouse1b_imec0,21,good,good,good,good,good,good,good,good,good,good,good,good,good,good,good,good,good,good
u10,UnitRefine,mouse1b_imec0,22,mua,mua,good,mua,good,mua,mua,good,mua,good,mua,good,mua,mua,mua,mua,mua,mua
u10,UnitRefine,mouse1b_imec0,23,good,good,good,good,good,good,good,good,good,good,good,good,good,good,good,good,good,good
u10,UnitRefine,mouse1b_imec0,24,mua,mua,mua,mua,mua,mua,mua,mua,mua,mua,mua,mua,mua,mua,mua,mua,mua,mua
u10,UnitRefine,mouse1b_imec0,25,good,good,good,good,good,good,good,good,good,good,good,good,good,good,good,good,good,good
u10,UnitRefine,mouse1b_imec0,26,good,good,good,good,good,good,good,good,good,good,good,good,good,good,good,good,good,good
u10,UnitRefine,mouse1b_imec0,28,good,good,good,good,good,good,good,good,good,good,good,good,good,good,good,good,good,good
u10,UnitRefine,mouse1b_imec0,29,good,good,good,good,good,good,good,good,good,good,good,good,good,good,good,good,good,good
u10,UnitRefine,mouse1b_imec0,30,good,good,good,good,good,good,good,good,good,good,good,good,good,good,good,good,good,good
u10,UnitRefine,mouse1b_imec0,31,good,good,good,good,good,good,good,good,good,good,good,good,good,good,good,good,good,good
u10,UnitRefine,mouse1b_imec0,32,mua,mua,mua,mua,mua,mua,mua,mua,mua,mua,mua,mua,mua,mua,mua,mua,mua,mua
u10,UnitRefine,mouse1b_imec0,34,good,good,good,good,good,good,good,good,good,good,good,good,good,good,good,good,good,good
u10,UnitRefine,mouse1b_imec0,35,good,mua,mua,mua,mua,mua,mua,mua,mua,mua,mua,mua,mua,mua,mua,good,mua,mua
u10,UnitRefine,mouse1b_imec0,36,good,good,good,good,good,good,good,good,good,good,good,good,good,good,good,good,good,good
u10,UnitRefine,mouse1b_imec0,38,good,good,good,good,good,good,good,good,good,good,good,good,good,good,good,good,good,good
u10,UnitRefine,mouse1b_imec0,39,good,good,good,good,good,good,good,good,good,good,good,good,good,good,good,good,good,good
u10,UnitRefine,mouse1b_imec0,40,mua,mua,mua,mua,mua,mua,mua,mua,mua,mua,mua,mua,mua,mua,mua,mua,mua,mua
u10,UnitRefine,mouse1b_imec0,42,good,good,good,good,good,good,good,good,good,good,good,good,good,good,good,good,good,good
u10,UnitRefine,mouse1b_imec0,43,mua,good,good,good,good,good,good,mua,mua,mua,mua,mua,mua,mua,mua,mua,mua,mua
u10,UnitRefine,mouse1b_imec0,44,mua,mua,mua,mua,mua,mua,mua,mua,mua,mua,mua,mua,mua,mua,mua,mua,mua,mua
u10,UnitRefine,mouse1b_imec0,45,good,good,good,good,good,good,good,good,good,good,good,good,good,good,good,good,good,good
u10,UnitRefine,mouse1b_imec0,46,mua,good,good,good,good,good,good,good,mua,good,good,good,mua,mua,good,good,good,mua
u10,UnitRefine,mouse1b_imec0,48,good,good,good,good,good,good,good,good,good,good,good,good,good,good,good,good,good,good
u10,UnitRefine,mouse1b_imec0,49,noise,noise,noise,noise,noise,noise,noise,noise,noise,noise,noise,noise,noise,noise,noise,noise,noise,noise
u10,UnitRefine,mouse1b_imec0,50,mua,mua,mua,mua,mua,mua,mua,mua,mua,mua,mua,mua,mua,mua,mua,mua,mua,mua
u10,UnitRefine,mouse1b_imec0,51,mua,mua,mua,mua,noise,mua,mua,mua,mua,noise,mua,mua,mua,mua,mua,mua,mua,mua
u10,UnitRefine,mouse1b_imec0,53,good,good,good,good,good,good,good,good,good,good,good,good,good,good,good,good,good,good
u10,UnitRefine,mouse1b_imec0,54,mua,mua,mua,mua,mua,mua,mua,mua,mua,mua,noise,mua,mua,mua,mua,mua,mua,noise
u10,UnitRefine,mouse1b_imec0,55,mua,mua,mua,mua,noise,mua,mua,mua,mua,mua,mua,mua,mua,mua,mua,mua,mua,mua
u10,UnitRefine,mouse1b_imec0,56,good,good,good,good,good,good,good,good,good,good,good,good,good,good,good,good,good,good
u10,UnitRefine,mouse1b_imec0,57,good,good,good,good,good,good,good,good,good,good,good,good,good,good,good,good,good,good
u10,UnitRefine,mouse1b_imec0,59,noise,noise,noise,noise,noise,noise,noise,noise,noise,noise,noise,noise,noise,noise,noise,noise,noise,noise
u10,UnitRefine,mouse1b_imec0,60,mua,mua,mua,mua,noise,mua,mua,mua,mua,mua,mua,mua,mua,mua,mua,mua,mua,noise
u10,UnitRefine,mouse1b_imec0,62,good,good,good,good,good,good,good,good,good,good,good,good,good,good,good,good,good,good
u10,UnitRefine,mouse1b_imec0,64,good,good,good,good,good,good,good,good,good,good,good,good,good,good,good,good,good,good
u10,UnitRefine,mouse1b_imec0,66,noise,noise,noise,noise,noise,noise,noise,noise,noise,noise,noise,noise,noise,noise,noise,noise,noise,noise
u10,UnitRefine,mouse1b_imec0,67,noise,noise,noise,noise,noise,noise,noise,noise,noise,noise,noise,noise,noise,noise,noise,noise,noise,mua
u10,UnitRefine,mouse1b_imec0,68,noise,noise,noise,noise,noise,noise,noise,noise,noise,noise,noise,noise,noise,noise,noise,noise,noise,noise
u10,UnitRefine,mouse1b_imec0,70,noise,noise,noise,noise,noise,noise,noise,noise,noise,noise,noise,noise,noise,noise,noise,noise,noise,noise
u10,UnitRefine,mouse1b_imec0,71,noise,noise,noise,noise,noise,noise,noise,noise,noise,noise,noise,noise,noise,noise,noise,noise,noise,noise
u10,UnitRefine,mouse1b_imec0,72,noise,noise,noise,mua,noise,mua,noise,noise,noise,noise,noise,noise,noise,noise,noise,noise,noise,noise
u10,UnitRefine,mouse1b_imec0,73,noise,noise,noise,noise,noise,noise,noise,noise,noise,noise,noise,noise,noise,noise,noise,noise,noise,noise
u10,UnitRefine,mouse1b_imec0,74,noise,noise,noise,noise,noise,noise,noise,noise,noise,noise,noise,noise,noise,mua,noise,noise,noise,noise
u10,UnitRefine,mouse1b_imec0,75,noise,noise,noise,noise,noise,noise,noise,noise,noise,noise,noise,noise,noise,noise,noise,noise,noise,noise
u10,UnitRefine,mouse1b_imec0,76,noise,mua,noise,mua,mua,mua,mua,noise,mua,noise,mua,noise,noise,mua,noise,mua,noise,noise
u10,UnitRefine,mouse1b_imec0,78,mua,mua,mua,mua,noise,mua,mua,mua,mua,mua,mua,mua,mua,mua,mua,mua,mua,noise
u10,UnitRefine,mouse1b_imec0,79,noise,noise,noise,noise,noise,noise,noise,noise,noise,noise,noise,noise,noise,noise,noise,noise,noise,noise
u10,UnitRefine,mouse1b_imec0,80,noise,noise,noise,mua,noise,mua,noise,noise,noise,noise,noise,noise,noise,noise,noise,noise,noise,noise
u10,UnitRefine,mouse1b_imec0,82,noise,noise,noise,mua,noise,mua,noise,noise,mua,noise,mua,noise,mua,mua,noise,good,noise,noise
u10,UnitRefine,mouse1b_imec0,84,noise,noise,noise,mua,noise,mua,noise,noise,noise,noise,noise,noise,noise,noise,noise,noise,noise,noise
u10,UnitRefine,mouse1b_imec0,85,good,good,good,good,good,good,good,good,good,good,good,good,good,good,good,good,good,good
u10,UnitRefine,mouse1b_imec0,86,mua,mua,mua,mua,mua,mua,mua,mua,mua,good,good,good,mua,mua,mua,good,mua,good
u10,UnitRefine,mouse1b_imec0,87,noise,mua,mua,mua,noise,mua,mua,noise,mua,noise,mua,noise,noise,mua,noise,noise,noise,noise
u10,UnitRefine,mouse1b_imec0,88,good,mua,mua,mua,good,mua,mua,good,mua,good,mua,good,good,mua,mua,good,mua,good
u10,UnitRefine,mouse1b_imec0,89,mua,noise,mua,mua,noise,noise,noise,mua,mua,mua,mua,mua,mua,mua,noise,mua,noise,mua
u10,UnitRefine,mouse1b_imec0,90,good,good,mua,mua,good,good,good,good,good,good,good,good,mua,good,mua,good,mua,good
u10,UnitRefine,mouse1b_imec0,91,mua,mua,mua,mua,mua,mua,mua,mua,mua,mua,mua,mua,mua,mua,mua,mua,mua,mua
u10,UnitRefine,mouse1b_imec0,92,mua,noise,noise,mua,noise,mua,noise,mua,mua,noise,mua,mua,mua,mua,mua,mua,mua,mua
u10,UnitRefine,mouse1b_imec0,93,mua,mua,mua,mua,mua,mua,mua,mua,mua,mua,mua,mua,mua,mua,mua,mua,mua,mua
u10,UnitRefine,mouse1b_imec0,94,mua,mua,mua,mua,mua,mua,mua,mua,mua,mua,mua,mua,mua,mua,mua,mua,mua,mua
u10,UnitRefine,mouse1b_imec0,96,mua,mua,mua,mua,mua,mua,mua,mua,mua,mua,mua,mua,mua,mua,mua,mua,mua,mua
u10,UnitRefine,mouse1b_imec0,97,mua,noise,mua,mua,noise,mua,noise,mua,mua,noise,noise,noise,noise,mua,noise,noise,noise,noise
u10,UnitRefine,mouse1b_imec0,98,mua,mua,mua,mua,mua,mua,mua,mua,mua,mua,mua,mua,mua,mua,mua,mua,mua,mua
u10,UnitRefine,mouse1b_imec0,99,mua,mua,mua,mua,mua,mua,mua,mua,mua,mua,mua,mua,mua,mua,mua,good,mua,mua
u10,UnitRefine,mouse1b_imec0,100,noise,noise,noise,mua,noise,mua,noise,mua,mua,noise,mua,mua,noise,mua,noise,mua,noise,mua
u10,UnitRefine,mouse1b_imec0,101,mua,mua,mua,mua,mua,mua,mua,mua,mua,mua,mua,mua,mua,mua,mua,mua,mua,mua
u10,UnitRefine,mouse1b_imec0,102,mua,mua,mua,mua,mua,mua,mua,mua,mua,mua,good,mua,mua,mua,mua,good,mua,good
u10,UnitRefine,mouse1b_imec0,103,mua,mua,mua,mua,mua,mua,mua,mua,mua,mua,mua,mua,mua,mua,mua,mua,mua,mua
u10,UnitRefine,mouse1b_imec0,104,mua,mua,mua,mua,mua,good,mua,mua,mua,mua,mua,mua,mua,mua,mua,good,mua,mua
u10,UnitRefine,mouse1b_imec0,105,mua,good,mua,mua,good,mua,good,mua,mua,mua,mua,mua,mua,mua,mua,good,mua,mua
u10,UnitRefine,mouse1b_imec0,106,mua,mua,mua,mua,mua,mua,mua,mua,mua,mua,mua,mua,mua,mua,mua,mua,mua,mua
u10,UnitRefine,mouse1b_imec0,108,mua,mua,mua,mua,good,mua,mua,mua,mua,mua,mua,mua,mua,mua,mua,mua,mua,mua
u10,UnitRefine,mouse1b_imec0,109,mua,mua,mua,mua,mua,mua,mua,mua,mua,mua,mua,mua,mua,mua,mua,mua,mua,mua
u10,UnitRefine,mouse1b_imec0,110,mua,mua,mua,mua,noise,mua,mua,noise,mua,noise,mua,noise,noise,mua,noise,good,noise,noise
u10,UnitRefine,mouse1b_imec0,111,mua,mua,mua,mua,mua,mua,mua,mua,mua,mua,mua,mua,mua,mua,mua,mua,mua,mua
u10,UnitRefine,mouse1b_imec0,113,mua,mua,mua,mua,mua,mua,mua,mua,mua,mua,mua,mua,mua,mua,mua,mua,mua,mua
u10,UnitRefine,mouse1b_imec0,114,good,good,good,good,good,good,good,good,good,good,good,good,good,good,good,good,good,good
u10,UnitRefine,mouse1b_imec0,116,good,mua,mua,mua,mua,mua,mua,mua,mua,mua,mua,mua,mua,mua,mua,good,mua,mua
u10,UnitRefine,mouse1b_imec0,117,mua,mua,mua,mua,mua,mua,mua,mua,mua,mua,mua,mua,mua,mua,mua,mua,mua,mua
u10,UnitRefine,mouse1b_imec0,118,noise,noise,noise,mua,mua,mua,mua,noise,mua,mua,mua,mua,noise,mua,mua,noise,noise,mua
u10,UnitRefine,mouse1b_imec0,119,mua,mua,mua,mua,mua,mua,mua,mua,mua,mua,mua,mua,mua,mua,mua,mua,mua,mua
u10,UnitRefine,mouse1b_imec0,120,mua,mua,mua,mua,mua,mua,mua,mua,mua,mua,mua,mua,mua,mua,mua,mua,mua,mua
u10,UnitRefine,mouse1b_imec0,121,mua,mua,mua,mua,mua,mua,mua,mua,mua,mua,mua,mua,mua,mua,mua,mua,mua,mua
u10,UnitRefine,mouse1b_imec0,122,mua,mua,mua,mua,mua,mua,mua,mua,mua,mua,mua,mua,mua,mua,mua,mua,mua,mua
u10,UnitRefine,mouse1b_imec0,123,mua,mua,mua,mua,mua,mua,mua,mua,mua,mua,mua,mua,mua,mua,mua,mua,mua,mua
u10,UnitRefine,mouse1b_imec0,125,mua,mua,mua,mua,mua,mua,mua,mua,mua,mua,mua,mua,mua,mua,mua,mua,mua,mua
u10,UnitRefine,mouse1b_imec0,126,mua,mua,mua,mua,noise,mua,mua,noise,mua,mua,mua,mua,noise,mua,noise,noise,noise,noise
u10,UnitRefine,mouse1b_imec0,127,mua,mua,mua,mua,mua,mua,mua,mua,mua,mua,mua,mua,mua,mua,mua,mua,mua,mua
u10,UnitRefine,mouse1b_imec0,128,mua,mua,mua,mua,mua,mua,mua,mua,mua,mua,mua,mua,mua,mua,mua,mua,mua,mua
u10,UnitRefine,mouse1b_imec0,130,mua,mua,mua,mua,mua,mua,mua,mua,mua,mua,mua,mua,mua,mua,mua,mua,mua,mua
u10,UnitRefine,mouse1b_imec0,131,mua,mua,mua,mua,mua,mua,mua,mua,mua,mua,mua,mua,mua,mua,mua,mua,mua,mua
u10,UnitRefine,mouse1b_imec0,132,good,good,good,mua,good,good,good,good,good,good,good,good,good,good,good,good,good,good
u10,UnitRefine,mouse1b_imec0,133,mua,mua,mua,mua,mua,mua,mua,mua,mua,mua,mua,mua,mua,mua,mua,mua,mua,mua
u10,UnitRefine,mouse1b_imec0,134,mua,mua,mua,mua,mua,good,mua,mua,mua,mua,good,mua,mua,mua,mua,mua,mua,mua
u10,UnitRefine,mouse1b_imec0,135,mua,mua,mua,mua,mua,mua,mua,mua,mua,mua,mua,mua,mua,mua,mua,mua,mua,mua
u10,UnitRefine,mouse1b_imec0,136,mua,mua,mua,mua,mua,mua,mua,mua,mua,mua,mua,mua,mua,mua,mua,mua,mua,mua
u10,UnitRefine,mouse1b_imec0,139,mua,mua,mua,mua,mua,mua,mua,mua,mua,mua,mua,mua,mua,mua,mua,mua,mua,mua
u10,UnitRefine,mouse1b_imec0,140,mua,mua,mua,mua,mua,mua,mua,mua,mua,mua,mua,mua,mua,mua,mua,mua,mua,mua
u10,UnitRefine,mouse1b_imec0,145,mua,mua,mua,mua,mua,mua,mua,mua,mua,mua,mua,mua,mua,mua,mua,good,mua,mua
u10,UnitRefine,mouse1b_imec0,147,mua,mua,mua,mua,mua,mua,mua,mua,mua,mua,mua,mua,mua,mua,mua,mua,mua,mua
u10,UnitRefine,mouse1b_imec0,150,mua,mua,mua,mua,mua,mua,mua,mua,mua,mua,mua,mua,mua,mua,mua,mua,mua,mua
u10,UnitRefine,mouse1b_imec0,151,mua,mua,mua,mua,mua,mua,mua,mua,mua,mua,mua,mua,mua,mua,mua,mua,mua,mua
u10,UnitRefine,mouse1b_imec0,152,mua,mua,mua,mua,mua,mua,mua,mua,mua,mua,mua,mua,good,good,mua,good,good,good
u10,UnitRefine,mouse1b_imec0,153,mua,mua,mua,mua,mua,mua,mua,mua,mua,mua,mua,mua,mua,mua,mua,mua,mua,mua
u10,UnitRefine,mouse1b_imec0,154,mua,mua,mua,mua,mua,mua,mua,mua,mua,mua,mua,mua,mua,mua,mua,mua,mua,mua
u10,UnitRefine,mouse1b_imec0,155,good,good,good,good,good,good,good,good,good,good,good,good,good,good,good,good,good,good
u10,UnitRefine,mouse1b_imec0,156,mua,mua,mua,mua,mua,mua,mua,mua,mua,mua,mua,mua,mua,mua,mua,mua,mua,mua
u10,UnitRefine,mouse1b_imec0,157,mua,mua,mua,mua,mua,mua,mua,mua,mua,mua,mua,mua,mua,mua,mua,mua,mua,mua
u10,UnitRefine,mouse1b_imec0,158,mua,mua,mua,mua,mua,mua,mua,mua,mua,mua,mua,mua,mua,mua,mua,mua,mua,mua
u10,UnitRefine,mouse1b_imec0,160,mua,mua,mua,mua,mua,mua,mua,mua,mua,mua,mua,mua,mua,mua,mua,mua,mua,mua
u10,UnitRefine,mouse1b_imec0,161,noise,noise,noise,noise,noise,noise,noise,mua,mua,noise,noise,noise,noise,mua,noise,noise,noise,noise
u10,UnitRefine,mouse1b_imec0,162,mua,mua,mua,mua,mua,mua,mua,mua,mua,mua,mua,mua,mua,mua,mua,mua,mua,mua
u10,UnitRefine,mouse1b_imec0,163,mua,mua,mua,mua,mua,mua,mua,mua,mua,mua,mua,mua,mua,mua,mua,mua,mua,mua
u10,UnitRefine,mouse1b_imec0,166,mua,mua,mua,mua,mua,mua,mua,mua,mua,mua,mua,mua,mua,mua,mua,mua,mua,mua
u10,UnitRefine,mouse1b_imec0,167,mua,mua,mua,mua,mua,mua,mua,mua,mua,mua,mua,mua,mua,mua,mua,mua,mua,mua
u10,UnitRefine,mouse1b_imec0,168,good,good,good,mua,mua,good,good,good,mua,mua,good,good,good,good,good,good,good,good
u10,UnitRefine,mouse1b_imec0,169,mua,noise,noise,noise,noise,noise,noise,noise,noise,noise,noise,noise,noise,mua,noise,noise,noise,mua
u10,UnitRefine,mouse1b_imec0,170,mua,mua,mua,mua,mua,mua,mua,mua,mua,mua,mua,mua,mua,mua,mua,mua,mua,mua
u10,UnitRefine,mouse1b_imec0,172,mua,mua,mua,mua,mua,mua,mua,mua,mua,mua,mua,mua,mua,mua,mua,mua,mua,mua
u10,UnitRefine,mouse1b_imec0,173,mua,mua,mua,mua,mua,mua,mua,mua,mua,mua,mua,mua,mua,mua,mua,mua,mua,mua
u10,UnitRefine,mouse1b_imec0,174,good,good,good,good,good,good,good,good,good,good,good,good,good,good,good,good,good,good
u10,UnitRefine,mouse1b_imec0,175,mua,mua,mua,mua,mua,mua,mua,mua,mua,mua,mua,mua,mua,mua,mua,mua,mua,mua
u10,UnitRefine,mouse1b_imec0,176,mua,mua,mua,mua,good,good,good,mua,mua,mua,mua,mua,mua,mua,mua,good,mua,mua
u10,UnitRefine,mouse1b_imec0,177,mua,noise,noise,noise,noise,noise,noise,noise,mua,noise,noise,noise,noise,mua,noise,mua,noise,noise
u10,UnitRefine,mouse1b_imec0,178,mua,noise,noise,mua,mua,noise,noise,noise,mua,mua,noise,mua,mua,mua,noise,noise,noise,mua
u10,UnitRefine,mouse1b_imec0,179,mua,mua,mua,mua,mua,mua,mua,mua,mua,mua,mua,mua,mua,mua,mua,mua,mua,mua
u10,UnitRefine,mouse1b_imec0,180,good,good,good,good,good,good,good,good,good,good,good,good,good,good,good,good,good,good
u10,UnitRefine,mouse1b_imec0,181,mua,mua,mua,mua,mua,mua,mua,mua,mua,mua,mua,mua,mua,mua,mua,mua,mua,mua
u10,UnitRefine,mouse1b_imec0,182,mua,mua,mua,mua,mua,mua,mua,mua,mua,mua,mua,mua,mua,mua,mua,mua,mua,mua
u10,UnitRefine,mouse1b_imec0,183,mua,mua,mua,mua,mua,mua,mua,mua,mua,mua,mua,mua,mua,mua,mua,mua,mua,mua
u10,UnitRefine,mouse1b_imec0,184,mua,mua,mua,mua,mua,mua,mua,mua,mua,mua,mua,mua,mua,mua,mua,mua,mua,mua
u10,UnitRefine,mouse1b_imec0,185,good,mua,mua,mua,mua,good,mua,mua,mua,good,good,good,good,good,mua,good,good,good
u10,UnitRefine,mouse1b_imec0,186,mua,mua,mua,mua,mua,mua,mua,mua,mua,mua,mua,mua,mua,mua,mua,mua,mua,mua
u10,UnitRefine,mouse1b_imec0,187,mua,mua,mua,mua,mua,mua,mua,mua,mua,mua,mua,mua,mua,mua,mua,mua,mua,mua
u10,UnitRefine,mouse1b_imec0,188,good,good,good,good,good,good,good,good,good,good,good,good,good,good,good,good,good,good
u10,UnitRefine,mouse1b_imec0,191,mua,mua,mua,mua,mua,mua,mua,mua,mua,mua,mua,mua,mua,mua,mua,mua,mua,mua
u10,UnitRefine,mouse1b_imec0,192,mua,noise,mua,mua,noise,mua,mua,mua,mua,noise,mua,mua,noise,mua,noise,noise,noise,noise
u10,UnitRefine,mouse1b_imec0,193,mua,mua,mua,mua,mua,mua,mua,mua,mua,mua,mua,mua,mua,mua,mua,mua,mua,mua
u10,UnitRefine,mouse1b_imec0,194,mua,mua,mua,mua,mua,mua,mua,mua,mua,mua,mua,mua,mua,mua,mua,mua,mua,mua
u10,UnitRefine,mouse1b_imec0,195,mua,mua,mua,mua,mua,mua,mua,mua,mua,mua,mua,mua,mua,mua,mua,mua,mua,mua
u10,UnitRefine,mouse1b_imec0,196,mua,mua,mua,mua,mua,mua,mua,mua,mua,mua,mua,mua,mua,mua,mua,mua,mua,mua
u10,UnitRefine,mouse1b_imec0,197,mua,mua,mua,mua,mua,mua,mua,mua,mua,mua,mua,mua,mua,mua,mua,mua,mua,mua
u10,UnitRefine,mouse1b_imec0,198,mua,mua,mua,mua,mua,mua,mua,mua,mua,mua,mua,mua,mua,mua,mua,mua,mua,mua
u10,UnitRefine,mouse1b_imec0,199,mua,noise,mua,mua,noise,noise,noise,mua,mua,noise,noise,noise,mua,mua,noise,noise,noise,mua
u10,UnitRefine,mouse1b_imec0,200,mua,mua,mua,mua,mua,mua,mua,mua,mua,mua,mua,mua,mua,mua,mua,mua,mua,mua
u10,UnitRefine,mouse1b_imec0,201,mua,noise,mua,mua,noise,mua,mua,mua,mua,noise,mua,mua,mua,mua,noise,mua,noise,noise
u10,UnitRefine,mouse1b_imec0,202,mua,mua,mua,mua,mua,mua,mua,mua,mua,mua,mua,mua,mua,mua,mua,mua,mua,mua
u10,UnitRefine,mouse1b_imec0,203,mua,mua,mua,mua,mua,mua,mua,mua,mua,mua,mua,mua,mua,mua,mua,mua,mua,mua
u10,UnitRefine,mouse1b_imec0,204,mua,mua,mua,mua,mua,mua,mua,mua,mua,mua,mua,mua,mua,mua,mua,mua,mua,mua
u10,UnitRefine,mouse1b_imec0,205,mua,mua,mua,mua,mua,mua,mua,mua,mua,mua,mua,mua,mua,mua,mua,mua,mua,mua
u10,UnitRefine,mouse1b_imec0,206,mua,mua,mua,mua,mua,mua,mua,mua,mua,mua,mua,mua,mua,mua,mua,mua,mua,mua
u10,UnitRefine,mouse1b_imec0,207,mua,good,good,good,good,good,good,mua,mua,good,good,good,good,good,good,mua,good,good
u10,UnitRefine,mouse1b_imec0,208,mua,mua,mua,mua,mua,mua,mua,mua,mua,mua,mua,mua,mua,mua,mua,mua,mua,mua
u10,UnitRefine,mouse1b_imec0,209,mua,mua,mua,mua,mua,mua,mua,mua,mua,mua,mua,mua,mua,mua,mua,mua,mua,mua
u10,UnitRefine,mouse1b_imec0,210,mua,mua,mua,mua,mua,mua,mua,mua,mua,mua,mua,mua,mua,mua,mua,mua,mua,mua
u10,UnitRefine,mouse1b_imec0,211,mua,mua,mua,mua,mua,mua,mua,mua,mua,mua,mua,mua,mua,mua,mua,mua,mua,mua
u10,UnitRefine,mouse1b_imec0,213,mua,mua,mua,mua,mua,mua,mua,mua,mua,mua,mua,mua,mua,mua,mua,mua,mua,mua
u10,UnitRefine,mouse1b_imec0,214,mua,mua,mua,mua,mua,mua,mua,mua,mua,good,mua,mua,mua,mua,mua,mua,mua,mua
u10,UnitRefine,mouse1b_imec0,215,mua,mua,mua,mua,mua,mua,mua,mua,mua,mua,mua,mua,mua,mua,mua,mua,mua,mua
u10,UnitRefine,mouse1b_imec0,216,mua,mua,mua,mua,mua,mua,mua,mua,mua,mua,mua,mua,mua,mua,mua,mua,mua,mua
u10,UnitRefine,mouse1b_imec0,217,mua,mua,mua,mua,mua,mua,mua,mua,mua,mua,mua,mua,mua,mua,mua,mua,mua,mua
u10,UnitRefine,mouse1b_imec0,218,noise,noise,noise,noise,noise,noise,noise,noise,noise,noise,noise,noise,noise,noise,noise,noise,noise,noise
u10,UnitRefine,mouse1b_imec0,219,mua,mua,mua,mua,mua,mua,mua,mua,mua,mua,mua,mua,mua,mua,mua,mua,mua,mua
u10,UnitRefine,mouse1b_imec0,220,mua,mua,mua,mua,mua,mua,mua,mua,mua,mua,mua,mua,mua,mua,mua,mua,mua,mua
u10,UnitRefine,mouse1b_imec0,221,mua,mua,mua,mua,mua,mua,mua,mua,mua,mua,mua,mua,mua,mua,mua,mua,mua,mua
u10,UnitRefine,mouse1b_imec0,222,mua,mua,mua,mua,mua,mua,mua,mua,mua,mua,mua,mua,mua,mua,mua,good,mua,mua
u10,UnitRefine,mouse1b_imec0,223,mua,mua,mua,mua,mua,mua,mua,mua,mua,mua,mua,mua,mua,mua,mua,mua,mua,mua
u10,UnitRefine,mouse1b_imec0,225,mua,mua,mua,mua,mua,mua,mua,mua,mua,mua,mua,mua,mua,mua,mua,mua,mua,mua
u10,UnitRefine,mouse1b_imec0,227,mua,mua,mua,mua,mua,mua,mua,mua,mua,mua,mua,mua,mua,mua,mua,mua,mua,mua
u10,UnitRefine,mouse1b_imec0,228,good,good,good,good,mua,good,good,good,good,good,good,good,good,good,good,good,good,good
u10,UnitRefine,mouse1b_imec0,229,noise,noise,noise,noise,noise,noise,noise,noise,noise,noise,noise,noise,noise,noise,noise,noise,noise,noise
u10,UnitRefine,mouse1b_imec0,230,mua,mua,mua,mua,mua,mua,mua,mua,mua,mua,mua,mua,mua,mua,mua,mua,mua,mua
u10,UnitRefine,mouse1b_imec0,231,good,good,good,mua,mua,good,mua,good,good,good,good,good,good,good,good,good,good,good
u10,UnitRefine,mouse1b_imec0,232,mua,mua,mua,mua,mua,mua,mua,mua,mua,mua,mua,mua,mua,mua,mua,mua,mua,mua
u10,UnitRefine,mouse1b_imec0,233,mua,mua,mua,mua,noise,mua,mua,mua,mua,mua,mua,mua,mua,mua,mua,mua,mua,mua
u10,UnitRefine,mouse1b_imec0,234,mua,mua,mua,mua,mua,mua,mua,mua,mua,mua,mua,mua,mua,mua,mua,mua,mua,mua
u10,UnitRefine,mouse1b_imec0,235,noise,mua,mua,mua,mua,noise,mua,mua,mua,mua,noise,mua,mua,mua,mua,mua,mua,mua
u10,UnitRefine,mouse1b_imec0,236,mua,mua,mua,mua,mua,mua,mua,mua,mua,mua,mua,mua,mua,mua,mua,mua,mua,mua
u10,UnitRefine,mouse1b_imec0,238,mua,mua,mua,mua,mua,mua,mua,mua,mua,mua,mua,mua,mua,mua,mua,mua,mua,mua
u10,UnitRefine,mouse1b_imec0,239,mua,mua,mua,mua,mua,good,mua,mua,mua,mua,good,mua,mua,mua,mua,mua,mua,mua
u10,UnitRefine,mouse1b_imec0,240,noise,noise,noise,noise,noise,noise,noise,noise,noise,noise,noise,noise,noise,noise,noise,noise,noise,noise
u10,UnitRefine,mouse1b_imec0,241,mua,mua,mua,mua,mua,mua,mua,mua,mua,mua,mua,mua,mua,mua,mua,mua,mua,mua
u10,UnitRefine,mouse1b_imec0,243,mua,mua,mua,mua,mua,mua,mua,mua,mua,mua,mua,mua,mua,mua,mua,mua,mua,mua
u10,UnitRefine,mouse1b_imec0,244,mua,mua,mua,mua,mua,mua,mua,mua,mua,mua,mua,mua,mua,mua,mua,mua,mua,mua
u10,UnitRefine,mouse1b_imec0,245,noise,mua,mua,mua,mua,mua,mua,mua,mua,mua,mua,mua,mua,mua,mua,mua,mua,mua
u10,UnitRefine,mouse1b_imec0,246,mua,mua,mua,mua,mua,mua,mua,mua,mua,mua,mua,mua,mua,mua,mua,good,mua,mua
u10,UnitRefine,mouse1b_imec0,247,mua,mua,mua,mua,mua,mua,mua,mua,mua,mua,mua,mua,mua,mua,mua,noise,mua,mua
u10,UnitRefine,mouse1b_imec0,248,mua,mua,mua,mua,mua,mua,mua,mua,mua,mua,mua,mua,mua,mua,mua,mua,mua,mua
u10,UnitRefine,mouse1b_imec0,249,mua,mua,mua,mua,mua,mua,mua,mua,mua,mua,mua,mua,mua,mua,mua,mua,mua,mua
u10,UnitRefine,mouse1b_imec0,250,mua,mua,mua,mua,mua,mua,mua,mua,mua,mua,mua,mua,mua,mua,mua,mua,mua,mua
u10,UnitRefine,mouse1b_imec0,251,mua,mua,mua,mua,mua,mua,mua,mua,mua,mua,mua,mua,mua,mua,mua,mua,mua,mua
u10,UnitRefine,mouse1b_imec0,252,mua,mua,mua,mua,mua,mua,mua,mua,mua,mua,mua,mua,mua,mua,mua,mua,mua,mua
u10,UnitRefine,mouse1b_imec0,253,mua,noise,noise,mua,noise,noise,noise,noise,mua,noise,noise,noise,mua,mua,mua,mua,mua,mua
u10,UnitRefine,mouse1b_imec0,254,mua,mua,mua,mua,mua,mua,mua,mua,mua,mua,mua,mua,mua,mua,mua,mua,mua,mua
u10,UnitRefine,mouse1b_imec0,255,mua,good,good,mua,good,good,good,mua,mua,mua,mua,mua,mua,mua,mua,mua,mua,mua
u10,UnitRefine,mouse1b_imec0,256,mua,mua,mua,mua,mua,mua,mua,mua,mua,mua,mua,mua,mua,mua,mua,mua,mua,mua
u10,UnitRefine,mouse1b_imec0,257,mua,mua,mua,mua,mua,mua,mua,mua,mua,mua,mua,mua,mua,mua,mua,mua,mua,mua
u10,UnitRefine,mouse1b_imec0,258,mua,mua,mua,mua,mua,mua,mua,mua,mua,mua,mua,mua,mua,mua,mua,mua,mua,mua
u10,UnitRefine,mouse1b_imec0,259,mua,mua,mua,mua,mua,mua,mua,mua,mua,mua,mua,mua,mua,mua,mua,mua,mua,mua
u10,UnitRefine,mouse1b_imec0,260,mua,mua,mua,mua,mua,mua,mua,mua,mua,mua,mua,mua,mua,mua,mua,mua,mua,mua
u10,UnitRefine,mouse1b_imec0,262,mua,mua,mua,mua,mua,mua,mua,mua,mua,mua,mua,mua,mua,mua,mua,mua,mua,mua
u10,UnitRefine,mouse1b_imec0,263,mua,noise,noise,noise,noise,noise,noise,noise,mua,noise,noise,noise,mua,mua,noise,noise,noise,mua
u10,UnitRefine,mouse1b_imec0,264,mua,mua,mua,mua,mua,mua,mua,mua,mua,mua,mua,mua,mua,mua,mua,mua,mua,mua
u10,UnitRefine,mouse1b_imec0,265,mua,mua,mua,mua,mua,mua,mua,mua,mua,mua,mua,mua,mua,mua,mua,mua,mua,mua
u10,UnitRefine,mouse1b_imec0,266,mua,good,good,good,good,good,good,good,good,good,good,good,good,good,good,good,good,good
u10,UnitRefine,mouse1b_imec0,267,mua,mua,mua,mua,mua,good,mua,mua,mua,mua,good,mua,mua,mua,mua,mua,mua,mua
u10,UnitRefine,mouse1b_imec0,268,mua,mua,mua,mua,mua,mua,mua,mua,mua,mua,mua,mua,mua,mua,mua,mua,mua,mua
u10,UnitRefine,mouse1b_imec0,269,mua,mua,mua,mua,mua,mua,mua,mua,mua,mua,mua,mua,mua,mua,mua,mua,mua,mua
u10,UnitRefine,mouse1b_imec0,270,mua,mua,mua,mua,mua,mua,mua,mua,mua,mua,mua,mua,mua,mua,mua,mua,mua,mua
u10,UnitRefine,mouse1b_imec0,271,mua,mua,mua,mua,mua,mua,mua,mua,mua,mua,mua,mua,mua,mua,mua,mua,mua,mua
u10,UnitRefine,mouse1b_imec0,272,mua,mua,mua,mua,mua,mua,mua,mua,mua,mua,mua,mua,mua,mua,mua,mua,mua,mua
u10,UnitRefine,mouse1b_imec0,273,good,good,good,good,good,good,good,good,good,good,good,good,good,good,good,good,good,good
u10,UnitRefine,mouse1b_imec0,274,mua,mua,mua,mua,mua,mua,mua,mua,mua,mua,mua,mua,mua,mua,mua,mua,mua,mua
u10,UnitRefine,mouse1b_imec0,275,mua,mua,mua,mua,mua,mua,mua,mua,mua,mua,mua,mua,mua,mua,mua,mua,mua,mua
u10,UnitRefine,mouse1b_imec0,276,mua,mua,mua,mua,mua,mua,mua,mua,mua,mua,mua,mua,mua,mua,mua,mua,mua,mua
u10,UnitRefine,mouse1b_imec0,277,mua,mua,mua,mua,mua,mua,mua,mua,mua,mua,mua,mua,mua,mua,mua,mua,mua,mua
u10,UnitRefine,mouse1b_imec0,278,mua,good,good,good,good,good,good,good,mua,good,good,good,mua,mua,mua,good,mua,mua
u10,UnitRefine,mouse1b_imec0,279,mua,mua,mua,mua,good,mua,good,mua,mua,mua,mua,mua,mua,mua,mua,mua,mua,mua
u10,UnitRefine,mouse1b_imec0,280,mua,mua,mua,mua,mua,mua,mua,mua,mua,mua,mua,mua,mua,mua,mua,mua,mua,mua
u10,UnitRefine,mouse1b_imec0,281,mua,mua,mua,mua,mua,mua,mua,mua,mua,mua,mua,mua,mua,mua,mua,mua,mua,mua
u10,UnitRefine,mouse1b_imec0,282,mua,mua,mua,mua,mua,mua,mua,mua,mua,mua,mua,mua,mua,mua,mua,mua,mua,mua
u10,UnitRefine,mouse1b_imec0,283,good,good,good,good,good,good,good,good,good,good,good,good,good,good,good,good,good,good
u10,UnitRefine,mouse1b_imec0,284,mua,mua,mua,mua,mua,mua,mua,mua,mua,mua,mua,mua,mua,mua,mua,mua,mua,mua
u10,UnitRefine,mouse1b_imec0,285,mua,mua,mua,mua,mua,mua,mua,mua,mua,mua,mua,mua,mua,mua,mua,mua,mua,mua
u10,UnitRefine,mouse1b_imec0,286,mua,noise,noise,noise,noise,noise,noise,noise,noise,noise,noise,noise,noise,noise,noise,noise,noise,noise
u10,UnitRefine,mouse1b_imec0,287,good,mua,mua,mua,mua,mua,mua,mua,mua,mua,mua,mua,mua,mua,mua,mua,mua,mua
u10,UnitRefine,mouse1b_imec0,288,mua,mua,mua,mua,mua,mua,mua,mua,mua,mua,mua,mua,mua,mua,mua,mua,mua,mua
u10,UnitRefine,mouse1b_imec0,289,mua,mua,mua,mua,mua,mua,mua,mua,mua,mua,mua,mua,mua,mua,mua,mua,mua,mua
u10,UnitRefine,mouse1b_imec0,290,mua,mua,mua,mua,mua,mua,mua,mua,mua,mua,mua,mua,mua,mua,mua,mua,mua,mua
u10,UnitRefine,mouse1b_imec0,291,mua,mua,mua,mua,mua,mua,mua,mua,mua,mua,mua,mua,mua,mua,mua,mua,mua,mua
u10,UnitRefine,mouse1b_imec0,292,noise,noise,mua,mua,noise,mua,noise,mua,mua,noise,mua,mua,noise,mua,noise,noise,noise,noise
u10,UnitRefine,mouse1b_imec0,293,noise,mua,mua,mua,noise,mua,mua,mua,mua,mua,mua,mua,mua,mua,noise,mua,noise,noise
u10,UnitRefine,mouse1b_imec0,294,mua,good,mua,mua,good,good,good,good,good,good,good,good,good,good,good,mua,good,good
u10,UnitRefine,mouse1b_imec0,295,good,good,good,good,good,good,good,good,good,good,good,good,good,good,good,good,good,good
u10,UnitRefine,mouse1b_imec0,296,mua,mua,mua,mua,mua,mua,mua,mua,mua,mua,mua,mua,mua,mua,mua,mua,mua,mua
u10,UnitRefine,mouse1b_imec0,297,mua,mua,mua,mua,mua,mua,mua,mua,mua,mua,mua,mua,mua,mua,mua,mua,mua,mua
u10,UnitRefine,mouse1b_imec0,299,mua,mua,mua,mua,mua,mua,mua,mua,mua,mua,mua,mua,mua,mua,mua,mua,mua,mua
u10,UnitRefine,mouse1b_imec0,300,mua,mua,mua,mua,mua,mua,mua,mua,mua,mua,mua,mua,mua,mua,mua,mua,mua,mua
u10,UnitRefine,mouse1b_imec0,301,mua,mua,mua,mua,mua,mua,mua,mua,mua,mua,mua,mua,mua,mua,mua,mua,mua,mua
u10,UnitRefine,mouse1b_imec0,302,mua,noise,mua,mua,noise,mua,mua,mua,mua,noise,mua,noise,noise,mua,noise,mua,noise,mua
u10,UnitRefine,mouse1b_imec0,304,mua,good,good,good,good,good,good,good,good,good,good,good,good,good,good,good,good,good
u10,UnitRefine,mouse1b_imec0,306,mua,mua,mua,mua,mua,mua,mua,mua,mua,mua,mua,mua,mua,mua,mua,mua,mua,mua
u10,UnitRefine,mouse1b_imec0,307,mua,mua,mua,mua,mua,mua,mua,mua,mua,mua,mua,mua,mua,mua,mua,mua,mua,mua
u10,UnitRefine,mouse1b_imec0,308,mua,mua,mua,mua,mua,mua,mua,mua,mua,mua,mua,mua,mua,mua,mua,mua,mua,mua
u10,UnitRefine,mouse1b_imec0,309,mua,mua,mua,mua,mua,mua,mua,mua,mua,mua,mua,mua,mua,mua,mua,mua,mua,mua
u10,UnitRefine,mouse1b_imec0,311,mua,mua,mua,mua,mua,good,mua,mua,mua,mua,good,mua,mua,mua,mua,good,mua,mua
u10,UnitRefine,mouse1b_imec0,312,mua,mua,mua,mua,mua,mua,mua,mua,mua,mua,mua,mua,mua,mua,mua,mua,mua,mua
u10,UnitRefine,mouse1b_imec0,313,mua,mua,mua,mua,mua,mua,mua,mua,mua,mua,mua,mua,mua,mua,mua,mua,mua,mua
u10,UnitRefine,mouse1b_imec0,314,mua,mua,mua,mua,mua,mua,mua,mua,mua,mua,mua,mua,mua,mua,mua,mua,mua,mua
u10,UnitRefine,mouse1b_imec0,315,mua,mua,mua,mua,mua,mua,mua,mua,mua,mua,mua,mua,mua,mua,mua,mua,mua,mua
u10,UnitRefine,mouse1b_imec0,316,mua,mua,mua,mua,mua,mua,mua,mua,mua,mua,mua,mua,mua,mua,mua,mua,mua,mua
u10,UnitRefine,mouse1b_imec0,317,mua,mua,mua,mua,mua,mua,mua,mua,mua,mua,mua,mua,mua,mua,mua,mua,mua,mua
u10,UnitRefine,mouse1b_imec0,318,mua,mua,mua,mua,mua,mua,mua,mua,mua,mua,mua,mua,mua,mua,mua,mua,mua,mua
u10,UnitRefine,mouse1b_imec0,319,mua,mua,mua,mua,mua,mua,mua,mua,mua,mua,mua,mua,mua,mua,mua,mua,mua,mua
u10,UnitRefine,mouse1b_imec0,320,mua,mua,mua,mua,mua,mua,mua,mua,mua,mua,mua,mua,mua,mua,mua,mua,mua,mua
u10,UnitRefine,mouse1b_imec0,321,mua,mua,mua,mua,mua,mua,mua,mua,mua,mua,mua,mua,mua,mua,mua,mua,mua,mua
u10,UnitRefine,mouse1b_imec0,322,mua,mua,mua,mua,mua,mua,mua,mua,mua,mua,mua,mua,mua,mua,mua,mua,mua,mua
u10,UnitRefine,mouse1b_imec0,323,mua,noise,noise,noise,noise,noise,noise,noise,noise,mua,noise,noise,noise,mua,mua,mua,noise,mua
u10,UnitRefine,mouse1b_imec0,324,mua,mua,mua,mua,mua,mua,mua,mua,mua,mua,mua,mua,mua,mua,mua,mua,mua,mua
u10,UnitRefine,mouse1b_imec0,325,mua,mua,mua,mua,mua,mua,mua,mua,mua,mua,mua,mua,mua,mua,mua,mua,mua,mua
u10,UnitRefine,mouse1b_imec0,326,mua,mua,mua,mua,mua,mua,mua,mua,mua,mua,mua,mua,mua,mua,mua,mua,mua,mua
u10,UnitRefine,mouse1b_imec0,327,noise,mua,mua,mua,mua,noise,mua,mua,mua,mua,noise,mua,mua,mua,mua,noise,mua,noise
u10,UnitRefine,mouse1b_imec0,328,mua,good,good,mua,good,good,good,good,mua,good,good,good,mua,mua,good,good,good,mua
u10,UnitRefine,mouse1b_imec0,329,mua,mua,mua,mua,mua,mua,mua,mua,mua,mua,mua,mua,mua,mua,mua,mua,mua,mua
u10,UnitRefine,mouse1b_imec0,330,mua,mua,mua,mua,mua,mua,mua,mua,mua,mua,mua,mua,mua,mua,mua,mua,mua,mua
u10,UnitRefine,mouse1b_imec0,331,mua,mua,mua,mua,mua,mua,mua,mua,mua,mua,mua,mua,mua,mua,mua,mua,mua,mua
u10,UnitRefine,mouse1b_imec0,332,mua,mua,mua,mua,mua,mua,mua,mua,mua,mua,mua,mua,mua,mua,mua,mua,mua,mua
u10,UnitRefine,mouse1b_imec0,336,good,mua,mua,mua,mua,mua,mua,mua,mua,mua,mua,mua,good,good,good,good,good,good
u10,UnitRefine,mouse1b_imec0,337,good,mua,mua,mua,mua,mua,mua,mua,mua,mua,mua,mua,good,good,mua,mua,mua,good
u10,UnitRefine,mouse1b_imec0,338,mua,mua,mua,mua,mua,mua,mua,mua,mua,mua,mua,mua,mua,mua,mua,mua,mua,mua
u10,UnitRefine,mouse1b_imec0,339,mua,mua,good,mua,good,good,good,good,good,good,good,good,good,good,good,good,good,good
u10,UnitRefine,mouse1b_imec0,340,mua,mua,mua,mua,mua,mua,mua,mua,mua,mua,mua,mua,mua,mua,mua,mua,mua,mua
u10,UnitRefine,mouse1b_imec0,341,good,good,good,good,good,good,good,good,good,mua,good,good,good,good,good,good,good,good
u10,UnitRefine,mouse1b_imec0,342,mua,mua,mua,mua,mua,mua,mua,mua,mua,mua,mua,mua,mua,mua,mua,mua,mua,mua
u10,UnitRefine,mouse1b_imec0,343,mua,mua,mua,mua,mua,mua,mua,mua,mua,mua,mua,mua,mua,mua,mua,mua,mua,mua
u10,UnitRefine,mouse1b_imec0,345,mua,mua,mua,mua,mua,mua,mua,mua,mua,mua,mua,mua,mua,mua,mua,mua,mua,mua
u10,UnitRefine,mouse1b_imec0,346,mua,mua,mua,mua,mua,mua,mua,mua,mua,mua,mua,mua,mua,mua,mua,mua,mua,mua
u10,UnitRefine,mouse1b_imec0,347,mua,mua,mua,mua,mua,mua,mua,mua,mua,mua,mua,mua,mua,mua,mua,mua,mua,mua
u10,UnitRefine,mouse1b_imec0,348,mua,mua,mua,mua,mua,mua,mua,mua,mua,mua,mua,mua,mua,mua,mua,mua,mua,mua
u10,UnitRefine,mouse1b_imec0,349,mua,mua,mua,mua,noise,mua,mua,mua,mua,noise,mua,mua,mua,mua,mua,mua,mua,mua
u10,UnitRefine,mouse1b_imec0,350,mua,mua,mua,mua,mua,mua,mua,mua,mua,mua,mua,mua,mua,mua,mua,mua,mua,mua
u10,UnitRefine,mouse1b_imec0,351,mua,mua,mua,mua,mua,mua,mua,mua,mua,mua,mua,mua,mua,mua,mua,mua,mua,mua
u10,UnitRefine,mouse1b_imec0,352,mua,mua,mua,mua,mua,mua,mua,mua,mua,mua,mua,mua,mua,mua,mua,mua,mua,mua
u10,UnitRefine,mouse1b_imec0,353,mua,mua,mua,mua,mua,mua,mua,mua,mua,mua,mua,mua,mua,mua,mua,mua,mua,good
u10,UnitRefine,mouse1b_imec0,354,mua,mua,mua,mua,mua,good,mua,good,good,mua,good,good,good,good,good,good,good,good
u10,UnitRefine,mouse1b_imec0,356,mua,mua,mua,mua,mua,mua,mua,mua,mua,mua,mua,mua,mua,mua,mua,mua,mua,mua
u10,UnitRefine,mouse1b_imec0,357,mua,mua,mua,mua,mua,mua,mua,mua,mua,mua,mua,mua,mua,mua,mua,mua,mua,mua
u10,UnitRefine,mouse1b_imec0,358,mua,mua,mua,mua,mua,mua,mua,mua,mua,mua,mua,mua,mua,mua,mua,mua,mua,mua
u10,UnitRefine,mouse1b_imec0,359,mua,mua,noise,mua,mua,mua,mua,noise,mua,mua,mua,mua,mua,mua,mua,mua,mua,mua
u10,UnitRefine,mouse1b_imec0,361,mua,mua,mua,mua,mua,mua,mua,mua,mua,mua,mua,mua,mua,mua,mua,mua,mua,mua
u10,UnitRefine,mouse1b_imec0,362,mua,mua,mua,mua,mua,mua,mua,mua,mua,mua,mua,mua,mua,mua,mua,mua,mua,mua
u10,UnitRefine,mouse1b_imec0,363,mua,mua,mua,mua,mua,good,mua,mua,mua,mua,good,mua,mua,mua,mua,good,mua,good
u10,UnitRefine,mouse1b_imec0,364,mua,mua,mua,mua,mua,mua,mua,mua,mua,mua,mua,mua,mua,mua,mua,mua,mua,mua
u10,UnitRefine,mouse1b_imec0,365,mua,mua,mua,mua,mua,mua,mua,mua,mua,mua,mua,mua,mua,mua,mua,mua,mua,mua
u10,UnitRefine,mouse1b_imec0,366,mua,mua,mua,mua,mua,mua,mua,mua,mua,mua,mua,mua,mua,mua,mua,mua,mua,mua
u10,UnitRefine,mouse1b_imec0,367,mua,mua,mua,mua,mua,mua,mua,mua,mua,mua,mua,mua,mua,mua,mua,mua,mua,mua
u10,UnitRefine,mouse1b_imec0,368,mua,good,good,good,good,good,good,good,good,good,good,good,good,good,good,good,good,good
u10,UnitRefine,mouse1b_imec0,369,mua,mua,mua,mua,mua,mua,mua,mua,mua,mua,mua,mua,mua,mua,mua,mua,mua,mua
u10,UnitRefine,mouse1b_imec0,370,good,good,good,good,mua,mua,mua,good,good,mua,mua,mua,good,good,mua,mua,mua,good
u10,UnitRefine,mouse1b_imec0,374,mua,mua,mua,mua,mua,mua,mua,mua,mua,mua,mua,mua,mua,mua,mua,mua,mua,mua
u10,UnitRefine,mouse1b_imec0,375,mua,mua,mua,mua,mua,mua,mua,mua,mua,mua,mua,mua,mua,mua,mua,mua,mua,mua
u10,UnitRefine,mouse1b_imec0,376,mua,good,good,good,good,good,good,good,good,mua,good,good,good,good,good,good,good,good
u10,UnitRefine,mouse1b_imec0,378,mua,mua,mua,mua,mua,mua,mua,mua,mua,mua,mua,mua,mua,mua,mua,mua,mua,mua
u10,UnitRefine,mouse1b_imec0,379,mua,mua,mua,mua,mua,mua,mua,mua,mua,mua,mua,mua,mua,mua,mua,mua,mua,mua
u10,UnitRefine,mouse1b_imec0,380,mua,mua,mua,mua,mua,mua,mua,mua,mua,mua,mua,mua,mua,mua,mua,mua,mua,mua
u10,UnitRefine,mouse1b_imec0,381,mua,mua,mua,mua,mua,mua,mua,mua,mua,mua,mua,mua,mua,mua,mua,mua,mua,noise
u10,UnitRefine,mouse1b_imec0,382,mua,mua,mua,mua,mua,mua,mua,mua,mua,mua,mua,mua,mua,mua,mua,mua,mua,mua
u10,UnitRefine,mouse1b_imec0,383,good,good,mua,mua,good,good,good,mua,mua,mua,good,mua,good,mua,good,good,good,good
u10,UnitRefine,mouse1b_imec0,384,mua,mua,mua,mua,mua,noise,mua,mua,mua,mua,mua,mua,mua,mua,mua,mua,mua,mua
u10,UnitRefine,mouse1b_imec0,385,good,good,good,mua,mua,mua,mua,mua,mua,mua,mua,mua,good,mua,mua,good,mua,good
u10,UnitRefine,mouse1b_imec0,386,good,good,good,mua,mua,mua,mua,mua,mua,mua,mua,mua,good,good,mua,mua,good,good
u10,UnitRefine,mouse1b_imec0,387,mua,mua,mua,mua,mua,mua,mua,mua,mua,mua,mua,mua,mua,mua,mua,mua,mua,mua
u10,UnitRefine,mouse1b_imec0,388,mua,good,good,good,good,mua,good,mua,mua,mua,mua,mua,mua,mua,mua,mua,mua,mua
u10,UnitRefine,mouse1b_imec0,389,mua,mua,mua,mua,mua,mua,mua,mua,mua,mua,mua,mua,mua,mua,mua,mua,mua,mua
u10,UnitRefine,mouse1b_imec0,390,mua,mua,mua,mua,mua,mua,mua,mua,mua,mua,mua,mua,mua,mua,mua,mua,mua,mua
u10,UnitRefine,mouse1b_imec0,391,mua,good,mua,mua,good,good,good,good,mua,good,good,good,good,good,good,good,good,good
u10,UnitRefine,mouse1b_imec0,392,mua,mua,mua,mua,mua,mua,mua,mua,mua,mua,mua,mua,mua,mua,mua,mua,mua,mua
u10,UnitRefine,mouse1b_imec0,393,mua,mua,mua,mua,mua,mua,mua,mua,mua,mua,mua,mua,mua,mua,mua,mua,mua,mua
u10,UnitRefine,mouse1b_imec0,394,mua,mua,mua,mua,mua,mua,mua,mua,mua,mua,mua,mua,mua,mua,mua,mua,mua,mua
u10,UnitRefine,mouse1b_imec0,396,good,good,good,good,mua,good,mua,good,good,mua,good,mua,good,good,good,good,good,good
u10,UnitRefine,mouse1b_imec0,398,good,good,good,good,good,good,good,good,good,good,good,good,good,good,good,good,good,good
u10,UnitRefine,mouse1b_imec0,399,mua,mua,mua,mua,mua,mua,mua,mua,mua,mua,mua,mua,mua,mua,mua,mua,mua,mua
u10,UnitRefine,mouse1b_imec0,400,mua,mua,mua,mua,mua,mua,mua,mua,mua,mua,mua,mua,mua,mua,mua,mua,mua,mua
u10,UnitRefine,mouse1b_imec0,402,good,good,good,good,good,good,good,good,good,good,good,good,good,good,good,good,good,good
u10,UnitRefine,mouse1b_imec0,403,mua,mua,mua,mua,mua,mua,mua,mua,mua,mua,mua,mua,mua,mua,mua,mua,mua,mua
u10,UnitRefine,mouse1b_imec0,404,mua,mua,mua,mua,mua,good,mua,mua,mua,mua,good,mua,mua,mua,mua,good,mua,mua
u10,UnitRefine,mouse1b_imec0,405,mua,mua,mua,mua,mua,noise,mua,mua,mua,mua,noise,mua,mua,mua,mua,noise,mua,mua
u10,UnitRefine,mouse1b_imec0,406,mua,mua,mua,mua,mua,mua,mua,mua,mua,mua,mua,mua,mua,mua,mua,mua,mua,mua
u10,UnitRefine,mouse1b_imec0,407,mua,mua,mua,mua,mua,mua,mua,mua,mua,mua,good,mua,good,mua,good,good,good,good
u10,UnitRefine,mouse1b_imec0,408,mua,mua,mua,mua,mua,mua,mua,mua,mua,mua,mua,mua,mua,mua,mua,mua,mua,mua
u10,UnitRefine,mouse1b_imec0,409,mua,mua,mua,mua,mua,mua,mua,mua,mua,mua,mua,mua,mua,mua,mua,mua,mua,mua
u10,UnitRefine,mouse1b_imec0,410,mua,mua,mua,mua,good,mua,mua,mua,mua,mua,good,mua,mua,mua,mua,good,mua,good
u10,UnitRefine,mouse1b_imec0,411,mua,mua,mua,mua,mua,mua,mua,mua,mua,mua,mua,mua,mua,mua,mua,mua,mua,mua
u10,UnitRefine,mouse1b_imec0,412,good,good,good,good,good,mua,good,good,good,good,mua,good,good,good,good,good,good,good
u10,UnitRefine,mouse1b_imec0,414,mua,mua,mua,mua,mua,mua,mua,mua,mua,mua,mua,mua,mua,mua,mua,mua,mua,mua
u10,UnitRefine,mouse1b_imec0,415,mua,mua,mua,mua,mua,mua,mua,mua,mua,mua,mua,mua,mua,mua,mua,mua,mua,mua
u10,UnitRefine,mouse1b_imec0,417,mua,mua,mua,mua,mua,mua,mua,mua,mua,mua,mua,mua,mua,mua,mua,mua,mua,mua
u10,UnitRefine,mouse1b_imec0,418,good,good,good,good,good,good,good,good,good,good,good,good,good,good,good,good,good,good
u10,UnitRefine,mouse1b_imec0,419,mua,mua,mua,mua,mua,mua,mua,mua,mua,mua,mua,mua,mua,mua,mua,mua,mua,mua
u10,UnitRefine,mouse1b_imec0,420,mua,mua,mua,mua,mua,mua,mua,mua,mua,mua,mua,mua,mua,mua,mua,mua,mua,mua
u10,UnitRefine,mouse1b_imec0,423,mua,mua,mua,mua,good,mua,mua,mua,mua,mua,good,mua,mua,good,good,good,good,good
u10,UnitRefine,mouse1b_imec0,424,mua,mua,mua,mua,mua,mua,mua,mua,mua,mua,mua,mua,mua,mua,mua,mua,mua,mua
u10,UnitRefine,mouse1b_imec0,425,mua,mua,mua,mua,mua,mua,mua,mua,mua,mua,mua,mua,mua,mua,mua,mua,mua,mua
u10,UnitRefine,mouse1b_imec0,426,mua,mua,mua,mua,mua,mua,mua,mua,mua,mua,mua,mua,mua,mua,mua,mua,mua,mua
u10,UnitRefine,mouse1b_imec0,427,mua,mua,mua,mua,mua,mua,mua,mua,mua,mua,mua,mua,mua,mua,mua,mua,mua,mua
u10,UnitRefine,mouse1b_imec0,429,mua,noise,mua,mua,noise,mua,noise,mua,mua,noise,mua,noise,mua,mua,mua,mua,mua,mua
u10,UnitRefine,mouse1b_imec0,430,mua,mua,mua,mua,mua,mua,mua,mua,mua,mua,mua,mua,mua,mua,mua,mua,mua,mua
u10,UnitRefine,mouse1b_imec0,431,mua,mua,mua,mua,mua,mua,mua,mua,mua,mua,mua,mua,mua,mua,mua,mua,mua,mua
u10,UnitRefine,mouse1b_imec0,432,mua,mua,mua,mua,mua,mua,mua,mua,mua,mua,mua,mua,mua,mua,mua,mua,mua,mua
u10,UnitRefine,mouse1b_imec0,433,mua,mua,mua,mua,noise,noise,mua,mua,mua,mua,mua,mua,mua,mua,mua,mua,mua,mua
u10,UnitRefine,mouse1b_imec0,434,good,mua,mua,mua,mua,mua,mua,mua,mua,mua,mua,mua,mua,mua,good,mua,good,good
u10,UnitRefine,mouse1b_imec0,435,mua,mua,mua,mua,mua,mua,mua,mua,mua,mua,mua,mua,mua,mua,mua,mua,mua,mua
u10,UnitRefine,mouse1b_imec0,436,mua,mua,mua,mua,mua,mua,mua,mua,mua,mua,mua,mua,mua,mua,mua,mua,mua,mua
u10,UnitRefine,mouse1b_imec0,437,good,mua,mua,mua,mua,good,mua,mua,mua,mua,good,mua,good,mua,mua,good,mua,mua
u10,UnitRefine,mouse1b_imec0,439,good,good,good,mua,mua,mua,mua,good,good,mua,mua,good,good,good,good,good,good,good
u10,UnitRefine,mouse1b_imec0,441,good,good,good,good,good,good,good,good,good,good,good,good,good,good,good,good,good,good
u10,UnitRefine,mouse1b_imec0,442,noise,noise,noise,noise,noise,noise,noise,noise,noise,noise,noise,noise,noise,noise,noise,noise,noise,noise
u10,UnitRefine,mouse1b_imec0,443,noise,noise,noise,noise,noise,noise,noise,noise,noise,noise,noise,noise,noise,noise,noise,noise,noise,noise
u10,UnitRefine,mouse1b_imec0,444,mua,noise,mua,mua,noise,noise,noise,mua,noise,noise,noise,noise,noise,mua,noise,noise,noise,noise
u10,UnitRefine,mouse1b_imec0,445,mua,mua,mua,mua,mua,mua,mua,mua,mua,mua,noise,mua,mua,mua,mua,mua,mua,mua
u10,UnitRefine,mouse1b_imec0,446,mua,mua,mua,mua,noise,mua,mua,mua,mua,noise,mua,noise,mua,mua,noise,mua,mua,mua
u10,UnitRefine,mouse1b_imec0,447,good,good,good,good,good,good,good,good,good,good,good,good,good,good,good,good,good,good
u10,UnitRefine,mouse1b_imec0,449,good,mua,mua,mua,mua,good,mua,mua,mua,mua,mua,mua,mua,mua,mua,good,mua,mua
u10,UnitRefine,mouse1b_imec0,456,mua,noise,noise,noise,noise,noise,noise,noise,noise,noise,noise,noise,noise,noise,noise,noise,noise,noise
u10,UnitRefine,mouse1b_imec0,457,mua,mua,mua,mua,noise,mua,noise,mua,mua,mua,mua,mua,mua,mua,mua,good,mua,mua
u10,UnitRefine,mouse1b_imec0,458,good,good,good,good,good,noise,good,good,mua,good,mua,good,good,good,good,mua,good,good
u10,UnitRefine,mouse1b_imec0,460,good,good,good,good,good,good,good,good,good,good,good,good,good,good,good,good,good,good
u10,UnitRefine,mouse1b_imec0,461,mua,mua,mua,mua,mua,good,mua,mua,mua,good,good,good,good,mua,mua,good,good,good
u10,UnitRefine,mouse1b_imec0,463,good,mua,mua,mua,mua,mua,mua,mua,mua,mua,mua,mua,mua,mua,mua,mua,mua,mua
u10,UnitRefine,mouse1b_imec0,464,good,mua,mua,mua,good,mua,good,good,mua,good,mua,good,good,good,good,good,good,good
u10,UnitRefine,mouse1b_imec0,466,mua,mua,mua,mua,mua,good,mua,mua,mua,mua,mua,mua,mua,mua,mua,good,mua,mua
u10,UnitRefine,mouse1b_imec0,470,mua,mua,mua,mua,mua,mua,mua,mua,mua,mua,mua,mua,mua,mua,mua,mua,mua,mua
u10,UnitRefine,mouse1b_imec0,471,mua,mua,mua,mua,mua,mua,mua,mua,mua,mua,mua,mua,mua,mua,mua,mua,mua,mua
u10,UnitRefine,mouse1b_imec0,472,good,good,mua,good,good,good,good,mua,good,mua,good,mua,good,good,good,good,good,mua
u10,UnitRefine,mouse1b_imec0,473,mua,mua,mua,mua,mua,mua,mua,mua,mua,mua,mua,mua,mua,mua,mua,good,mua,mua
u10,UnitRefine,mouse1b_imec0,474,mua,good,good,good,good,good,good,good,mua,good,good,good,good,good,good,good,good,good
u10,UnitRefine,mouse1b_imec0,476,mua,mua,mua,mua,mua,mua,mua,mua,mua,mua,mua,mua,mua,mua,mua,mua,mua,mua
u10,UnitRefine,mouse1b_imec0,477,mua,mua,mua,mua,mua,mua,mua,mua,mua,mua,mua,mua,mua,mua,mua,mua,mua,mua
u10,UnitRefine,mouse1b_imec0,478,good,good,good,good,good,good,good,good,good,good,good,good,good,good,good,good,good,good
u10,UnitRefine,mouse1b_imec0,479,mua,mua,mua,mua,mua,mua,mua,mua,mua,mua,mua,mua,mua,mua,mua,mua,mua,mua
u10,UnitRefine,mouse1b_imec0,480,mua,mua,mua,mua,mua,mua,mua,mua,mua,mua,mua,mua,mua,mua,mua,good,mua,mua
u10,UnitRefine,mouse1b_imec0,481,mua,mua,mua,mua,mua,good,mua,mua,mua,mua,mua,mua,mua,mua,mua,mua,mua,mua
u10,UnitRefine,mouse1b_imec0,482,good,good,good,good,good,good,good,good,good,good,good,good,good,good,good,good,good,good
u10,UnitRefine,mouse1b_imec0,483,mua,mua,mua,mua,mua,mua,mua,mua,mua,mua,mua,mua,mua,mua,mua,mua,mua,mua
u10,UnitRefine,mouse1b_imec0,484,mua,mua,mua,mua,mua,mua,mua,mua,mua,mua,mua,mua,mua,mua,mua,mua,mua,mua
u10,UnitRefine,mouse1b_imec0,485,mua,mua,mua,mua,mua,good,good,mua,mua,mua,good,mua,mua,mua,mua,mua,mua,mua
u10,UnitRefine,mouse1b_imec0,486,mua,good,good,mua,good,good,good,good,good,good,good,good,good,good,good,good,good,good
u10,UnitRefine,mouse1b_imec0,487,mua,mua,mua,mua,mua,mua,mua,mua,mua,mua,mua,mua,mua,mua,mua,mua,mua,mua
u10,UnitRefine,mouse1b_imec0,488,mua,mua,mua,mua,good,good,good,good,mua,good,good,good,mua,mua,mua,good,mua,mua
u10,UnitRefine,mouse1b_imec0,489,mua,noise,noise,noise,noise,mua,noise,noise,mua,noise,mua,noise,noise,noise,noise,noise,noise,noise
u10,UnitRefine,mouse1b_imec0,490,mua,mua,mua,mua,mua,mua,mua,mua,mua,mua,mua,mua,mua,mua,mua,mua,mua,mua
u10,UnitRefine,mouse1b_imec0,491,mua,noise,mua,mua,noise,mua,noise,mua,mua,noise,mua,mua,mua,mua,noise,mua,mua,mua
u10,UnitRefine,mouse1b_imec0,492,mua,mua,mua,mua,mua,mua,mua,mua,mua,mua,mua,mua,mua,mua,mua,mua,mua,mua
u10,UnitRefine,mouse1b_imec0,493,good,good,good,good,good,good,good,good,good,good,good,good,good,good,good,good,good,good
u10,UnitRefine,mouse1b_imec0,494,mua,good,good,good,good,good,good,good,good,good,good,good,good,good,good,good,good,good
u10,UnitRefine,mouse1b_imec0,495,mua,mua,mua,mua,mua,mua,mua,mua,mua,mua,mua,mua,mua,mua,mua,mua,mua,mua
u10,UnitRefine,mouse1b_imec0,496,mua,mua,mua,mua,mua,mua,mua,mua,mua,mua,mua,mua,mua,mua,mua,good,mua,mua
u10,UnitRefine,mouse1b_imec0,497,good,good,good,good,good,good,good,good,good,good,good,good,good,good,good,good,good,good
u10,UnitRefine,mouse1b_imec0,498,mua,mua,mua,mua,mua,mua,mua,mua,mua,mua,mua,mua,mua,mua,mua,mua,mua,mua
u10,UnitRefine,mouse1b_imec0,499,mua,mua,mua,mua,mua,mua,mua,mua,mua,mua,mua,mua,mua,mua,mua,mua,mua,mua
u10,UnitRefine,mouse1b_imec0,500,mua,good,good,mua,good,good,good,good,mua,good,good,good,good,good,mua,mua,good,good
u10,UnitRefine,mouse1b_imec0,501,mua,mua,mua,mua,mua,mua,mua,mua,mua,mua,mua,mua,mua,mua,mua,mua,mua,mua
u10,UnitRefine,mouse1b_imec0,502,good,good,good,good,good,good,good,good,good,good,good,good,good,good,good,good,good,good
u10,UnitRefine,mouse1b_imec0,504,mua,noise,mua,mua,noise,mua,noise,mua,mua,noise,mua,mua,mua,mua,mua,mua,mua,mua
u10,UnitRefine,mouse1b_imec0,505,mua,noise,noise,noise,mua,mua,mua,mua,mua,mua,mua,mua,mua,mua,mua,mua,mua,mua
u10,UnitRefine,mouse1b_imec0,506,mua,mua,mua,mua,mua,mua,mua,mua,mua,mua,mua,mua,mua,mua,mua,mua,mua,mua
u10,UnitRefine,mouse1b_imec0,507,mua,noise,mua,mua,noise,noise,noise,mua,mua,noise,mua,noise,mua,mua,mua,mua,mua,mua
u10,UnitRefine,mouse1b_imec0,508,mua,noise,noise,mua,noise,noise,noise,noise,mua,noise,noise,noise,noise,noise,noise,noise,noise,noise
u10,UnitRefine,mouse1b_imec0,509,mua,mua,mua,mua,mua,mua,mua,mua,mua,mua,mua,mua,mua,mua,mua,good,mua,good
u10,UnitRefine,mouse1b_imec0,510,mua,mua,mua,mua,mua,mua,mua,mua,mua,mua,mua,mua,mua,mua,mua,mua,mua,mua
u10,UnitRefine,mouse1b_imec0,512,noise,noise,noise,noise,noise,noise,noise,noise,mua,noise,noise,noise,noise,mua,noise,noise,noise,noise
u10,UnitRefine,mouse1b_imec0,513,mua,mua,mua,mua,mua,mua,mua,mua,mua,mua,mua,mua,mua,mua,mua,mua,mua,mua
u10,UnitRefine,mouse1b_imec0,514,mua,mua,mua,mua,mua,mua,mua,mua,mua,mua,mua,mua,mua,mua,mua,mua,mua,mua
u10,UnitRefine,mouse1b_imec0,515,mua,good,mua,mua,good,good,good,mua,mua,mua,mua,mua,mua,mua,mua,good,mua,good
u10,UnitRefine,mouse1b_imec0,516,good,good,good,good,good,good,good,good,good,good,good,good,good,good,good,good,good,good
u10,UnitRefine,mouse1b_imec0,517,good,good,good,good,good,good,good,good,good,good,good,good,good,good,good,good,good,good
u10,UnitRefine,mouse1b_imec0,518,mua,good,good,mua,good,good,good,good,good,good,good,good,good,mua,good,good,good,good
u10,UnitRefine,mouse1b_imec0,519,mua,good,good,good,good,good,good,good,good,good,good,good,good,good,good,mua,good,good
u10,UnitRefine,mouse1b_imec0,520,mua,mua,mua,mua,mua,mua,mua,mua,mua,mua,mua,mua,mua,mua,mua,mua,mua,mua
u10,UnitRefine,mouse1b_imec0,521,mua,mua,mua,mua,mua,good,mua,mua,mua,mua,mua,mua,mua,mua,mua,mua,mua,mua
u10,UnitRefine,mouse1b_imec0,522,mua,mua,mua,mua,mua,mua,mua,mua,mua,mua,mua,mua,mua,mua,mua,mua,mua,mua
u10,UnitRefine,mouse1b_imec0,524,mua,good,good,good,good,good,good,good,good,good,mua,good,good,good,good,good,good,good
u10,UnitRefine,mouse1b_imec0,526,mua,good,mua,mua,good,good,good,good,good,good,good,good,good,good,good,good,good,good
u10,UnitRefine,mouse1b_imec0,527,mua,mua,mua,mua,mua,mua,mua,mua,mua,mua,mua,mua,mua,mua,mua,mua,mua,mua
u10,UnitRefine,mouse1b_imec0,528,good,good,good,good,good,good,good,good,good,good,good,good,good,good,good,good,good,good
u10,UnitRefine,mouse1b_imec0,529,mua,good,mua,mua,good,good,good,mua,mua,mua,mua,mua,mua,mua,good,good,good,mua
u10,UnitRefine,mouse1b_imec0,530,good,good,good,good,good,good,good,good,good,good,good,good,good,good,good,good,good,good
u10,UnitRefine,mouse1b_imec0,531,good,good,good,good,good,good,good,good,good,good,good,good,good,good,good,good,good,good
u10,UnitRefine,mouse1b_imec0,532,good,good,good,good,good,good,good,good,good,good,good,good,good,good,good,good,good,good
u10,UnitRefine,mouse1b_imec0,533,mua,mua,mua,mua,mua,mua,mua,mua,mua,mua,mua,mua,mua,mua,mua,mua,mua,mua
u10,UnitRefine,mouse1b_imec0,534,good,good,good,good,good,good,good,good,good,good,good,good,good,good,good,good,good,good
u10,UnitRefine,mouse1b_imec0,535,mua,mua,mua,mua,mua,mua,mua,mua,mua,mua,mua,mua,mua,mua,mua,mua,mua,mua
u10,UnitRefine,mouse1b_imec0,536,good,good,good,good,good,good,good,good,good,good,good,good,good,good,good,good,good,good
u10,UnitRefine,mouse1b_imec0,538,good,mua,mua,mua,mua,mua,mua,good,mua,good,mua,good,mua,mua,mua,mua,mua,mua
u10,UnitRefine,mouse1b_imec0,540,mua,mua,mua,mua,mua,good,mua,mua,mua,mua,good,mua,mua,mua,mua,mua,mua,mua
u10,UnitRefine,mouse1b_imec0,541,good,good,good,good,good,good,good,good,good,good,good,good,good,good,good,good,good,good
u10,UnitRefine,mouse1b_imec0,542,mua,good,mua,mua,good,mua,good,good,mua,good,good,good,mua,mua,mua,good,mua,mua
u10,UnitRefine,mouse1b_imec0,543,good,mua,mua,mua,mua,mua,mua,mua,mua,mua,mua,mua,mua,mua,mua,good,mua,good
u10,UnitRefine,mouse1b_imec0,544,mua,mua,mua,mua,mua,mua,mua,mua,mua,mua,mua,mua,mua,mua,mua,mua,mua,mua
u10,UnitRefine,mouse1b_imec0,545,mua,mua,mua,mua,mua,mua,mua,mua,mua,mua,mua,mua,mua,mua,mua,mua,mua,mua
u10,UnitRefine,mouse1b_imec0,546,mua,mua,mua,mua,good,mua,mua,mua,mua,good,good,good,good,good,good,good,good,good
u10,UnitRefine,mouse1b_imec0,547,mua,mua,mua,mua,mua,mua,mua,mua,mua,mua,mua,mua,mua,mua,mua,mua,mua,mua
u10,UnitRefine,mouse1b_imec0,548,mua,mua,mua,mua,mua,mua,mua,mua,mua,mua,mua,mua,mua,mua,mua,mua,mua,mua
u10,UnitRefine,mouse1b_imec0,549,mua,mua,mua,mua,mua,mua,mua,mua,mua,mua,mua,mua,mua,mua,mua,mua,mua,mua
u10,UnitRefine,mouse1b_imec0,550,mua,mua,mua,mua,mua,mua,mua,mua,mua,mua,mua,mua,mua,mua,mua,mua,mua,mua
u10,UnitRefine,mouse1b_imec0,551,mua,good,good,good,good,good,good,good,good,good,good,good,good,good,good,good,good,good
u10,UnitRefine,mouse1b_imec0,552,mua,noise,noise,mua,noise,mua,noise,mua,mua,noise,mua,noise,mua,mua,noise,mua,mua,mua
u10,UnitRefine,mouse1b_imec0,553,mua,mua,mua,mua,mua,mua,mua,mua,mua,mua,good,mua,mua,mua,mua,good,mua,mua
u10,UnitRefine,mouse1b_imec0,554,mua,mua,mua,mua,mua,mua,mua,mua,mua,mua,good,mua,mua,mua,mua,good,mua,mua
u10,UnitRefine,mouse1b_imec0,555,mua,good,mua,mua,mua,good,mua,mua,mua,mua,mua,mua,mua,mua,mua,mua,mua,mua
u10,UnitRefine,mouse1b_imec0,556,mua,mua,mua,mua,good,mua,good,mua,mua,mua,mua,mua,mua,mua,mua,mua,mua,mua
u10,UnitRefine,mouse1b_imec0,557,mua,mua,mua,mua,mua,mua,mua,mua,mua,mua,mua,mua,mua,mua,mua,mua,mua,mua
u10,UnitRefine,mouse1b_imec0,558,mua,mua,mua,mua,mua,mua,mua,mua,mua,mua,mua,mua,mua,mua,mua,mua,mua,mua
u10,UnitRefine,mouse1b_imec0,559,good,good,good,good,good,good,good,good,good,good,good,good,good,good,good,good,good,good
u10,UnitRefine,mouse1b_imec0,560,good,good,good,good,good,mua,good,good,good,good,good,good,good,good,good,good,good,good
u10,UnitRefine,mouse1b_imec0,561,good,good,good,good,good,good,good,good,good,good,good,good,good,good,good,good,good,good
u10,UnitRefine,mouse1b_imec0,562,mua,mua,mua,mua,mua,mua,mua,mua,mua,mua,mua,mua,mua,mua,mua,mua,mua,mua
u10,UnitRefine,mouse1b_imec0,563,mua,mua,mua,mua,mua,mua,mua,mua,mua,mua,mua,mua,mua,mua,mua,mua,mua,mua
u10,UnitRefine,mouse1b_imec0,564,mua,good,good,good,good,good,good,mua,mua,mua,good,mua,mua,mua,mua,good,mua,good
u10,UnitRefine,mouse1b_imec0,565,mua,mua,mua,mua,mua,mua,mua,mua,mua,mua,mua,mua,mua,mua,mua,mua,mua,mua
u10,UnitRefine,mouse1b_imec0,566,mua,noise,mua,mua,noise,noise,noise,mua,noise,noise,noise,noise,noise,mua,noise,noise,noise,noise
u10,UnitRefine,mouse1b_imec0,567,mua,mua,mua,mua,mua,mua,mua,mua,mua,mua,mua,mua,mua,mua,mua,mua,mua,mua
u10,UnitRefine,mouse1b_imec0,568,mua,mua,mua,mua,mua,mua,mua,mua,mua,mua,mua,mua,mua,mua,mua,mua,mua,mua
u10,UnitRefine,mouse1b_imec0,569,mua,mua,mua,mua,mua,mua,mua,mua,mua,mua,mua,mua,mua,mua,mua,mua,mua,mua
u10,UnitRefine,mouse1b_imec0,570,mua,mua,mua,mua,noise,mua,mua,mua,mua,noise,mua,mua,mua,mua,noise,noise,noise,noise
u10,UnitRefine,mouse1b_imec0,571,mua,mua,mua,mua,mua,mua,mua,mua,mua,mua,mua,mua,mua,mua,mua,mua,mua,mua
u10,UnitRefine,mouse1b_imec0,572,mua,mua,mua,mua,mua,mua,mua,mua,mua,mua,mua,mua,mua,mua,mua,mua,mua,mua
u10,UnitRefine,mouse1b_imec0,573,mua,mua,mua,mua,mua,mua,mua,mua,mua,mua,mua,mua,mua,mua,mua,mua,mua,mua
u10,UnitRefine,mouse1b_imec0,574,noise,noise,noise,noise,noise,noise,noise,noise,noise,noise,noise,noise,noise,noise,noise,noise,noise,noise
u10,UnitRefine,mouse1b_imec0,575,noise,noise,noise,noise,noise,noise,noise,noise,noise,noise,noise,noise,noise,noise,noise,noise,noise,noise
u10,UnitRefine,mouse1b_imec0,576,noise,noise,noise,noise,noise,noise,noise,noise,noise,noise,noise,noise,noise,noise,noise,noise,noise,noise
u10,UnitRefine,mouse1b_imec0,579,mua,mua,mua,mua,mua,mua,mua,mua,mua,mua,mua,mua,mua,mua,mua,mua,mua,mua
u10,UnitRefine,mouse1b_imec0,581,mua,mua,mua,mua,mua,mua,mua,mua,mua,mua,mua,mua,mua,mua,mua,mua,mua,mua
u10,UnitRefine,mouse1b_imec0,582,mua,mua,mua,mua,mua,mua,mua,mua,mua,mua,mua,mua,mua,mua,mua,mua,mua,mua
u10,UnitRefine,mouse1b_imec0,585,mua,good,good,mua,good,good,good,mua,mua,mua,mua,mua,good,mua,good,good,good,mua
u10,UnitRefine,mouse1b_imec0,586,good,good,good,good,good,good,good,good,good,good,good,good,good,good,good,good,good,good
u10,UnitRefine,mouse1b_imec0,587,mua,mua,mua,mua,mua,mua,mua,mua,mua,mua,mua,mua,mua,mua,mua,mua,mua,mua
u10,UnitRefine,mouse1b_imec0,588,good,mua,mua,mua,mua,mua,mua,mua,mua,mua,mua,mua,mua,mua,good,mua,good,good
u10,UnitRefine,mouse1b_imec0,589,good,good,good,good,good,good,good,good,good,good,good,good,good,good,good,good,good,good
u10,UnitRefine,mouse1b_imec0,591,mua,mua,mua,mua,mua,mua,mua,mua,mua,mua,mua,mua,mua,mua,mua,mua,mua,mua
u10,UnitRefine,mouse1b_imec0,592,mua,mua,mua,mua,mua,mua,mua,mua,mua,mua,mua,mua,mua,mua,mua,mua,mua,mua
u10,UnitRefine,mouse1b_imec0,593,noise,noise,noise,mua,noise,noise,noise,noise,noise,noise,noise,noise,noise,noise,noise,noise,noise,noise
u10,UnitRefine,mouse1b_imec0,594,noise,noise,noise,mua,noise,noise,noise,noise,noise,noise,noise,noise,noise,noise,noise,noise,noise,noise
u10,UnitRefine,mouse1b_imec0,595,noise,noise,noise,noise,noise,noise,noise,noise,mua,noise,noise,noise,noise,mua,noise,noise,noise,noise
u10,UnitRefine,mouse1b_imec0,597,mua,mua,mua,mua,mua,mua,mua,mua,mua,mua,mua,mua,mua,mua,mua,mua,mua,mua
u10,UnitRefine,mouse1b_imec0,598,mua,mua,mua,mua,mua,mua,mua,mua,mua,mua,mua,mua,mua,mua,mua,mua,mua,mua
u10,UnitRefine,mouse1b_imec0,599,mua,mua,mua,mua,mua,mua,mua,mua,mua,mua,mua,mua,mua,mua,mua,mua,mua,mua
u10,UnitRefine,mouse1b_imec0,600,good,good,good,good,good,good,good,good,good,good,good,good,good,good,good,good,good,good
u10,UnitRefine,mouse1b_imec0,601,mua,mua,mua,mua,mua,mua,mua,mua,mua,mua,mua,mua,mua,mua,mua,mua,mua,mua
u10,UnitRefine,mouse1b_imec0,602,mua,mua,mua,mua,mua,mua,mua,mua,mua,mua,mua,mua,mua,mua,mua,mua,mua,mua
u10,UnitRefine,mouse1b_imec0,603,mua,mua,mua,mua,mua,mua,mua,mua,mua,mua,mua,mua,mua,mua,mua,mua,mua,mua
u10,UnitRefine,mouse1b_imec0,605,noise,noise,mua,mua,noise,mua,noise,noise,noise,noise,noise,noise,noise,noise,noise,noise,noise,noise
u10,UnitRefine,mouse1b_imec0,607,mua,mua,mua,mua,mua,mua,mua,mua,mua,mua,mua,mua,mua,mua,mua,mua,mua,mua
u10,UnitRefine,mouse1b_imec0,608,mua,mua,mua,mua,mua,good,mua,mua,mua,mua,good,mua,mua,mua,mua,mua,mua,mua
u10,UnitRefine,mouse1b_imec0,609,mua,mua,mua,mua,mua,mua,mua,mua,mua,mua,mua,mua,mua,mua,mua,mua,mua,mua
u10,UnitRefine,mouse1b_imec0,610,mua,mua,mua,mua,mua,mua,mua,mua,mua,mua,mua,mua,mua,mua,mua,mua,mua,mua
u10,UnitRefine,mouse1b_imec0,611,mua,mua,mua,mua,mua,mua,mua,mua,mua,mua,mua,mua,mua,mua,mua,mua,mua,mua
u10,UnitRefine,mouse1b_imec0,613,noise,noise,noise,noise,noise,noise,noise,noise,noise,noise,noise,noise,noise,noise,noise,noise,noise,noise
u10,UnitRefine,mouse1b_imec0,614,mua,mua,mua,mua,good,mua,mua,mua,mua,good,mua,good,mua,mua,mua,mua,mua,mua
u10,UnitRefine,mouse1b_imec0,615,mua,noise,noise,noise,noise,mua,noise,noise,noise,noise,noise,noise,noise,noise,noise,noise,noise,noise
u10,UnitRefine,mouse1b_imec0,616,mua,mua,noise,mua,noise,mua,noise,noise,mua,noise,mua,noise,noise,mua,noise,mua,noise,mua
u10,UnitRefine,mouse1b_imec0,617,good,mua,mua,mua,mua,mua,mua,good,mua,good,mua,good,good,mua,good,good,good,good
u10,UnitRefine,mouse1b_imec0,618,mua,mua,mua,mua,mua,mua,mua,mua,mua,mua,mua,mua,mua,mua,mua,mua,mua,mua
u10,UnitRefine,mouse1b_imec0,619,mua,mua,mua,mua,mua,mua,mua,good,good,mua,good,good,good,good,good,good,good,good
u10,UnitRefine,mouse1b_imec0,621,mua,mua,mua,mua,mua,mua,mua,mua,mua,mua,mua,mua,mua,mua,mua,mua,mua,mua
u10,UnitRefine,mouse1b_imec0,622,mua,good,mua,mua,good,good,good,good,good,good,good,good,good,good,good,good,good,good
u10,UnitRefine,mouse1b_imec0,623,noise,noise,noise,noise,noise,noise,noise,noise,noise,noise,noise,noise,noise,noise,noise,noise,noise,noise
u10,UnitRefine,mouse1b_imec0,624,good,mua,good,mua,good,good,good,good,good,good,good,good,good,good,good,good,good,good
u10,UnitRefine,mouse1b_imec0,625,mua,mua,mua,mua,mua,noise,mua,mua,mua,mua,mua,mua,mua,mua,mua,mua,mua,mua
u10,UnitRefine,mouse1b_imec0,626,good,good,good,mua,good,mua,good,good,mua,good,good,good,good,good,good,good,good,good
u10,UnitRefine,mouse1b_imec0,627,mua,mua,mua,mua,mua,mua,mua,mua,mua,mua,mua,mua,mua,mua,mua,good,mua,mua
u10,UnitRefine,mouse1b_imec0,628,mua,noise,noise,mua,noise,mua,noise,noise,mua,noise,mua,noise,mua,mua,mua,mua,mua,mua
u10,UnitRefine,mouse1b_imec0,629,noise,noise,noise,noise,noise,noise,noise,noise,noise,noise,noise,noise,noise,noise,noise,noise,noise,noise
u10,UnitRefine,mouse1b_imec0,630,noise,noise,noise,noise,noise,noise,noise,noise,noise,noise,noise,noise,noise,noise,noise,noise,noise,noise
u10,UnitRefine,mouse1b_imec0,631,noise,noise,noise,noise,noise,noise,noise,noise,noise,noise,noise,noise,noise,noise,noise,noise,noise,noise
u10,UnitRefine,mouse1b_imec0,632,noise,noise,noise,noise,noise,noise,noise,noise,noise,noise,noise,noise,noise,noise,noise,noise,noise,noise
u10,UnitRefine,mouse1b_imec0,633,noise,noise,noise,noise,noise,noise,noise,noise,noise,noise,noise,noise,noise,noise,noise,noise,noise,noise
u10,UnitRefine,mouse1b_imec0,637,good,good,good,good,good,good,good,good,good,good,good,good,good,mua,mua,good,mua,mua
u10,UnitRefine,mouse1b_imec0,638,mua,noise,noise,mua,noise,noise,noise,noise,mua,mua,noise,mua,mua,mua,mua,mua,mua,noise
u10,UnitRefine,mouse1b_imec0,639,mua,mua,mua,mua,mua,mua,mua,mua,mua,mua,mua,mua,mua,mua,mua,mua,mua,mua
u10,UnitRefine,mouse1b_imec0,640,good,mua,mua,mua,mua,mua,mua,good,mua,good,mua,good,mua,mua,mua,mua,mua,mua
u10,UnitRefine,mouse1b_imec0,641,mua,good,good,good,good,good,good,good,good,good,good,good,good,good,good,good,good,mua
u10,UnitRefine,mouse1b_imec0,642,good,good,good,good,good,good,good,good,good,good,good,good,good,good,good,good,good,good
u10,UnitRefine,mouse1b_imec0,643,good,good,good,good,good,good,good,good,good,good,good,good,good,good,good,good,good,good
u10,UnitRefine,mouse1b_imec0,644,good,good,good,good,good,good,good,good,good,good,good,good,good,good,good,good,good,good
u10,UnitRefine,mouse1b_imec0,645,mua,mua,mua,mua,mua,noise,mua,mua,mua,mua,mua,mua,mua,mua,mua,noise,mua,mua
u10,UnitRefine,mouse1b_imec0,646,good,good,good,good,good,good,good,good,good,good,good,good,good,good,good,good,good,mua
u10,UnitRefine,mouse1b_imec0,647,good,mua,mua,good,good,good,good,mua,mua,mua,good,mua,mua,mua,mua,mua,mua,mua
u10,UnitRefine,mouse1b_imec0,648,good,mua,good,mua,good,mua,good,mua,mua,mua,mua,mua,good,mua,good,good,good,good
u10,UnitRefine,mouse1b_imec0,649,good,good,good,good,good,good,good,good,good,good,good,good,good,good,good,good,good,good
u10,UnitRefine,mouse1b_imec0,650,mua,mua,mua,mua,mua,mua,mua,mua,mua,mua,mua,mua,mua,mua,mua,mua,mua,mua
u10,UnitRefine,mouse1b_imec0,651,good,good,good,mua,good,mua,good,mua,mua,mua,mua,mua,mua,mua,good,good,good,mua
u10,UnitRefine,mouse1b_imec0,652,mua,mua,mua,mua,mua,mua,mua,mua,mua,mua,mua,mua,mua,mua,mua,mua,mua,mua
u10,UnitRefine,mouse1b_imec0,653,mua,mua,mua,mua,mua,mua,mua,mua,mua,mua,mua,mua,mua,mua,mua,mua,mua,mua
u10,UnitRefine,mouse1b_imec0,655,noise,noise,noise,noise,noise,noise,noise,noise,noise,noise,noise,noise,noise,noise,noise,noise,noise,noise
u10,UnitRefine,mouse1b_imec0,656,mua,mua,mua,mua,mua,mua,mua,mua,mua,mua,mua,mua,mua,mua,mua,mua,mua,mua
u10,UnitRefine,mouse1b_imec0,657,good,good,good,good,good,good,good,good,good,good,good,good,good,good,good,good,good,good
u10,UnitRefine,mouse1b_imec0,658,noise,noise,noise,mua,noise,noise,noise,noise,noise,noise,noise,noise,noise,noise,noise,noise,noise,noise
u10,UnitRefine,mouse1b_imec0,660,noise,mua,mua,mua,mua,mua,mua,mua,mua,mua,mua,mua,mua,mua,mua,mua,mua,mua
u10,UnitRefine,mouse1b_imec0,662,mua,mua,mua,mua,mua,mua,mua,mua,mua,mua,mua,mua,mua,mua,mua,mua,mua,mua
u10,UnitRefine,mouse1b_imec0,663,noise,mua,mua,mua,mua,mua,mua,mua,mua,mua,mua,mua,mua,mua,mua,mua,mua,mua
u10,UnitRefine,mouse1b_imec0,664,mua,noise,noise,mua,noise,noise,noise,noise,mua,noise,noise,noise,noise,mua,noise,noise,noise,noise
u10,UnitRefine,mouse1b_imec0,665,mua,noise,mua,mua,noise,mua,noise,mua,mua,noise,mua,noise,noise,mua,noise,noise,noise,noise
u10,UnitRefine,mouse1b_imec0,666,mua,mua,mua,mua,mua,mua,mua,mua,mua,mua,mua,mua,mua,mua,mua,mua,mua,mua
u10,UnitRefine,mouse1b_imec0,667,mua,noise,mua,mua,noise,mua,noise,mua,mua,noise,mua,mua,mua,mua,noise,mua,noise,mua
u10,UnitRefine,mouse1b_imec0,668,mua,mua,mua,mua,mua,mua,mua,mua,mua,mua,mua,mua,mua,mua,mua,mua,mua,mua
u10,UnitRefine,mouse1b_imec0,669,mua,mua,mua,mua,mua,mua,mua,mua,mua,mua,mua,mua,mua,mua,mua,mua,mua,mua
u10,UnitRefine,mouse1b_imec0,670,mua,mua,mua,mua,mua,mua,mua,mua,mua,mua,mua,mua,mua,mua,mua,mua,mua,mua
u10,UnitRefine,mouse1b_imec0,671,mua,mua,noise,mua,noise,noise,noise,noise,noise,noise,noise,noise,mua,mua,mua,mua,mua,mua
u10,UnitRefine,mouse1b_imec0,672,mua,noise,noise,noise,noise,noise,noise,mua,mua,noise,mua,mua,mua,mua,mua,mua,mua,mua
u10,UnitRefine,mouse1b_imec0,673,good,good,good,mua,mua,good,mua,mua,mua,mua,good,mua,mua,mua,mua,good,mua,good
u10,UnitRefine,mouse1b_imec0,674,mua,mua,mua,mua,mua,mua,mua,mua,mua,mua,mua,mua,mua,mua,mua,mua,mua,mua
u10,UnitRefine,mouse1b_imec0,675,good,good,good,good,good,good,good,good,good,good,good,good,good,good,good,good,good,good
u10,UnitRefine,mouse1b_imec0,676,mua,mua,mua,mua,mua,mua,mua,mua,mua,mua,mua,mua,mua,mua,mua,mua,mua,mua
u10,UnitRefine,mouse1b_imec0,677,mua,noise,noise,noise,noise,noise,noise,noise,mua,noise,mua,noise,mua,mua,noise,mua,noise,mua
u10,UnitRefine,mouse1b_imec0,679,mua,mua,noise,mua,mua,mua,mua,mua,mua,mua,mua,mua,mua,mua,mua,mua,mua,mua
u10,UnitRefine,mouse1b_imec0,681,mua,mua,mua,mua,mua,noise,mua,mua,mua,mua,mua,mua,mua,mua,mua,mua,mua,mua
u10,UnitRefine,mouse1b_imec0,682,mua,mua,mua,mua,mua,noise,mua,mua,mua,mua,mua,mua,mua,mua,mua,mua,mua,mua
u10,UnitRefine,mouse1b_imec0,683,mua,mua,mua,mua,mua,mua,mua,mua,mua,mua,mua,mua,mua,mua,mua,mua,mua,mua
u10,UnitRefine,mouse1b_imec0,684,mua,mua,mua,mua,noise,noise,noise,mua,mua,mua,mua,mua,mua,mua,mua,mua,mua,mua
u10,UnitRefine,mouse1b_imec0,685,mua,noise,noise,mua,noise,noise,noise,mua,mua,mua,mua,mua,mua,mua,mua,mua,mua,mua
u10,UnitRefine,mouse1b_imec0,686,mua,noise,mua,mua,noise,noise,noise,mua,mua,mua,noise,mua,mua,mua,mua,mua,mua,mua
u10,UnitRefine,mouse1b_imec0,687,mua,mua,mua,mua,mua,mua,mua,mua,mua,mua,mua,mua,mua,mua,mua,mua,mua,mua
u10,UnitRefine,mouse1b_imec0,688,mua,mua,mua,mua,mua,mua,mua,mua,mua,mua,mua,mua,mua,mua,mua,mua,mua,mua
u10,UnitRefine,mouse1b_imec0,689,mua,noise,noise,noise,noise,noise,noise,noise,mua,noise,noise,noise,noise,mua,noise,noise,noise,mua
u10,UnitRefine,mouse1b_imec0,690,mua,noise,noise,noise,noise,noise,noise,noise,noise,noise,noise,noise,noise,noise,noise,noise,noise,noise
u10,UnitRefine,mouse1b_imec0,691,mua,mua,mua,mua,mua,noise,mua,mua,mua,mua,noise,mua,mua,mua,mua,noise,mua,mua
u10,UnitRefine,mouse1b_imec0,693,good,mua,mua,mua,good,good,good,mua,mua,good,good,good,mua,mua,mua,good,mua,good
u10,UnitRefine,mouse1b_imec0,694,mua,mua,mua,mua,mua,mua,mua,mua,mua,mua,mua,mua,mua,mua,mua,mua,mua,mua
u10,UnitRefine,mouse1b_imec0,696,good,mua,mua,mua,mua,mua,mua,mua,mua,mua,mua,mua,good,mua,mua,good,mua,good
u10,UnitRefine,mouse1b_imec0,697,mua,mua,mua,mua,mua,mua,mua,mua,mua,noise,mua,mua,mua,mua,mua,noise,mua,mua
u10,UnitRefine,mouse1b_imec0,698,mua,mua,mua,mua,mua,mua,mua,mua,mua,mua,mua,mua,mua,mua,mua,mua,mua,mua
u10,UnitRefine,mouse1b_imec0,699,mua,mua,mua,mua,mua,mua,mua,mua,mua,mua,mua,mua,mua,mua,mua,mua,mua,mua
u10,UnitRefine,mouse1b_imec0,700,mua,mua,mua,mua,good,mua,mua,mua,mua,good,mua,mua,good,good,good,good,good,good
u10,UnitRefine,mouse1b_imec0,701,mua,mua,mua,mua,mua,mua,mua,mua,mua,mua,good,mua,mua,mua,mua,mua,mua,mua
u10,UnitRefine,mouse1b_imec0,703,noise,mua,mua,mua,mua,mua,mua,mua,mua,mua,mua,mua,mua,mua,mua,mua,mua,mua
u10,UnitRefine,mouse1b_imec0,704,mua,mua,mua,mua,mua,noise,mua,mua,mua,mua,mua,mua,mua,mua,mua,mua,mua,mua
u10,UnitRefine,mouse1b_imec0,705,good,good,good,good,good,good,good,mua,good,good,good,good,mua,mua,good,good,good,mua
u10,UnitRefine,mouse1b_imec0,706,mua,noise,noise,mua,noise,mua,noise,mua,mua,noise,mua,noise,mua,mua,mua,mua,mua,mua
u10,UnitRefine,mouse1b_imec0,707,mua,mua,mua,mua,mua,mua,mua,mua,mua,mua,mua,mua,mua,mua,mua,good,mua,mua
u10,UnitRefine,mouse1b_imec0,709,good,mua,mua,mua,mua,mua,mua,mua,mua,mua,mua,mua,mua,mua,mua,mua,mua,mua
u10,UnitRefine,mouse1b_imec0,711,mua,mua,mua,mua,mua,mua,mua,mua,mua,mua,mua,mua,mua,mua,mua,mua,mua,mua
u10,UnitRefine,mouse1b_imec0,712,mua,mua,mua,mua,mua,mua,mua,mua,mua,mua,mua,mua,mua,mua,mua,mua,mua,mua
u10,UnitRefine,mouse1b_imec0,715,good,good,good,good,good,good,good,good,good,good,good,good,good,good,good,good,good,good
u10,UnitRefine,mouse1b_imec0,716,mua,mua,mua,mua,mua,mua,mua,mua,mua,mua,mua,mua,mua,mua,mua,mua,mua,good
u10,UnitRefine,mouse1b_imec0,717,good,good,good,good,good,good,good,good,good,good,good,good,good,good,good,good,good,good
u10,UnitRefine,mouse1b_imec0,718,good,good,good,good,good,mua,good,good,good,good,good,good,mua,mua,good,good,good,good
u10,UnitRefine,mouse1b_imec0,720,mua,mua,mua,mua,mua,mua,mua,mua,mua,mua,mua,mua,mua,mua,mua,mua,mua,mua
u10,UnitRefine,mouse1b_imec0,721,mua,mua,mua,mua,mua,mua,mua,mua,mua,mua,mua,mua,mua,mua,mua,mua,mua,mua
u10,UnitRefine,mouse1b_imec0,722,mua,mua,mua,mua,mua,mua,mua,mua,mua,mua,mua,mua,mua,mua,mua,mua,mua,mua
u10,UnitRefine,mouse1b_imec0,723,mua,mua,mua,mua,mua,mua,mua,mua,mua,mua,mua,mua,mua,mua,mua,mua,mua,mua
u10,UnitRefine,mouse1b_imec0,724,mua,mua,mua,mua,mua,mua,mua,mua,mua,mua,mua,mua,mua,mua,mua,mua,mua,mua
u10,UnitRefine,mouse1b_imec0,725,mua,mua,mua,mua,mua,noise,mua,mua,mua,mua,mua,mua,mua,mua,mua,mua,mua,mua
u10,UnitRefine,mouse1b_imec0,726,good,good,good,good,good,good,good,good,good,good,good,good,good,good,good,good,good,good
u10,UnitRefine,mouse1b_imec0,727,mua,mua,mua,mua,mua,mua,mua,mua,mua,mua,mua,mua,mua,mua,mua,mua,mua,mua
u10,UnitRefine,mouse1b_imec0,728,good,mua,mua,mua,mua,mua,mua,mua,mua,mua,mua,mua,mua,mua,mua,mua,mua,mua
u10,UnitRefine,mouse1b_imec0,729,good,good,good,good,good,good,good,good,good,good,good,good,good,good,good,good,good,good
u10,UnitRefine,mouse1b_imec0,730,good,good,good,good,good,good,good,good,good,good,good,good,good,good,good,good,good,good
u10,UnitRefine,mouse1b_imec0,732,good,good,good,good,good,good,good,good,good,good,good,good,good,good,good,good,good,good
u10,UnitRefine,mouse1b_imec0,733,mua,mua,mua,mua,mua,mua,mua,mua,noise,noise,noise,noise,mua,mua,noise,mua,noise,noise
u10,UnitRefine,mouse1b_imec0,734,mua,mua,mua,mua,mua,mua,mua,mua,mua,mua,mua,mua,mua,mua,mua,mua,mua,mua
u10,UnitRefine,mouse1b_imec0,735,good,good,good,good,good,good,good,good,good,good,good,good,good,good,good,good,good,good
u10,UnitRefine,mouse1b_imec0,736,good,good,good,good,good,good,good,good,good,good,good,good,good,good,good,good,good,good
u10,UnitRefine,mouse1b_imec0,737,noise,noise,noise,noise,noise,noise,noise,noise,noise,noise,noise,noise,noise,mua,noise,noise,noise,mua
u10,UnitRefine,mouse1b_imec0,738,good,good,good,good,good,good,good,good,good,good,good,good,good,good,good,good,good,good
u10,UnitRefine,mouse1b_imec0,739,good,good,good,good,good,good,good,good,good,good,good,good,good,good,good,good,good,good
u10,UnitRefine,mouse1b_imec0,740,mua,good,mua,mua,mua,good,good,good,mua,good,good,good,good,mua,good,mua,good,good
u10,UnitRefine,mouse1b_imec0,741,good,good,good,good,good,good,good,good,good,good,good,good,good,good,good,good,good,good
u10,UnitRefine,mouse1b_imec0,743,mua,noise,noise,mua,noise,mua,noise,mua,mua,mua,mua,mua,mua,mua,mua,good,mua,mua
u10,UnitRefine,mouse1b_imec0,744,good,mua,mua,mua,mua,mua,mua,mua,mua,mua,mua,mua,mua,mua,mua,mua,mua,mua
u10,UnitRefine,mouse1b_imec0,745,mua,good,good,good,good,good,good,good,mua,good,good,good,good,mua,good,good,good,good
u10,UnitRefine,mouse1b_imec0,746,mua,mua,mua,mua,mua,mua,mua,mua,mua,mua,mua,mua,mua,mua,good,good,good,good
u10,UnitRefine,mouse1b_imec0,747,mua,mua,mua,mua,mua,mua,mua,mua,mua,mua,mua,mua,mua,mua,mua,good,mua,good
u10,UnitRefine,mouse1b_imec0,748,good,mua,mua,mua,mua,mua,mua,mua,mua,mua,mua,mua,mua,mua,good,good,good,mua
u10,UnitRefine,mouse1b_imec0,749,good,good,good,good,good,good,good,good,good,good,good,good,good,good,good,good,good,good
u10,UnitRefine,mouse1b_imec0,750,good,good,good,good,good,mua,good,good,good,good,good,good,good,good,good,good,good,good
u10,UnitRefine,mouse1b_imec0,751,good,good,good,good,good,good,good,good,good,good,good,good,good,good,good,good,good,good
u10,UnitRefine,mouse1b_imec0,752,mua,mua,mua,mua,mua,mua,mua,mua,mua,mua,mua,mua,mua,mua,mua,mua,mua,good
u10,UnitRefine,mouse1b_imec0,753,good,good,good,good,good,good,good,good,good,good,good,good,mua,mua,good,good,good,good
u10,UnitRefine,mouse1b_imec0,754,mua,mua,mua,mua,mua,mua,mua,mua,mua,mua,mua,mua,mua,mua,mua,mua,mua,mua
u10,UnitRefine,mouse1b_imec0,756,mua,mua,mua,mua,mua,mua,mua,mua,mua,mua,mua,mua,mua,mua,mua,mua,mua,mua
u10,UnitRefine,mouse1b_imec0,757,mua,noise,noise,noise,noise,noise,noise,mua,mua,noise,noise,noise,mua,mua,noise,noise,noise,mua
u10,UnitRefine,mouse1b_imec0,758,noise,noise,noise,noise,noise,mua,noise,noise,noise,noise,noise,noise,noise,noise,noise,noise,noise,noise
u10,UnitRefine,mouse1b_imec0,759,mua,mua,mua,mua,mua,mua,mua,mua,mua,mua,mua,mua,mua,mua,mua,mua,mua,mua
u10,UnitRefine,mouse1b_imec0,761,good,good,good,good,good,good,good,good,good,good,good,good,mua,mua,good,mua,mua,mua
u10,UnitRefine,mouse1b_imec0,762,mua,mua,mua,mua,mua,mua,mua,mua,mua,mua,mua,mua,mua,mua,mua,mua,mua,mua
u10,UnitRefine,mouse1b_imec0,763,good,good,good,good,good,good,good,good,good,good,good,good,good,good,good,good,good,good
u10,UnitRefine,mouse1b_imec0,764,mua,mua,mua,mua,mua,mua,mua,mua,mua,mua,mua,mua,mua,mua,mua,mua,mua,mua
u10,UnitRefine,mouse1b_imec0,765,good,good,good,good,good,good,good,good,good,good,good,good,good,good,good,good,good,good
u10,UnitRefine,mouse1b_imec0,766,good,good,good,good,good,good,good,good,good,good,good,good,good,good,good,good,good,good
u10,UnitRefine,mouse1b_imec0,768,good,good,good,good,good,good,good,good,good,good,good,good,good,good,good,good,good,good
u10,UnitRefine,mouse1b_imec0,769,good,good,good,good,good,good,good,good,good,good,good,good,good,good,good,good,good,good
u10,UnitRefine,mouse1b_imec0,770,mua,mua,mua,mua,mua,mua,mua,mua,mua,mua,mua,mua,mua,mua,mua,mua,mua,mua
u10,UnitRefine,mouse1b_imec0,772,good,mua,mua,mua,mua,mua,mua,good,mua,good,mua,good,good,good,good,good,good,good
u10,UnitRefine,mouse1b_imec0,773,good,mua,mua,mua,mua,mua,mua,good,mua,good,mua,good,good,mua,good,mua,good,good
u10,UnitRefine,mouse1b_imec0,774,good,mua,mua,mua,mua,mua,mua,mua,mua,mua,mua,mua,good,good,good,good,good,good
u10,UnitRefine,mouse1b_imec0,775,good,mua,mua,mua,mua,mua,mua,mua,mua,mua,mua,mua,mua,mua,mua,mua,mua,good
u10,UnitRefine,mouse1b_imec0,776,mua,mua,mua,mua,mua,mua,mua,mua,mua,mua,mua,mua,mua,mua,mua,mua,mua,mua
u10,UnitRefine,mouse1b_imec0,777,good,good,good,good,good,good,good,good,good,good,good,good,good,good,good,good,good,good
u10,UnitRefine,mouse1b_imec0,778,mua,mua,mua,mua,mua,mua,mua,mua,mua,mua,mua,mua,mua,mua,mua,mua,mua,mua
u10,UnitRefine,mouse1b_imec0,779,mua,mua,mua,mua,mua,mua,mua,mua,mua,mua,mua,mua,mua,mua,mua,good,mua,good
u10,UnitRefine,mouse1b_imec0,780,mua,mua,mua,mua,mua,mua,mua,mua,mua,mua,mua,mua,mua,mua,mua,mua,mua,mua
u10,UnitRefine,mouse1b_imec0,781,good,mua,mua,mua,mua,good,mua,mua,mua,mua,mua,mua,good,good,good,good,good,good
u10,UnitRefine,mouse1b_imec0,783,mua,mua,mua,mua,mua,mua,mua,mua,mua,mua,mua,mua,mua,mua,mua,mua,mua,mua
u10,UnitRefine,mouse1b_imec0,785,good,good,good,good,good,good,good,good,good,good,good,good,good,good,good,good,good,good
u10,UnitRefine,mouse1b_imec0,786,mua,mua,mua,mua,mua,mua,mua,mua,mua,mua,mua,mua,mua,mua,mua,mua,mua,mua
u10,UnitRefine,mouse1b_imec0,790,mua,mua,mua,good,good,mua,good,mua,mua,good,mua,good,good,good,mua,good,mua,good
u10,UnitRefine,mouse1b_imec0,791,good,good,good,good,good,mua,good,good,good,good,mua,good,good,good,good,mua,good,good
u10,UnitRefine,mouse1b_imec0,792,mua,mua,mua,mua,noise,mua,mua,mua,mua,noise,mua,mua,mua,mua,mua,mua,mua,good
u10,UnitRefine,mouse1b_imec0,793,mua,noise,noise,mua,noise,noise,noise,noise,mua,noise,mua,noise,mua,mua,noise,noise,noise,mua
u10,UnitRefine,mouse1b_imec0,794,mua,mua,mua,mua,noise,noise,noise,mua,mua,mua,noise,mua,mua,mua,mua,mua,mua,mua
u10,UnitRefine,mouse1b_imec0,795,mua,mua,mua,mua,mua,mua,mua,mua,mua,mua,mua,mua,mua,mua,mua,mua,mua,mua
u10,UnitRefine,mouse1b_imec0,796,mua,mua,mua,mua,mua,mua,mua,mua,mua,mua,mua,mua,mua,mua,mua,mua,mua,mua
u10,UnitRefine,mouse1b_imec0,797,mua,mua,mua,mua,mua,mua,mua,mua,mua,mua,mua,mua,mua,mua,mua,mua,mua,mua
u10,UnitRefine,mouse1b_imec0,798,mua,mua,mua,mua,mua,mua,mua,mua,mua,mua,mua,mua,mua,mua,mua,mua,mua,mua
u10,UnitRefine,mouse1b_imec0,799,good,good,good,good,good,good,good,good,good,good,good,good,good,good,good,good,good,good
u10,UnitRefine,mouse1b_imec0,800,mua,mua,mua,mua,mua,mua,mua,mua,mua,mua,mua,mua,mua,mua,mua,mua,mua,mua
u10,UnitRefine,mouse1b_imec0,801,mua,mua,mua,mua,mua,mua,mua,mua,mua,mua,mua,mua,mua,mua,mua,mua,mua,mua
u10,UnitRefine,mouse1b_imec0,802,good,mua,mua,mua,mua,mua,mua,mua,mua,mua,mua,mua,good,good,good,good,good,good
u10,UnitRefine,mouse1b_imec0,803,good,mua,mua,mua,noise,good,mua,good,good,noise,mua,good,good,good,good,good,good,good
u10,UnitRefine,mouse1b_imec0,804,mua,mua,mua,mua,mua,mua,mua,mua,mua,mua,mua,mua,mua,mua,mua,mua,mua,mua
u10,UnitRefine,mouse1b_imec0,805,good,good,good,good,good,good,good,good,good,good,good,good,good,good,good,good,good,good
u10,UnitRefine,mouse1b_imec0,806,good,good,good,good,good,good,good,good,good,good,good,good,good,good,good,good,good,good
u10,UnitRefine,mouse1b_imec0,807,good,mua,mua,mua,mua,good,mua,mua,mua,mua,good,mua,good,good,good,good,good,good
u10,UnitRefine,mouse1b_imec0,808,good,good,good,good,good,good,good,good,good,good,good,good,good,good,good,good,good,good
u10,UnitRefine,mouse1b_imec0,809,mua,mua,mua,mua,mua,mua,mua,mua,mua,mua,mua,mua,mua,mua,mua,mua,mua,mua
u10,UnitRefine,mouse1b_imec0,810,good,good,good,good,good,good,good,good,good,good,mua,good,good,good,good,mua,good,good
u10,UnitRefine,mouse1b_imec0,811,mua,noise,noise,noise,mua,noise,mua,noise,mua,mua,mua,mua,mua,mua,mua,mua,mua,mua
u10,UnitRefine,mouse1b_imec0,812,good,mua,good,good,good,mua,good,good,good,good,mua,good,mua,mua,good,mua,good,good
u10,UnitRefine,mouse1b_imec0,813,mua,mua,mua,mua,mua,mua,mua,mua,mua,mua,mua,mua,good,mua,mua,mua,mua,good
u10,UnitRefine,mouse1b_imec0,814,good,good,good,good,good,good,good,good,good,good,good,good,good,good,good,good,good,good
u10,UnitRefine,mouse1b_imec0,817,mua,mua,noise,mua,noise,noise,noise,mua,mua,mua,noise,mua,mua,mua,noise,noise,noise,noise
u10,UnitRefine,mouse1b_imec0,818,mua,noise,noise,noise,noise,noise,noise,noise,noise,noise,noise,noise,noise,mua,noise,mua,noise,mua
u10,UnitRefine,mouse1b_imec0,819,mua,mua,mua,mua,mua,mua,mua,mua,mua,mua,mua,mua,mua,mua,mua,mua,mua,mua
u10,UnitRefine,mouse1b_imec0,820,mua,noise,mua,mua,noise,noise,noise,mua,mua,noise,noise,noise,mua,mua,noise,noise,noise,mua
u10,UnitRefine,mouse1b_imec0,821,good,mua,mua,mua,mua,good,mua,mua,mua,mua,good,mua,mua,mua,good,good,good,good
u10,UnitRefine,mouse1b_imec0,823,mua,mua,mua,mua,mua,mua,mua,mua,mua,mua,mua,mua,mua,mua,mua,mua,mua,mua
u10,UnitRefine,mouse1b_imec0,824,good,mua,mua,mua,good,good,mua,mua,mua,good,good,good,good,mua,good,good,good,good
u6,UnitRefine,mouse2a_imec0,0,good,good,good,good,good,good,good,good,good,good,good,good,good,good,good,good,good,good
u6,UnitRefine,mouse2a_imec0,1,noise,noise,noise,noise,noise,noise,noise,noise,noise,noise,noise,noise,noise,noise,noise,noise,noise,noise
u6,UnitRefine,mouse2a_imec0,2,noise,noise,noise,noise,noise,noise,noise,noise,noise,noise,noise,noise,noise,noise,noise,noise,noise,noise
u6,UnitRefine,mouse2a_imec0,3,good,good,good,good,good,good,good,good,good,good,good,good,good,good,good,good,good,good
u6,UnitRefine,mouse2a_imec0,4,good,good,good,good,good,good,good,good,good,good,good,good,good,good,good,good,good,good
u6,UnitRefine,mouse2a_imec0,5,good,good,good,good,good,good,good,good,good,good,good,good,good,good,good,good,good,good
u6,UnitRefine,mouse2a_imec0,6,good,good,good,good,good,good,good,good,good,good,good,good,mua,mua,good,mua,good,mua
u6,UnitRefine,mouse2a_imec0,7,good,good,good,good,good,good,good,good,good,good,mua,good,good,good,good,mua,good,good
u6,UnitRefine,mouse2a_imec0,8,good,good,good,good,good,good,good,good,good,good,good,good,good,good,good,good,good,good
u6,UnitRefine,mouse2a_imec0,9,noise,good,good,good,good,good,good,good,good,good,good,good,good,good,good,good,good,good
u6,UnitRefine,mouse2a_imec0,10,good,good,good,good,good,good,good,good,good,good,good,good,good,good,good,good,good,good
u6,UnitRefine,mouse2a_imec0,11,good,good,good,good,good,good,good,good,good,good,good,good,good,good,good,good,good,good
u6,UnitRefine,mouse2a_imec0,12,good,good,good,good,good,good,good,good,good,good,good,good,good,good,good,good,good,good
u6,UnitRefine,mouse2a_imec0,13,good,good,good,mua,good,mua,good,good,good,good,mua,good,good,good,good,good,good,good
u6,UnitRefine,mouse2a_imec0,14,noise,noise,noise,noise,noise,noise,noise,noise,noise,noise,noise,noise,noise,noise,noise,noise,noise,noise
u6,UnitRefine,mouse2a_imec0,15,good,good,good,good,good,good,good,good,good,good,good,good,good,good,good,good,good,good
u6,UnitRefine,mouse2a_imec0,16,good,good,good,good,good,good,good,good,good,good,good,good,good,good,good,good,good,good
u6,UnitRefine,mouse2a_imec0,17,good,good,good,good,good,good,good,good,good,good,good,good,good,good,good,good,good,good
u6,UnitRefine,mouse2a_imec0,20,good,good,good,good,good,good,good,good,good,good,good,good,good,good,good,good,good,good
u6,UnitRefine,mouse2a_imec0,21,noise,good,good,good,good,good,good,good,good,good,good,good,good,good,good,good,good,good
u6,UnitRefine,mouse2a_imec0,22,mua,mua,mua,mua,mua,mua,mua,mua,mua,mua,mua,mua,mua,mua,mua,mua,mua,mua
u6,UnitRefine,mouse2a_imec0,23,good,good,good,good,good,good,good,good,good,good,good,good,good,good,good,good,good,good
u6,UnitRefine,mouse2a_imec0,24,noise,noise,noise,noise,noise,noise,noise,noise,noise,noise,noise,noise,noise,noise,noise,noise,noise,noise
u6,UnitRefine,mouse2a_imec0,26,good,good,good,good,good,good,good,good,good,good,good,good,good,good,good,good,good,good
u6,UnitRefine,mouse2a_imec0,27,mua,good,good,good,good,good,good,good,good,good,good,good,good,good,good,good,good,good
u6,UnitRefine,mouse2a_imec0,28,mua,good,good,good,good,good,good,good,good,good,good,good,good,good,good,good,good,good
u6,UnitRefine,mouse2a_imec0,30,good,good,good,good,good,good,good,good,good,good,good,good,good,good,good,good,good,good
u6,UnitRefine,mouse2a_imec0,31,good,mua,mua,mua,good,good,good,mua,mua,mua,mua,mua,mua,mua,mua,mua,mua,mua
u6,UnitRefine,mouse2a_imec0,32,mua,mua,mua,mua,mua,mua,mua,mua,mua,mua,mua,mua,mua,mua,mua,mua,mua,mua
u6,UnitRefine,mouse2a_imec0,33,good,good,good,good,good,good,good,good,good,good,good,good,good,good,good,good,good,good
u6,UnitRefine,mouse2a_imec0,34,good,good,good,good,good,good,good,good,good,good,good,good,good,good,good,good,good,mua
u6,UnitRefine,mouse2a_imec0,36,mua,good,mua,good,good,good,good,mua,good,mua,good,mua,mua,good,mua,good,mua,mua
u6,UnitRefine,mouse2a_imec0,37,good,good,good,good,good,good,good,good,good,good,good,good,good,good,good,good,good,good
u6,UnitRefine,mouse2a_imec0,38,mua,mua,mua,mua,good,good,good,mua,mua,mua,mua,mua,mua,mua,mua,mua,mua,mua
u6,UnitRefine,mouse2a_imec0,39,good,good,good,good,good,good,good,good,good,good,good,good,good,good,good,good,good,good
u6,UnitRefine,mouse2a_imec0,40,good,good,good,mua,good,mua,good,good,mua,good,good,good,mua,mua,mua,mua,mua,mua
u6,UnitRefine,mouse2a_imec0,41,good,good,good,good,good,good,good,good,good,good,good,good,good,good,good,mua,good,mua
u6,UnitRefine,mouse2a_imec0,42,good,good,good,good,good,good,good,good,good,good,good,good,good,good,good,good,good,good
u6,UnitRefine,mouse2a_imec0,43,mua,good,good,good,good,good,good,good,good,good,good,good,mua,mua,mua,good,good,mua
u6,UnitRefine,mouse2a_imec0,44,mua,noise,noise,noise,noise,noise,noise,noise,mua,noise,noise,noise,noise,noise,noise,noise,noise,noise
u6,UnitRefine,mouse2a_imec0,45,mua,noise,good,good,good,noise,good,good,good,good,good,good,good,good,good,mua,good,good
u6,UnitRefine,mouse2a_imec0,47,mua,good,good,good,good,good,good,good,good,good,good,good,mua,mua,mua,good,mua,mua
u6,UnitRefine,mouse2a_imec0,48,mua,mua,mua,mua,mua,mua,mua,mua,mua,mua,good,mua,mua,mua,mua,mua,mua,mua
u6,UnitRefine,mouse2a_imec0,49,mua,mua,mua,mua,mua,noise,mua,mua,mua,mua,mua,mua,mua,mua,mua,mua,mua,mua
u6,UnitRefine,mouse2a_imec0,51,noise,noise,mua,mua,noise,mua,noise,noise,noise,noise,mua,noise,noise,mua,noise,mua,noise,noise
u6,UnitRefine,mouse2a_imec0,52,noise,noise,noise,noise,noise,noise,noise,noise,noise,noise,noise,noise,noise,noise,noise,noise,noise,noise
u6,UnitRefine,mouse2a_imec0,53,mua,noise,noise,noise,noise,noise,noise,noise,noise,noise,noise,noise,noise,noise,noise,noise,noise,noise
u6,UnitRefine,mouse2a_imec0,54,good,good,good,good,good,good,good,good,good,good,good,good,good,good,good,good,good,good
u6,UnitRefine,mouse2a_imec0,56,good,mua,mua,mua,mua,good,mua,mua,mua,mua,good,mua,mua,mua,good,good,good,mua
u6,UnitRefine,mouse2a_imec0,57,mua,noise,noise,noise,noise,noise,noise,noise,noise,noise,mua,noise,mua,mua,noise,mua,mua,mua
u6,UnitRefine,mouse2a_imec0,58,good,good,good,good,good,good,good,good,good,good,good,good,good,good,good,good,good,good
u6,UnitRefine,mouse2a_imec0,59,mua,noise,noise,noise,noise,noise,noise,noise,mua,noise,mua,noise,noise,mua,noise,mua,noise,mua
u6,UnitRefine,mouse2a_imec0,60,mua,mua,mua,mua,mua,mua,mua,mua,mua,mua,mua,mua,mua,mua,mua,mua,mua,mua
u6,UnitRefine,mouse2a_imec0,62,mua,mua,mua,mua,mua,mua,mua,mua,mua,mua,mua,mua,mua,mua,mua,mua,mua,mua
u6,UnitRefine,mouse2a_imec0,64,mua,good,good,good,good,good,good,mua,mua,mua,good,mua,mua,mua,mua,mua,mua,mua
u6,UnitRefine,mouse2a_imec0,69,mua,good,good,good,good,good,good,good,good,good,good,good,good,good,good,good,good,good
u6,UnitRefine,mouse2a_imec0,70,mua,noise,noise,noise,noise,noise,noise,noise,noise,noise,noise,noise,noise,mua,noise,noise,noise,mua
u6,UnitRefine,mouse2a_imec0,71,good,good,good,good,good,good,good,good,good,good,good,good,good,good,good,good,good,good
u6,UnitRefine,mouse2a_imec0,72,good,good,good,good,mua,mua,mua,mua,mua,mua,mua,mua,good,good,good,good,good,good
u6,UnitRefine,mouse2a_imec0,75,good,good,good,good,good,good,good,good,good,good,good,good,mua,mua,mua,mua,mua,mua
u6,UnitRefine,mouse2a_imec0,76,mua,mua,mua,mua,mua,mua,mua,mua,mua,mua,mua,mua,mua,mua,mua,mua,mua,mua
u6,UnitRefine,mouse2a_imec0,78,mua,mua,mua,mua,mua,mua,mua,mua,mua,mua,mua,mua,mua,mua,mua,mua,mua,mua
u6,UnitRefine,mouse2a_imec0,79,mua,mua,mua,mua,mua,mua,mua,mua,mua,mua,mua,mua,mua,mua,mua,mua,mua,mua
u6,UnitRefine,mouse2a_imec0,80,good,good,good,good,good,good,good,good,good,good,good,good,good,good,good,good,good,good
u6,UnitRefine,mouse2a_imec0,81,mua,mua,mua,mua,mua,mua,mua,mua,mua,mua,mua,mua,mua,mua,mua,mua,mua,mua
u6,UnitRefine,mouse2a_imec0,82,mua,mua,mua,mua,mua,mua,mua,mua,mua,mua,mua,mua,mua,mua,mua,mua,mua,mua
u6,UnitRefine,mouse2a_imec0,83,good,mua,mua,mua,good,good,good,mua,mua,good,good,good,mua,mua,mua,good,mua,mua
u6,UnitRefine,mouse2a_imec0,84,mua,noise,noise,noise,noise,mua,noise,noise,noise,noise,mua,noise,mua,mua,mua,mua,mua,noise
u6,UnitRefine,mouse2a_imec0,85,mua,mua,good,mua,good,mua,good,good,mua,mua,mua,mua,mua,mua,mua,mua,mua,mua
u6,UnitRefine,mouse2a_imec0,86,good,mua,mua,mua,good,mua,mua,mua,mua,good,mua,good,mua,mua,mua,mua,mua,mua
u6,UnitRefine,mouse2a_imec0,87,mua,mua,mua,mua,mua,good,mua,mua,mua,mua,mua,mua,mua,mua,mua,mua,mua,mua
u6,UnitRefine,mouse2a_imec0,88,mua,mua,mua,mua,mua,mua,mua,mua,mua,mua,mua,mua,mua,mua,mua,mua,mua,mua
u6,UnitRefine,mouse2a_imec0,89,good,good,good,good,good,good,good,good,good,good,good,good,good,good,good,good,good,good
u6,UnitRefine,mouse2a_imec0,91,noise,noise,noise,noise,noise,noise,noise,noise,noise,noise,noise,noise,noise,noise,noise,noise,noise,noise
u6,UnitRefine,mouse2a_imec0,93,noise,noise,noise,noise,noise,noise,noise,noise,noise,noise,noise,noise,noise,noise,noise,noise,noise,noise
u6,UnitRefine,mouse2a_imec0,94,noise,noise,noise,noise,noise,noise,noise,noise,noise,noise,noise,noise,noise,noise,noise,noise,noise,noise
u6,UnitRefine,mouse2a_imec0,95,mua,mua,mua,mua,mua,noise,mua,mua,mua,mua,noise,mua,mua,mua,mua,mua,mua,mua
u6,UnitRefine,mouse2a_imec0,96,mua,good,good,good,good,good,good,mua,mua,mua,good,mua,mua,mua,mua,mua,mua,mua
u6,UnitRefine,mouse2a_imec0,97,mua,mua,mua,mua,mua,mua,mua,mua,mua,mua,mua,mua,mua,mua,mua,mua,mua,mua
u6,UnitRefine,mouse2a_imec0,98,mua,mua,mua,mua,good,good,good,mua,mua,mua,mua,mua,mua,mua,mua,mua,mua,mua
u6,UnitRefine,mouse2a_imec0,99,good,good,good,good,good,good,good,good,good,good,good,good,good,good,good,good,good,good
u6,UnitRefine,mouse2a_imec0,102,noise,noise,noise,noise,noise,noise,noise,noise,noise,noise,noise,noise,noise,noise,noise,noise,noise,noise
u6,UnitRefine,mouse2a_imec0,103,mua,mua,mua,mua,mua,mua,mua,mua,mua,mua,mua,mua,mua,mua,mua,mua,mua,noise
u6,UnitRefine,mouse2a_imec0,104,good,good,good,good,good,good,good,good,good,good,good,good,good,good,good,mua,good,good
u6,UnitRefine,mouse2a_imec0,105,good,good,good,good,good,good,good,good,good,good,good,good,good,good,good,good,good,good
u6,UnitRefine,mouse2a_imec0,106,mua,good,good,good,good,mua,good,good,good,good,good,good,good,good,good,good,good,good
u6,UnitRefine,mouse2a_imec0,107,mua,good,good,good,good,good,good,good,good,good,good,good,good,good,good,mua,good,good
u6,UnitRefine,mouse2a_imec0,108,noise,noise,noise,noise,noise,mua,noise,noise,noise,noise,mua,noise,noise,noise,noise,noise,noise,noise
u6,UnitRefine,mouse2a_imec0,109,noise,noise,noise,noise,noise,noise,noise,noise,noise,noise,noise,noise,noise,noise,noise,noise,noise,noise
u6,UnitRefine,mouse2a_imec0,110,noise,noise,noise,noise,noise,noise,noise,noise,noise,noise,noise,noise,noise,noise,noise,noise,noise,noise
u6,UnitRefine,mouse2a_imec0,111,mua,mua,mua,mua,mua,mua,mua,mua,mua,mua,mua,mua,mua,mua,mua,mua,mua,mua
u6,UnitRefine,mouse2a_imec0,113,noise,noise,noise,mua,noise,noise,noise,noise,noise,noise,noise,noise,noise,noise,noise,noise,noise,noise
u6,UnitRefine,mouse2a_imec0,114,mua,mua,mua,mua,mua,mua,mua,mua,mua,mua,mua,mua,mua,mua,mua,noise,mua,noise
u6,UnitRefine,mouse2a_imec0,116,mua,noise,noise,noise,noise,noise,noise,noise,noise,noise,noise,noise,noise,noise,noise,noise,noise,noise
u6,UnitRefine,mouse2a_imec0,118,noise,mua,noise,mua,noise,mua,noise,mua,mua,mua,mua,mua,mua,mua,noise,mua,noise,good
u6,UnitRefine,mouse2a_imec0,120,mua,good,good,good,noise,good,good,good,good,noise,good,noise,good,good,noise,mua,noise,good
u6,UnitRefine,mouse2a_imec0,122,noise,noise,noise,noise,noise,mua,noise,noise,noise,noise,mua,noise,noise,noise,noise,mua,noise,noise
u6,UnitRefine,mouse2a_imec0,124,mua,noise,noise,noise,noise,noise,noise,noise,noise,noise,noise,noise,noise,noise,noise,noise,noise,noise
u6,UnitRefine,mouse2a_imec0,125,mua,noise,noise,good,noise,good,noise,noise,noise,noise,mua,noise,good,mua,noise,good,noise,good
u6,UnitRefine,mouse2a_imec0,126,good,good,good,good,good,good,good,good,good,good,good,good,good,good,good,good,good,good
u6,UnitRefine,mouse2a_imec0,128,good,good,good,good,good,good,good,good,good,good,good,good,good,good,good,good,good,good
u6,UnitRefine,mouse2a_imec0,129,noise,noise,noise,noise,noise,noise,noise,noise,noise,noise,noise,noise,noise,noise,noise,noise,noise,noise
u6,UnitRefine,mouse2a_imec0,130,noise,noise,noise,noise,noise,noise,noise,noise,noise,noise,noise,noise,noise,noise,noise,noise,noise,noise
u6,UnitRefine,mouse2a_imec0,131,noise,noise,noise,noise,noise,noise,noise,noise,noise,noise,noise,noise,noise,noise,noise,mua,noise,noise
u6,UnitRefine,mouse2a_imec0,132,noise,noise,noise,noise,noise,noise,noise,noise,noise,noise,noise,noise,noise,noise,noise,noise,noise,noise
u6,UnitRefine,mouse2a_imec0,133,noise,noise,noise,noise,noise,noise,noise,noise,noise,noise,noise,noise,noise,noise,noise,noise,noise,noise
u6,UnitRefine,mouse2a_imec0,134,noise,noise,noise,noise,noise,noise,noise,noise,noise,noise,noise,noise,noise,noise,noise,noise,noise,noise
u6,UnitRefine,mouse2a_imec0,135,mua,mua,mua,mua,good,good,good,mua,mua,good,mua,mua,mua,mua,mua,mua,mua,mua
u6,UnitRefine,mouse2a_imec0,136,noise,noise,noise,noise,noise,noise,noise,noise,noise,noise,noise,noise,noise,noise,noise,noise,noise,noise
u6,UnitRefine,mouse2a_imec0,137,good,mua,good,good,good,good,good,good,mua,good,good,good,mua,mua,mua,mua,mua,mua
u6,UnitRefine,mouse2a_imec0,138,mua,mua,mua,mua,mua,good,mua,mua,mua,mua,good,mua,mua,mua,mua,mua,mua,mua
u6,UnitRefine,mouse2a_imec0,139,noise,noise,noise,noise,noise,mua,noise,noise,noise,noise,mua,noise,mua,mua,noise,mua,mua,noise
u6,UnitRefine,mouse2a_imec0,140,noise,noise,noise,noise,noise,noise,noise,noise,noise,noise,noise,noise,noise,noise,noise,noise,noise,noise
u6,UnitRefine,mouse2a_imec0,141,noise,noise,noise,noise,noise,noise,noise,noise,noise,noise,noise,noise,noise,noise,noise,noise,noise,noise
u6,UnitRefine,mouse2a_imec0,142,mua,noise,noise,mua,noise,mua,noise,noise,mua,noise,mua,noise,noise,mua,noise,mua,noise,noise
u6,UnitRefine,mouse2a_imec0,143,noise,noise,noise,noise,noise,noise,noise,noise,noise,noise,noise,noise,noise,noise,noise,noise,noise,noise
u6,UnitRefine,mouse2a_imec0,145,good,mua,mua,good,good,good,good,mua,mua,mua,mua,mua,mua,mua,mua,good,mua,noise
u6,UnitRefine,mouse2a_imec0,146,mua,noise,noise,noise,noise,noise,noise,mua,mua,noise,mua,noise,noise,mua,noise,mua,noise,noise
u6,UnitRefine,mouse2a_imec0,148,noise,noise,noise,noise,noise,noise,noise,noise,noise,noise,noise,noise,noise,noise,noise,noise,noise,noise
u6,UnitRefine,mouse2a_imec0,149,noise,noise,noise,noise,noise,mua,noise,noise,noise,noise,mua,noise,noise,noise,noise,mua,noise,noise
u6,UnitRefine,mouse2a_imec0,152,mua,good,good,mua,good,good,good,good,mua,mua,good,good,mua,mua,good,mua,good,mua
u6,UnitRefine,mouse2a_imec0,153,mua,good,good,mua,good,good,good,mua,mua,good,mua,good,good,mua,good,mua,good,good
u6,UnitRefine,mouse2a_imec0,154,mua,good,good,good,good,good,good,good,good,good,good,good,good,good,good,good,good,good
u6,UnitRefine,mouse2a_imec0,155,mua,mua,mua,mua,good,mua,good,good,mua,good,mua,good,good,mua,good,mua,good,good
u6,UnitRefine,mouse2a_imec0,156,mua,mua,mua,mua,noise,mua,noise,mua,mua,mua,mua,mua,mua,mua,mua,mua,mua,mua
u6,UnitRefine,mouse2a_imec0,157,mua,noise,mua,mua,noise,mua,noise,noise,mua,noise,mua,noise,noise,noise,noise,noise,noise,noise
u6,UnitRefine,mouse2a_imec0,158,noise,noise,noise,noise,noise,noise,noise,noise,noise,noise,noise,noise,noise,noise,noise,mua,noise,noise
u6,UnitRefine,mouse2a_imec0,159,noise,noise,noise,noise,noise,noise,noise,noise,noise,noise,noise,noise,noise,noise,noise,noise,noise,noise
u6,UnitRefine,mouse2a_imec0,160,noise,noise,noise,noise,noise,noise,noise,noise,noise,noise,noise,noise,noise,noise,noise,noise,noise,noise
u6,UnitRefine,mouse2a_imec0,162,noise,noise,noise,noise,noise,mua,noise,noise,noise,noise,mua,noise,noise,noise,noise,mua,noise,noise
u6,UnitRefine,mouse2a_imec0,163,noise,noise,noise,noise,noise,noise,noise,noise,noise,noise,noise,noise,noise,noise,noise,noise,noise,noise
u6,UnitRefine,mouse2a_imec0,164,noise,noise,noise,noise,noise,noise,noise,noise,noise,noise,noise,noise,noise,noise,noise,noise,noise,noise
u6,UnitRefine,mouse2a_imec0,165,mua,noise,noise,noise,noise,noise,noise,noise,mua,noise,mua,noise,noise,mua,noise,noise,noise,noise
u6,UnitRefine,mouse2a_imec0,166,noise,noise,noise,noise,noise,noise,noise,noise,noise,noise,noise,noise,noise,noise,noise,noise,noise,noise
u6,UnitRefine,mouse2a_imec0,167,noise,noise,noise,noise,noise,noise,noise,noise,noise,noise,noise,noise,noise,noise,noise,noise,noise,noise
u6,UnitRefine,mouse2a_imec0,169,noise,noise,noise,noise,noise,noise,noise,noise,noise,noise,noise,noise,noise,noise,noise,noise,noise,noise
u6,UnitRefine,mouse2a_imec0,170,noise,noise,noise,noise,noise,noise,noise,noise,noise,noise,mua,noise,noise,noise,noise,mua,noise,noise
u6,UnitRefine,mouse2a_imec0,171,noise,noise,noise,noise,noise,noise,noise,noise,noise,noise,noise,noise,noise,noise,noise,noise,noise,noise
u6,UnitRefine,mouse2a_imec0,172,noise,noise,noise,noise,noise,noise,noise,noise,noise,noise,noise,noise,noise,noise,noise,noise,noise,noise
u6,UnitRefine,mouse2a_imec0,173,mua,good,good,good,good,good,good,good,good,good,good,good,mua,mua,mua,mua,mua,mua
u6,UnitRefine,mouse2a_imec0,175,noise,noise,noise,mua,noise,noise,noise,mua,mua,noise,mua,noise,noise,noise,noise,mua,noise,noise
u6,UnitRefine,mouse2a_imec0,176,noise,noise,noise,noise,noise,noise,noise,noise,mua,noise,noise,noise,noise,noise,noise,noise,noise,noise
u6,UnitRefine,mouse2a_imec0,177,noise,noise,noise,noise,noise,noise,noise,noise,noise,noise,noise,noise,noise,noise,noise,noise,noise,noise
u6,UnitRefine,mouse2a_imec0,178,good,good,good,good,good,good,good,good,good,good,good,good,good,good,good,good,good,good
u6,UnitRefine,mouse2a_imec0,179,mua,good,good,mua,good,mua,good,good,mua,good,mua,good,mua,mua,mua,mua,mua,mua
u6,UnitRefine,mouse2a_imec0,180,mua,noise,mua,mua,mua,mua,mua,mua,mua,mua,mua,mua,mua,mua,noise,noise,noise,noise
u6,UnitRefine,mouse2a_imec0,181,mua,good,good,good,good,good,good,good,good,good,good,good,mua,mua,mua,good,mua,mua
u6,UnitRefine,mouse2a_imec0,182,mua,mua,mua,mua,mua,noise,mua,mua,mua,mua,mua,mua,noise,noise,mua,mua,mua,noise
u6,UnitRefine,mouse2a_imec0,183,noise,noise,noise,noise,noise,noise,noise,noise,noise,noise,noise,noise,noise,noise,noise,noise,noise,noise
u6,UnitRefine,mouse2a_imec0,187,mua,mua,mua,mua,mua,noise,mua,mua,mua,good,mua,good,mua,mua,mua,mua,mua,mua
u6,UnitRefine,mouse2a_imec0,188,good,good,good,mua,good,good,good,mua,mua,good,mua,good,mua,mua,mua,mua,mua,mua
u6,UnitRefine,mouse2a_imec0,189,good,good,good,good,good,mua,good,good,good,good,good,good,good,good,good,good,good,good
u6,UnitRefine,mouse2a_imec0,190,noise,noise,noise,noise,noise,noise,noise,noise,noise,noise,noise,noise,noise,noise,noise,noise,noise,noise
u6,UnitRefine,mouse2a_imec0,191,mua,good,good,good,good,good,good,good,good,good,good,good,good,good,mua,good,mua,good
u6,UnitRefine,mouse2a_imec0,194,mua,good,good,good,good,good,good,good,good,good,good,good,good,good,good,mua,good,good
u6,UnitRefine,mouse2a_imec0,195,mua,mua,mua,mua,mua,mua,mua,mua,mua,mua,mua,mua,mua,mua,mua,mua,mua,noise
u6,UnitRefine,mouse2a_imec0,200,mua,good,good,mua,good,good,good,mua,mua,mua,good,mua,good,mua,good,mua,good,good
u6,UnitRefine,mouse2a_imec0,201,mua,mua,mua,mua,mua,mua,mua,mua,mua,mua,mua,mua,mua,mua,mua,mua,mua,mua
u6,UnitRefine,mouse2a_imec0,202,mua,good,good,good,good,good,good,good,good,good,good,good,good,good,good,good,good,good
u6,UnitRefine,mouse2a_imec0,204,mua,noise,noise,noise,noise,noise,noise,noise,mua,noise,noise,noise,noise,noise,noise,noise,noise,noise
u6,UnitRefine,mouse2a_imec0,205,mua,noise,noise,noise,noise,noise,noise,noise,noise,noise,noise,noise,noise,noise,noise,noise,noise,noise
u6,UnitRefine,mouse2a_imec0,206,mua,noise,noise,noise,noise,noise,noise,noise,noise,noise,noise,noise,noise,noise,noise,noise,noise,noise
u6,UnitRefine,mouse2a_imec0,207,noise,noise,noise,noise,noise,mua,noise,noise,noise,noise,mua,noise,noise,noise,noise,mua,noise,noise
u6,UnitRefine,mouse2a_imec0,209,mua,mua,mua,mua,mua,mua,mua,mua,mua,mua,mua,mua,mua,mua,mua,mua,mua,mua
u6,UnitRefine,mouse2a_imec0,211,good,good,good,good,good,good,good,good,good,good,good,good,good,mua,good,mua,good,mua
u6,UnitRefine,mouse2a_imec0,212,noise,good,good,good,good,good,good,good,good,good,good,good,good,good,good,good,good,good
u6,UnitRefine,mouse2a_imec0,213,noise,noise,noise,noise,noise,noise,noise,noise,noise,noise,noise,noise,noise,noise,noise,noise,noise,noise
u6,UnitRefine,mouse2a_imec0,215,mua,noise,noise,noise,noise,mua,noise,noise,mua,noise,mua,noise,noise,mua,noise,good,noise,good
u6,UnitRefine,mouse2a_imec0,216,noise,noise,noise,noise,noise,noise,noise,noise,noise,noise,noise,noise,noise,noise,noise,noise,noise,noise
u6,UnitRefine,mouse2a_imec0,217,noise,noise,noise,noise,noise,mua,noise,noise,noise,noise,mua,noise,noise,noise,noise,mua,noise,noise
u6,UnitRefine,mouse2a_imec0,218,noise,noise,noise,noise,noise,noise,noise,noise,noise,noise,noise,noise,noise,noise,noise,noise,noise,noise
u6,UnitRefine,mouse2a_imec0,219,good,good,good,good,good,good,good,good,good,good,good,good,good,good,good,good,good,good
u6,UnitRefine,mouse2a_imec0,223,good,good,mua,mua,good,good,good,mua,mua,mua,good,mua,mua,mua,mua,good,good,mua
u6,UnitRefine,mouse2a_imec0,224,good,mua,mua,mua,good,good,good,mua,mua,mua,good,mua,mua,mua,good,mua,good,mua
u6,UnitRefine,mouse2a_imec0,226,mua,noise,noise,noise,noise,noise,noise,noise,noise,noise,noise,noise,noise,noise,noise,noise,noise,noise
u6,UnitRefine,mouse2a_imec0,228,mua,good,good,mua,good,good,good,good,mua,good,good,good,mua,mua,good,mua,mua,mua
u6,UnitRefine,mouse2a_imec0,229,mua,mua,mua,mua,mua,mua,mua,mua,mua,mua,mua,mua,mua,mua,good,mua,mua,mua
u6,UnitRefine,mouse2a_imec0,230,mua,good,mua,mua,good,mua,good,mua,mua,good,good,good,mua,mua,mua,mua,mua,mua
u6,UnitRefine,mouse2a_imec0,231,mua,noise,noise,noise,noise,noise,noise,noise,noise,noise,noise,noise,noise,noise,noise,noise,noise,noise
u6,UnitRefine,mouse2a_imec0,232,noise,noise,noise,noise,noise,mua,noise,noise,noise,noise,mua,noise,noise,noise,noise,mua,noise,noise
u6,UnitRefine,mouse2a_imec0,233,mua,noise,mua,mua,noise,noise,noise,mua,mua,noise,noise,noise,mua,mua,noise,mua,noise,noise
u6,UnitRefine,mouse2a_imec0,234,good,noise,mua,mua,noise,noise,noise,mua,mua,noise,noise,noise,mua,mua,noise,mua,noise,noise
u6,UnitRefine,mouse2a_imec0,235,mua,mua,mua,mua,mua,good,mua,mua,mua,mua,mua,mua,mua,mua,mua,mua,mua,mua
u6,UnitRefine,mouse2a_imec0,236,mua,noise,mua,mua,mua,mua,mua,mua,mua,noise,mua,noise,mua,mua,noise,mua,mua,mua
u6,UnitRefine,mouse2a_imec0,237,mua,mua,mua,mua,mua,mua,mua,mua,mua,mua,mua,mua,mua,mua,mua,mua,mua,mua
u6,UnitRefine,mouse2a_imec0,238,good,good,good,good,good,good,good,good,good,good,good,good,good,good,good,good,good,good
u6,UnitRefine,mouse2a_imec0,239,mua,good,good,good,good,good,good,good,good,good,good,good,good,good,good,good,good,good
u6,UnitRefine,mouse2a_imec0,241,mua,mua,mua,mua,mua,mua,mua,mua,mua,mua,mua,mua,mua,mua,mua,mua,mua,mua
u2,UnitRefine,mouse2b_imec0,0,noise,noise,noise,noise,noise,noise,noise,noise,noise,noise,noise,noise,noise,noise,noise,noise,noise,noise
u2,UnitRefine,mouse2b_imec0,1,mua,noise,noise,noise,noise,noise,noise,noise,noise,noise,noise,noise,noise,noise,noise,noise,noise,noise
u2,UnitRefine,mouse2b_imec0,2,mua,mua,mua,mua,mua,mua,mua,mua,mua,mua,mua,mua,mua,mua,mua,mua,mua,noise
u2,UnitRefine,mouse2b_imec0,3,noise,noise,noise,mua,noise,noise,noise,noise,noise,noise,noise,noise,noise,noise,noise,noise,noise,noise
u2,UnitRefine,mouse2b_imec0,4,good,good,good,good,good,good,good,mua,mua,good,mua,good,good,good,good,good,good,good
u2,UnitRefine,mouse2b_imec0,5,good,good,good,good,good,good,good,good,good,good,good,good,good,good,good,good,good,good
u2,UnitRefine,mouse2b_imec0,6,good,good,good,good,good,good,good,good,good,good,good,good,good,good,good,good,good,good
u2,UnitRefine,mouse2b_imec0,7,good,good,good,good,good,good,good,good,good,good,good,good,good,good,good,good,good,good
u2,UnitRefine,mouse2b_imec0,8,good,good,good,good,good,good,good,good,good,good,good,good,good,good,good,good,good,good
u2,UnitRefine,mouse2b_imec0,9,good,good,good,good,good,good,good,good,good,good,good,good,good,mua,good,good,good,good
u2,UnitRefine,mouse2b_imec0,10,good,good,good,good,good,good,good,good,good,good,good,good,good,good,good,good,good,good
u2,UnitRefine,mouse2b_imec0,11,noise,noise,noise,noise,noise,noise,noise,noise,mua,noise,noise,noise,noise,noise,noise,noise,noise,noise
u2,UnitRefine,mouse2b_imec0,12,noise,noise,noise,noise,noise,noise,noise,noise,noise,noise,noise,noise,noise,noise,noise,noise,noise,noise
u2,UnitRefine,mouse2b_imec0,14,good,good,good,good,good,good,good,good,good,good,good,good,good,good,good,good,good,good
u2,UnitRefine,mouse2b_imec0,15,mua,mua,mua,mua,mua,mua,mua,mua,mua,mua,mua,mua,mua,mua,mua,mua,mua,mua
u2,UnitRefine,mouse2b_imec0,17,good,good,good,good,good,good,good,good,good,good,good,good,good,good,good,good,good,good
u2,UnitRefine,mouse2b_imec0,18,good,mua,mua,mua,mua,good,mua,mua,mua,mua,mua,mua,mua,mua,good,good,good,mua
u2,UnitRefine,mouse2b_imec0,19,good,good,good,good,good,good,good,good,good,good,good,good,good,good,good,good,good,good
u2,UnitRefine,mouse2b_imec0,21,mua,good,good,good,good,good,good,good,good,good,good,good,good,good,good,good,good,good
u2,UnitRefine,mouse2b_imec0,22,mua,mua,mua,mua,mua,mua,mua,mua,mua,mua,mua,mua,mua,mua,mua,mua,mua,mua
u2,UnitRefine,mouse2b_imec0,23,noise,noise,noise,noise,noise,noise,noise,noise,noise,noise,noise,noise,noise,noise,noise,noise,noise,noise
u2,UnitRefine,mouse2b_imec0,24,good,good,good,good,mua,good,good,mua,mua,mua,good,mua,mua,mua,mua,good,mua,mua
u2,UnitRefine,mouse2b_imec0,25,good,good,good,good,good,good,good,good,good,good,good,good,good,good,good,good,good,good
u2,UnitRefine,mouse2b_imec0,26,mua,mua,mua,mua,mua,mua,mua,mua,mua,mua,mua,mua,mua,mua,mua,mua,mua,mua
u2,UnitRefine,mouse2b_imec0,29,good,good,good,good,mua,good,good,mua,good,mua,good,good,good,good,good,good,good,good
u2,UnitRefine,mouse2b_imec0,31,mua,mua,mua,mua,mua,mua,mua,mua,mua,mua,mua,mua,mua,mua,mua,mua,mua,mua
u2,UnitRefine,mouse2b_imec0,32,mua,mua,mua,mua,mua,noise,mua,mua,mua,mua,noise,mua,mua,mua,mua,noise,mua,mua
u2,UnitRefine,mouse2b_imec0,33,good,good,good,good,mua,good,mua,good,mua,mua,good,mua,good,good,good,good,good,good
u2,UnitRefine,mouse2b_imec0,34,noise,noise,noise,noise,noise,noise,noise,noise,noise,noise,noise,noise,noise,noise,noise,noise,noise,noise
u2,UnitRefine,mouse2b_imec0,37,mua,mua,mua,mua,mua,mua,mua,mua,mua,mua,mua,mua,mua,mua,mua,mua,mua,mua
u2,UnitRefine,mouse2b_imec0,38,good,good,good,good,good,good,good,mua,mua,mua,mua,mua,mua,mua,mua,good,mua,mua
u2,UnitRefine,mouse2b_imec0,39,noise,noise,noise,noise,noise,noise,noise,noise,noise,noise,noise,noise,noise,noise,noise,noise,noise,noise
u2,UnitRefine,mouse2b_imec0,40,mua,mua,mua,mua,mua,mua,mua,mua,mua,mua,mua,mua,mua,mua,mua,mua,mua,mua
u2,UnitRefine,mouse2b_imec0,41,noise,noise,noise,noise,noise,noise,noise,noise,noise,noise,noise,noise,noise,noise,noise,noise,noise,noise
u2,UnitRefine,mouse2b_imec0,42,mua,noise,noise,noise,noise,noise,noise,noise,noise,noise,noise,noise,noise,noise,noise,noise,noise,noise
u2,UnitRefine,mouse2b_imec0,43,noise,noise,noise,mua,noise,mua,noise,noise,mua,noise,mua,noise,noise,mua,mua,mua,mua,mua
u2,UnitRefine,mouse2b_imec0,44,mua,noise,noise,mua,noise,noise,noise,noise,mua,noise,noise,noise,noise,noise,noise,mua,noise,noise
u2,UnitRefine,mouse2b_imec0,45,noise,noise,noise,noise,noise,noise,noise,noise,noise,noise,noise,noise,noise,noise,noise,noise,noise,noise
u2,UnitRefine,mouse2b_imec0,46,noise,noise,noise,noise,noise,noise,noise,noise,noise,noise,noise,noise,noise,noise,noise,noise,noise,noise
u2,UnitRefine,mouse2b_imec0,47,good,good,good,good,good,noise,good,good,mua,good,mua,good,good,good,good,good,good,good
u2,UnitRefine,mouse2b_imec0,49,noise,mua,mua,noise,mua,noise,mua,mua,mua,mua,noise,mua,mua,mua,mua,noise,mua,mua
u2,UnitRefine,mouse2b_imec0,50,noise,noise,noise,noise,noise,noise,noise,noise,noise,noise,noise,noise,noise,noise,noise,noise,noise,noise
u2,UnitRefine,mouse2b_imec0,51,noise,noise,noise,noise,noise,noise,noise,noise,noise,noise,noise,noise,noise,noise,noise,noise,noise,noise
u2,UnitRefine,mouse2b_imec0,54,noise,noise,noise,mua,noise,mua,noise,noise,noise,noise,noise,noise,noise,noise,noise,noise,noise,noise
u2,UnitRefine,mouse2b_imec0,55,good,mua,mua,mua,mua,mua,mua,mua,mua,mua,mua,mua,mua,mua,mua,mua,mua,mua
u2,UnitRefine,mouse2b_imec0,57,mua,noise,mua,mua,noise,mua,noise,mua,mua,mua,mua,mua,mua,mua,mua,mua,mua,mua
u2,UnitRefine,mouse2b_imec0,58,noise,mua,mua,mua,mua,mua,mua,mua,mua,mua,noise,mua,noise,mua,mua,mua,mua,noise
u2,UnitRefine,mouse2b_imec0,59,good,good,good,mua,good,mua,good,good,mua,good,mua,good,good,mua,good,good,good,good
u2,UnitRefine,mouse2b_imec0,61,good,good,good,mua,good,mua,good,mua,mua,mua,mua,mua,mua,mua,mua,mua,mua,mua
u2,UnitRefine,mouse2b_imec0,62,mua,mua,mua,mua,mua,mua,mua,mua,mua,mua,mua,mua,mua,mua,mua,mua,mua,mua
u2,UnitRefine,mouse2b_imec0,63,mua,mua,mua,mua,mua,mua,mua,mua,mua,mua,mua,mua,mua,mua,mua,mua,mua,mua
u2,UnitRefine,mouse2b_imec0,64,mua,mua,mua,mua,mua,mua,mua,mua,mua,mua,mua,mua,mua,mua,mua,mua,mua,mua
u2,UnitRefine,mouse2b_imec0,65,mua,mua,mua,mua,mua,mua,mua,mua,mua,mua,mua,mua,mua,mua,mua,mua,mua,mua
u2,UnitRefine,mouse2b_imec0,66,good,good,good,good,good,good,good,good,good,good,good,good,good,good,good,good,good,good
u2,UnitRefine,mouse2b_imec0,67,mua,mua,mua,mua,mua,mua,mua,mua,mua,mua,mua,mua,mua,mua,mua,mua,mua,noise
u2,UnitRefine,mouse2b_imec0,68,mua,good,good,good,good,good,good,good,good,good,good,good,good,good,good,good,good,good
u2,UnitRefine,mouse2b_imec0,70,mua,mua,mua,mua,mua,mua,mua,mua,mua,mua,mua,mua,mua,mua,mua,mua,mua,mua
u2,UnitRefine,mouse2b_imec0,71,mua,mua,mua,mua,good,mua,mua,good,mua,good,mua,good,good,mua,good,mua,good,good
u2,UnitRefine,mouse2b_imec0,72,noise,mua,mua,mua,mua,mua,mua,mua,mua,mua,mua,mua,mua,mua,mua,mua,mua,mua
u2,UnitRefine,mouse2b_imec0,73,good,good,good,good,good,good,good,good,good,good,good,good,good,good,good,good,good,good
u2,UnitRefine,mouse2b_imec0,74,good,good,good,good,good,mua,good,mua,mua,mua,mua,mua,mua,good,good,good,good,good
u2,UnitRefine,mouse2b_imec0,75,good,mua,mua,mua,good,mua,good,good,mua,good,mua,good,good,good,good,good,good,good
u2,UnitRefine,mouse2b_imec0,76,good,mua,mua,mua,mua,mua,mua,mua,mua,mua,mua,mua,mua,mua,mua,mua,mua,mua
u2,UnitRefine,mouse2b_imec0,78,mua,mua,mua,mua,mua,mua,mua,mua,mua,mua,mua,mua,mua,mua,good,good,good,mua
u2,UnitRefine,mouse2b_imec0,79,good,good,good,good,good,good,good,good,mua,good,good,good,good,good,good,good,good,good
u2,UnitRefine,mouse2b_imec0,80,mua,good,good,mua,good,mua,good,good,mua,good,good,good,good,mua,good,good,good,mua
u2,UnitRefine,mouse2b_imec0,81,mua,mua,mua,mua,mua,mua,mua,mua,mua,mua,mua,mua,mua,mua,mua,good,mua,mua
u2,UnitRefine,mouse2b_imec0,82,mua,good,good,good,good,good,good,good,good,good,good,good,good,good,good,good,good,good
u2,UnitRefine,mouse2b_imec0,83,mua,mua,mua,mua,mua,good,mua,mua,mua,mua,mua,mua,mua,mua,mua,mua,mua,mua
u2,UnitRefine,mouse2b_imec0,84,good,good,good,good,good,good,good,good,good,good,good,good,good,good,good,good,good,good
u2,UnitRefine,mouse2b_imec0,85,noise,noise,noise,mua,noise,noise,noise,mua,mua,mua,mua,mua,mua,mua,mua,mua,mua,mua
u2,UnitRefine,mouse2b_imec0,86,mua,mua,mua,mua,mua,mua,mua,mua,mua,mua,mua,mua,mua,mua,mua,mua,mua,mua
u2,UnitRefine,mouse2b_imec0,87,good,good,mua,mua,good,good,good,good,mua,mua,good,mua,mua,mua,mua,good,mua,mua
u2,UnitRefine,mouse2b_imec0,90,mua,mua,mua,mua,mua,mua,mua,mua,mua,mua,mua,mua,mua,mua,mua,mua,mua,mua
u2,UnitRefine,mouse2b_imec0,91,good,good,good,good,good,good,good,good,good,good,good,good,good,good,good,good,good,good
u2,UnitRefine,mouse2b_imec0,92,mua,mua,mua,mua,noise,mua,mua,mua,mua,mua,mua,mua,mua,mua,mua,mua,mua,mua
u2,UnitRefine,mouse2b_imec0,93,mua,mua,mua,mua,mua,noise,mua,mua,mua,mua,mua,mua,mua,mua,mua,mua,mua,mua
u2,UnitRefine,mouse2b_imec0,94,noise,good,good,good,good,good,good,mua,mua,good,good,good,mua,good,good,mua,good,good
u2,UnitRefine,mouse2b_imec0,95,good,good,good,good,good,good,good,good,good,good,good,good,good,good,good,good,good,good
u2,UnitRefine,mouse2b_imec0,96,noise,noise,noise,noise,noise,noise,noise,noise,noise,noise,noise,noise,noise,noise,noise,noise,noise,noise
u2,UnitRefine,mouse2b_imec0,97,mua,mua,mua,mua,mua,noise,mua,mua,mua,mua,noise,mua,good,mua,mua,mua,mua,mua
u2,UnitRefine,mouse2b_imec0,98,mua,mua,mua,mua,noise,noise,noise,mua,mua,mua,noise,mua,mua,mua,mua,noise,mua,noise
u2,UnitRefine,mouse2b_imec0,100,noise,noise,noise,mua,noise,noise,noise,noise,noise,noise,noise,noise,noise,noise,noise,noise,noise,noise
u2,UnitRefine,mouse2b_imec0,101,mua,mua,mua,mua,mua,mua,mua,mua,mua,mua,mua,mua,mua,mua,mua,mua,mua,mua
u2,UnitRefine,mouse2b_imec0,102,good,good,good,mua,good,mua,good,mua,mua,mua,mua,mua,mua,mua,good,good,good,good
u2,UnitRefine,mouse2b_imec0,103,good,noise,noise,noise,good,noise,noise,noise,mua,mua,noise,mua,mua,mua,good,mua,good,good
u2,UnitRefine,mouse2b_imec0,104,mua,mua,mua,mua,mua,noise,mua,mua,mua,mua,noise,mua,mua,mua,mua,mua,mua,mua
u2,UnitRefine,mouse2b_imec0,105,mua,mua,mua,mua,mua,mua,mua,mua,mua,mua,mua,mua,mua,mua,mua,mua,mua,mua
u2,UnitRefine,mouse2b_imec0,106,mua,mua,mua,mua,mua,mua,mua,mua,mua,mua,mua,mua,mua,mua,mua,mua,mua,mua
u2,UnitRefine,mouse2b_imec0,107,noise,noise,noise,noise,noise,noise,noise,noise,mua,noise,noise,noise,mua,mua,noise,noise,noise,mua
u2,UnitRefine,mouse2b_imec0,109,mua,mua,mua,mua,mua,noise,mua,mua,mua,mua,mua,mua,mua,mua,mua,mua,mua,mua
u2,UnitRefine,mouse2b_imec0,110,noise,noise,noise,noise,noise,noise,noise,noise,mua,noise,noise,noise,noise,mua,noise,mua,noise,mua
u2,UnitRefine,mouse2b_imec0,111,noise,noise,noise,noise,noise,noise,noise,noise,mua,noise,noise,noise,mua,mua,noise,mua,noise,mua
u2,UnitRefine,mouse2b_imec0,112,noise,noise,noise,noise,noise,noise,noise,noise,noise,noise,noise,noise,mua,mua,noise,noise,noise,mua
u2,UnitRefine,mouse2b_imec0,113,noise,noise,noise,noise,noise,noise,noise,noise,noise,noise,noise,noise,noise,mua,noise,noise,noise,noise
u2,UnitRefine,mouse2b_imec0,114,noise,noise,noise,noise,noise,noise,noise,noise,noise,noise,noise,noise,noise,mua,noise,noise,noise,mua
u2,UnitRefine,mouse2b_imec0,115,noise,noise,noise,noise,noise,noise,noise,noise,noise,noise,noise,noise,noise,noise,noise,noise,noise,noise
u2,UnitRefine,mouse2b_imec0,116,good,mua,mua,mua,good,good,good,good,good,good,good,good,good,good,good,good,good,good
u2,UnitRefine,mouse2b_imec0,117,mua,mua,mua,mua,mua,noise,mua,mua,mua,mua,noise,mua,mua,mua,mua,mua,mua,mua
u2,UnitRefine,mouse2b_imec0,118,mua,mua,mua,mua,mua,mua,mua,mua,mua,mua,mua,mua,noise,mua,mua,mua,mua,noise
u2,UnitRefine,mouse2b_imec0,119,mua,mua,mua,mua,mua,mua,mua,mua,mua,mua,mua,mua,mua,mua,mua,mua,mua,mua
u2,UnitRefine,mouse2b_imec0,120,mua,mua,mua,mua,mua,mua,mua,mua,mua,mua,mua,mua,mua,mua,mua,mua,mua,mua
u2,UnitRefine,mouse2b_imec0,121,mua,mua,mua,mua,mua,mua,mua,mua,mua,mua,mua,mua,mua,mua,mua,mua,mua,mua
u2,UnitRefine,mouse2b_imec0,123,mua,mua,mua,mua,mua,mua,mua,mua,mua,mua,mua,mua,mua,mua,mua,mua,mua,mua
u2,UnitRefine,mouse2b_imec0,124,good,mua,mua,mua,mua,good,mua,mua,mua,mua,mua,mua,mua,mua,mua,good,mua,mua
u2,UnitRefine,mouse2b_imec0,125,good,good,good,good,good,good,good,good,good,good,good,good,good,good,good,good,good,good
u2,UnitRefine,mouse2b_imec0,126,noise,noise,noise,mua,noise,noise,noise,noise,mua,noise,noise,noise,noise,noise,noise,mua,noise,noise
u2,UnitRefine,mouse2b_imec0,127,good,good,good,good,good,good,good,good,good,good,good,good,good,good,good,good,good,good
u2,UnitRefine,mouse2b_imec0,128,mua,mua,mua,mua,mua,mua,mua,mua,mua,mua,mua,mua,mua,mua,mua,mua,mua,mua
u2,UnitRefine,mouse2b_imec0,129,good,mua,mua,mua,mua,mua,mua,mua,mua,mua,mua,mua,mua,mua,mua,mua,mua,mua
u2,UnitRefine,mouse2b_imec0,130,mua,mua,mua,mua,mua,mua,mua,mua,mua,mua,mua,mua,mua,mua,mua,mua,mua,mua
u2,UnitRefine,mouse2b_imec0,131,mua,mua,mua,mua,mua,mua,mua,mua,mua,mua,mua,mua,mua,mua,mua,mua,mua,mua
u2,UnitRefine,mouse2b_imec0,132,noise,mua,mua,mua,mua,noise,mua,mua,mua,mua,mua,mua,mua,mua,mua,mua,mua,mua
u2,UnitRefine,mouse2b_imec0,133,noise,noise,noise,noise,noise,noise,noise,noise,noise,noise,noise,noise,noise,noise,noise,noise,noise,noise
u2,UnitRefine,mouse2b_imec0,134,mua,mua,mua,mua,mua,mua,mua,mua,mua,mua,mua,mua,mua,mua,mua,mua,mua,mua
u2,UnitRefine,mouse2b_imec0,135,good,good,good,good,good,good,good,good,good,good,good,good,good,good,good,good,good,good
u2,UnitRefine,mouse2b_imec0,136,good,good,good,mua,mua,mua,mua,mua,mua,mua,mua,mua,good,mua,good,mua,good,good
u2,UnitRefine,mouse2b_imec0,138,mua,mua,mua,mua,mua,mua,mua,mua,mua,mua,mua,mua,mua,mua,mua,mua,mua,mua
u2,UnitRefine,mouse2b_imec0,140,mua,good,good,good,good,mua,good,good,good,mua,mua,mua,good,good,good,good,good,good
u2,UnitRefine,mouse2b_imec0,141,mua,mua,mua,mua,mua,mua,mua,mua,mua,mua,mua,mua,mua,mua,mua,mua,mua,mua
u2,UnitRefine,mouse2b_imec0,142,good,good,good,mua,good,mua,good,good,good,good,good,good,good,good,good,good,good,good
u2,UnitRefine,mouse2b_imec0,143,mua,mua,mua,mua,mua,noise,mua,mua,mua,mua,mua,mua,mua,mua,mua,mua,mua,mua
u2,UnitRefine,mouse2b_imec0,144,mua,mua,mua,mua,mua,mua,mua,mua,mua,mua,mua,mua,mua,mua,mua,good,mua,good
u2,UnitRefine,mouse2b_imec0,145,good,good,good,good,good,good,good,good,good,good,good,good,good,good,good,good,good,good
u2,UnitRefine,mouse2b_imec0,147,mua,mua,mua,mua,mua,mua,mua,mua,mua,mua,mua,mua,mua,mua,mua,mua,mua,mua
u2,UnitRefine,mouse2b_imec0,148,good,good,mua,mua,mua,mua,mua,mua,mua,mua,mua,mua,good,good,mua,mua,mua,good
u2,UnitRefine,mouse2b_imec0,149,mua,mua,mua,mua,mua,mua,mua,mua,mua,mua,mua,mua,mua,mua,mua,mua,mua,mua
u2,UnitRefine,mouse2b_imec0,150,mua,mua,mua,mua,mua,mua,mua,mua,mua,mua,mua,mua,mua,mua,mua,mua,mua,mua
u2,UnitRefine,mouse2b_imec0,151,good,good,good,good,good,good,good,good,good,good,good,good,good,good,good,good,good,good
u2,UnitRefine,mouse2b_imec0,152,good,good,good,mua,good,mua,good,good,mua,good,mua,good,good,mua,good,good,good,good
u2,UnitRefine,mouse2b_imec0,154,mua,mua,mua,mua,mua,noise,noise,noise,mua,noise,noise,noise,mua,mua,noise,mua,mua,mua
u2,UnitRefine,mouse2b_imec0,155,mua,mua,mua,mua,mua,mua,mua,good,mua,mua,mua,mua,good,good,good,good,good,good
u2,UnitRefine,mouse2b_imec0,156,noise,noise,noise,mua,noise,noise,noise,noise,mua,noise,noise,noise,mua,mua,mua,mua,mua,mua
u2,UnitRefine,mouse2b_imec0,158,mua,mua,mua,mua,mua,mua,mua,mua,mua,mua,mua,mua,mua,mua,mua,mua,mua,mua
u2,UnitRefine,mouse2b_imec0,159,mua,mua,mua,mua,mua,mua,mua,mua,mua,mua,mua,mua,mua,mua,mua,mua,mua,mua
u2,UnitRefine,mouse2b_imec0,160,mua,good,good,mua,good,good,good,good,mua,good,good,good,good,mua,mua,good,mua,mua
u2,UnitRefine,mouse2b_imec0,162,good,mua,mua,mua,mua,mua,mua,mua,mua,mua,mua,mua,mua,mua,mua,mua,mua,mua
u2,UnitRefine,mouse2b_imec0,163,noise,noise,noise,noise,noise,mua,noise,noise,noise,noise,noise,noise,noise,noise,noise,noise,noise,noise
u2,UnitRefine,mouse2b_imec0,164,mua,mua,mua,mua,mua,mua,mua,mua,mua,mua,mua,mua,mua,mua,mua,mua,mua,mua
u2,UnitRefine,mouse2b_imec0,165,good,good,good,mua,good,good,good,mua,mua,mua,good,mua,good,good,good,good,good,good
u2,UnitRefine,mouse2b_imec0,166,mua,mua,mua,mua,mua,mua,mua,mua,mua,good,mua,good,mua,mua,mua,good,mua,mua
u2,UnitRefine,mouse2b_imec0,167,mua,mua,mua,mua,mua,mua,mua,mua,mua,mua,mua,mua,mua,mua,mua,mua,mua,mua
u2,UnitRefine,mouse2b_imec0,168,noise,noise,noise,noise,noise,noise,noise,noise,noise,noise,noise,noise,noise,noise,noise,noise,noise,mua
u2,UnitRefine,mouse2b_imec0,170,mua,mua,mua,mua,mua,mua,mua,mua,mua,mua,mua,mua,mua,mua,mua,mua,mua,mua
u2,UnitRefine,mouse2b_imec0,174,mua,mua,mua,mua,mua,mua,mua,mua,mua,mua,mua,mua,mua,mua,mua,mua,mua,mua
u2,UnitRefine,mouse2b_imec0,175,good,mua,good,mua,mua,mua,mua,good,mua,mua,mua,mua,good,good,mua,mua,mua,good
u2,UnitRefine,mouse2b_imec0,176,mua,mua,mua,mua,mua,mua,mua,mua,mua,mua,mua,mua,mua,mua,mua,mua,mua,mua
u2,UnitRefine,mouse2b_imec0,177,mua,mua,mua,mua,mua,mua,mua,mua,mua,mua,mua,mua,mua,mua,mua,mua,mua,mua
u2,UnitRefine,mouse2b_imec0,178,mua,mua,mua,mua,mua,mua,mua,mua,mua,mua,mua,mua,mua,mua,mua,mua,mua,mua
u2,UnitRefine,mouse2b_imec0,179,mua,mua,mua,mua,mua,mua,mua,mua,mua,mua,mua,mua,mua,mua,mua,good,mua,good
u2,UnitRefine,mouse2b_imec0,180,mua,mua,mua,mua,mua,mua,mua,mua,mua,mua,mua,mua,mua,mua,mua,mua,mua,mua
u2,UnitRefine,mouse2b_imec0,182,good,good,good,good,good,good,good,good,good,good,good,good,good,good,good,good,good,good
u2,UnitRefine,mouse2b_imec0,183,mua,mua,mua,mua,mua,mua,mua,mua,mua,mua,mua,mua,mua,mua,mua,mua,mua,mua
u2,UnitRefine,mouse2b_imec0,185,good,good,good,good,good,noise,good,good,mua,good,mua,good,good,mua,good,good,good,good
u2,UnitRefine,mouse2b_imec0,188,mua,mua,mua,mua,mua,mua,mua,mua,mua,mua,mua,mua,mua,mua,mua,mua,mua,mua
u2,UnitRefine,mouse2b_imec0,190,mua,mua,mua,mua,mua,mua,mua,mua,mua,mua,mua,mua,good,mua,mua,good,mua,good
u2,UnitRefine,mouse2b_imec0,192,mua,mua,mua,mua,mua,mua,mua,mua,mua,mua,mua,mua,mua,mua,mua,mua,mua,good
u2,UnitRefine,mouse2b_imec0,193,noise,mua,mua,mua,mua,mua,mua,mua,mua,mua,mua,mua,mua,mua,mua,mua,mua,mua
u2,UnitRefine,mouse2b_imec0,195,mua,mua,mua,mua,mua,mua,mua,mua,mua,mua,mua,mua,mua,mua,mua,mua,mua,mua
u2,UnitRefine,mouse2b_imec0,198,mua,mua,mua,mua,mua,mua,mua,mua,mua,mua,mua,mua,mua,mua,mua,mua,mua,mua
u2,UnitRefine,mouse2b_imec0,203,mua,mua,mua,mua,mua,mua,mua,mua,mua,mua,mua,mua,mua,mua,mua,mua,mua,mua
u2,UnitRefine,mouse2b_imec0,204,noise,mua,mua,mua,mua,mua,mua,mua,mua,mua,mua,mua,mua,mua,mua,mua,mua,mua
u2,UnitRefine,mouse2b_imec0,205,mua,mua,mua,mua,mua,mua,mua,mua,mua,mua,mua,mua,mua,mua,mua,mua,mua,mua
u2,UnitRefine,mouse2b_imec0,206,noise,mua,mua,mua,mua,mua,mua,mua,mua,mua,mua,mua,mua,mua,mua,mua,mua,mua
u2,UnitRefine,mouse2b_imec0,207,mua,mua,mua,mua,mua,mua,mua,mua,mua,mua,mua,mua,mua,mua,mua,mua,mua,mua
u2,UnitRefine,mouse2b_imec0,210,mua,mua,mua,mua,mua,mua,mua,mua,mua,mua,mua,mua,mua,mua,mua,mua,mua,mua
u2,UnitRefine,mouse2b_imec0,211,good,good,good,good,good,good,good,good,good,good,good,good,good,good,good,good,good,good
u2,UnitRefine,mouse2b_imec0,212,mua,mua,mua,mua,mua,mua,mua,mua,mua,mua,mua,mua,mua,mua,mua,mua,mua,mua
u2,UnitRefine,mouse2b_imec0,213,mua,mua,mua,mua,mua,mua,mua,mua,mua,mua,mua,mua,mua,mua,mua,mua,mua,mua
u2,UnitRefine,mouse2b_imec0,215,mua,mua,mua,mua,mua,mua,mua,mua,mua,mua,mua,mua,mua,mua,mua,mua,mua,mua
u2,UnitRefine,mouse2b_imec0,216,noise,noise,noise,noise,noise,noise,noise,noise,noise,noise,noise,noise,noise,mua,noise,noise,noise,mua
u2,UnitRefine,mouse2b_imec0,217,mua,mua,mua,mua,mua,mua,mua,mua,mua,mua,mua,mua,mua,mua,mua,mua,mua,mua
u2,UnitRefine,mouse2b_imec0,219,mua,good,good,mua,good,good,good,good,mua,good,good,good,mua,mua,good,good,good,good
u2,UnitRefine,mouse2b_imec0,220,mua,mua,mua,mua,mua,mua,mua,mua,mua,mua,mua,mua,mua,mua,mua,mua,mua,mua
u2,UnitRefine,mouse2b_imec0,221,good,good,good,good,good,mua,good,good,good,good,good,good,good,good,good,good,good,good
u2,UnitRefine,mouse2b_imec0,222,mua,mua,mua,mua,mua,mua,mua,mua,mua,mua,mua,mua,mua,mua,mua,mua,mua,mua
u2,UnitRefine,mouse2b_imec0,223,mua,mua,mua,mua,mua,mua,mua,mua,mua,mua,mua,mua,mua,mua,mua,mua,mua,mua
u2,UnitRefine,mouse2b_imec0,226,mua,noise,noise,noise,noise,mua,mua,noise,mua,mua,mua,mua,mua,mua,mua,mua,mua,noise
u2,UnitRefine,mouse2b_imec0,227,mua,mua,mua,mua,mua,mua,mua,mua,mua,mua,mua,mua,mua,mua,mua,mua,mua,mua
u2,UnitRefine,mouse2b_imec0,231,mua,good,mua,mua,good,mua,mua,good,mua,good,mua,good,mua,mua,good,mua,good,mua
u2,UnitRefine,mouse2b_imec0,233,mua,mua,mua,mua,mua,mua,mua,mua,mua,mua,mua,mua,mua,mua,mua,good,mua,mua
u2,UnitRefine,mouse2b_imec0,234,mua,mua,mua,mua,mua,mua,mua,mua,mua,mua,mua,mua,mua,mua,mua,mua,mua,mua
u2,UnitRefine,mouse2b_imec0,235,good,mua,mua,mua,mua,mua,mua,mua,mua,good,mua,good,good,mua,good,good,good,good
u2,UnitRefine,mouse2b_imec0,237,good,good,good,good,good,mua,good,good,good,good,good,good,good,good,good,good,good,good
u2,UnitRefine,mouse2b_imec0,238,good,good,good,good,good,good,good,good,good,good,good,good,good,good,good,good,good,good
u2,UnitRefine,mouse2b_imec0,239,mua,mua,mua,mua,mua,mua,mua,mua,mua,mua,mua,mua,mua,mua,mua,mua,mua,mua
u2,UnitRefine,mouse2b_imec0,240,good,good,good,good,good,good,good,good,good,good,good,good,good,good,good,good,good,good
u2,UnitRefine,mouse2b_imec0,241,good,mua,mua,mua,mua,good,mua,mua,mua,mua,mua,mua,mua,mua,mua,mua,mua,mua
u2,UnitRefine,mouse2b_imec0,244,mua,noise,mua,mua,noise,noise,noise,mua,mua,mua,mua,mua,mua,mua,mua,mua,mua,mua
u2,UnitRefine,mouse2b_imec0,245,mua,mua,mua,mua,mua,mua,mua,mua,mua,mua,mua,mua,mua,mua,mua,mua,mua,mua
u2,UnitRefine,mouse2b_imec0,246,mua,mua,mua,mua,mua,mua,mua,mua,mua,good,mua,mua,mua,mua,mua,mua,mua,mua
u2,UnitRefine,mouse2b_imec0,247,mua,mua,mua,mua,mua,mua,mua,mua,mua,mua,mua,mua,mua,mua,mua,mua,mua,mua
u2,UnitRefine,mouse2b_imec0,248,mua,mua,mua,mua,mua,mua,mua,mua,mua,mua,mua,mua,mua,mua,mua,mua,mua,mua
u2,UnitRefine,mouse2b_imec0,249,mua,mua,mua,mua,good,mua,good,mua,mua,good,mua,good,mua,mua,mua,mua,mua,mua
u2,UnitRefine,mouse2b_imec0,250,good,good,good,good,good,good,good,good,good,good,good,good,good,good,good,good,good,good
u2,UnitRefine,mouse2b_imec0,251,good,good,good,good,good,good,good,good,good,good,good,good,good,good,good,good,good,good
u2,UnitRefine,mouse2b_imec0,252,mua,mua,mua,mua,mua,mua,mua,mua,mua,mua,mua,mua,mua,mua,mua,mua,mua,mua
u2,UnitRefine,mouse2b_imec0,253,mua,mua,mua,mua,good,mua,good,mua,mua,mua,mua,mua,mua,mua,mua,mua,mua,mua
u2,UnitRefine,mouse2b_imec0,254,mua,good,good,good,good,good,good,good,good,good,good,good,good,good,good,good,good,good
u2,UnitRefine,mouse2b_imec0,255,mua,mua,mua,mua,mua,mua,mua,mua,mua,mua,mua,mua,mua,mua,mua,mua,mua,mua
u2,UnitRefine,mouse2b_imec0,256,mua,mua,mua,mua,mua,mua,mua,mua,mua,mua,mua,mua,mua,mua,mua,mua,mua,mua
u2,UnitRefine,mouse2b_imec0,257,noise,mua,mua,mua,mua,mua,mua,mua,mua,mua,mua,mua,mua,mua,mua,mua,mua,mua
u2,UnitRefine,mouse2b_imec0,258,noise,noise,mua,mua,mua,noise,mua,mua,mua,mua,noise,mua,mua,mua,noise,noise,noise,noise
u2,UnitRefine,mouse2b_imec0,259,noise,noise,noise,noise,mua,mua,noise,noise,noise,noise,noise,noise,noise,noise,noise,noise,noise,noise
u2,UnitRefine,mouse2b_imec0,260,mua,noise,noise,mua,noise,mua,noise,noise,noise,noise,noise,noise,noise,noise,noise,noise,noise,noise
u2,UnitRefine,mouse2b_imec0,262,mua,good,good,good,good,good,good,good,good,good,good,good,good,good,good,good,good,good
u2,UnitRefine,mouse2b_imec0,263,good,good,good,good,good,good,good,good,good,good,good,good,good,good,good,good,good,good
u2,UnitRefine,mouse2b_imec0,264,mua,good,good,good,good,good,good,good,good,good,mua,good,good,good,good,good,good,good
u2,UnitRefine,mouse2b_imec0,265,mua,mua,mua,mua,good,mua,mua,mua,mua,mua,mua,mua,mua,mua,mua,mua,mua,mua
u2,UnitRefine,mouse2b_imec0,266,mua,mua,mua,mua,mua,mua,mua,mua,mua,mua,mua,mua,mua,mua,mua,mua,mua,mua
u2,UnitRefine,mouse2b_imec0,268,good,good,good,good,good,good,good,good,good,good,good,good,good,mua,good,good,good,good
u2,UnitRefine,mouse2b_imec0,269,noise,mua,mua,mua,mua,mua,mua,mua,mua,noise,mua,mua,mua,mua,mua,noise,mua,mua
u2,UnitRefine,mouse2b_imec0,271,good,good,good,good,good,good,good,good,good,good,good,good,good,good,good,good,good,good
u2,UnitRefine,mouse2b_imec0,274,noise,mua,mua,mua,mua,mua,mua,mua,mua,mua,mua,mua,mua,mua,mua,mua,mua,mua
u2,UnitRefine,mouse2b_imec0,276,good,mua,mua,mua,good,mua,good,mua,mua,good,mua,good,mua,mua,good,mua,good,good
u2,UnitRefine,mouse2b_imec0,277,mua,mua,mua,mua,good,good,good,mua,mua,mua,mua,mua,mua,mua,mua,mua,mua,mua
u2,UnitRefine,mouse2b_imec0,279,noise,mua,mua,mua,mua,mua,mua,mua,mua,mua,mua,mua,mua,mua,mua,mua,mua,mua
u2,UnitRefine,mouse2b_imec0,280,mua,mua,mua,mua,mua,mua,mua,mua,mua,mua,mua,mua,mua,mua,mua,mua,mua,mua
u2,UnitRefine,mouse2b_imec0,281,good,good,good,good,good,good,good,good,mua,good,good,good,good,mua,good,good,good,good
u2,UnitRefine,mouse2b_imec0,282,noise,mua,mua,mua,mua,mua,mua,mua,mua,mua,mua,mua,mua,mua,mua,mua,mua,mua
u2,UnitRefine,mouse2b_imec0,283,mua,mua,mua,mua,mua,mua,mua,mua,mua,mua,mua,mua,mua,mua,mua,mua,mua,mua
u2,UnitRefine,mouse2b_imec0,285,noise,noise,noise,noise,noise,noise,noise,noise,noise,noise,noise,noise,noise,noise,noise,mua,noise,noise
u2,UnitRefine,mouse2b_imec0,286,noise,noise,noise,mua,noise,noise,noise,noise,mua,noise,noise,noise,noise,mua,noise,noise,noise,mua
u2,UnitRefine,mouse2b_imec0,287,noise,mua,mua,mua,mua,mua,mua,mua,mua,mua,mua,mua,mua,mua,mua,mua,mua,mua
u2,UnitRefine,mouse2b_imec0,289,mua,mua,mua,mua,mua,mua,mua,mua,mua,mua,mua,mua,mua,mua,mua,mua,mua,mua
u2,UnitRefine,mouse2b_imec0,290,mua,mua,mua,mua,mua,mua,mua,mua,mua,mua,mua,mua,mua,mua,mua,mua,mua,mua
u2,UnitRefine,mouse2b_imec0,291,noise,mua,mua,mua,mua,mua,mua,mua,mua,mua,mua,mua,mua,mua,mua,mua,mua,mua
u2,UnitRefine,mouse2b_imec0,292,mua,noise,noise,mua,mua,mua,mua,noise,mua,noise,mua,noise,mua,mua,noise,mua,noise,mua
u2,UnitRefine,mouse2b_imec0,293,noise,mua,mua,mua,mua,mua,mua,mua,mua,mua,mua,mua,mua,mua,mua,mua,mua,mua
u2,UnitRefine,mouse2b_imec0,294,noise,noise,mua,mua,noise,noise,noise,mua,noise,noise,noise,noise,noise,noise,noise,noise,noise,noise
u2,UnitRefine,mouse2b_imec0,295,mua,mua,mua,mua,mua,mua,mua,mua,mua,mua,mua,mua,mua,mua,mua,mua,mua,mua
u2,UnitRefine,mouse2b_imec0,296,mua,noise,noise,mua,noise,mua,noise,noise,mua,mua,mua,mua,mua,mua,mua,mua,mua,mua
u2,UnitRefine,mouse2b_imec0,297,mua,good,good,good,good,good,good,good,good,good,good,good,good,good,good,good,good,good
u2,UnitRefine,mouse2b_imec0,298,noise,mua,mua,mua,mua,mua,mua,mua,mua,mua,mua,mua,mua,mua,mua,mua,mua,mua
u2,UnitRefine,mouse2b_imec0,300,good,good,mua,mua,good,mua,good,good,mua,good,good,good,mua,mua,good,mua,mua,good
u2,UnitRefine,mouse2b_imec0,302,mua,good,good,mua,good,good,good,good,mua,good,good,good,good,mua,good,good,good,good
u2,UnitRefine,mouse2b_imec0,303,mua,mua,mua,mua,mua,good,mua,mua,mua,mua,mua,mua,mua,mua,mua,good,mua,good
u2,UnitRefine,mouse2b_imec0,304,mua,mua,mua,mua,mua,mua,mua,mua,mua,mua,mua,mua,mua,mua,mua,mua,mua,mua
u2,UnitRefine,mouse2b_imec0,305,noise,mua,mua,mua,mua,mua,mua,mua,mua,mua,mua,mua,mua,mua,mua,mua,mua,mua
u2,UnitRefine,mouse2b_imec0,306,good,good,good,good,good,good,good,good,good,good,good,good,good,good,good,good,good,good
u2,UnitRefine,mouse2b_imec0,307,good,good,good,good,good,good,good,good,good,good,good,good,good,good,good,good,good,good
u2,UnitRefine,mouse2b_imec0,309,noise,good,good,good,good,good,good,good,good,good,good,good,good,good,good,good,good,good
u2,UnitRefine,mouse2b_imec0,310,mua,good,good,good,good,good,good,good,good,good,good,good,mua,mua,good,mua,good,mua
u2,UnitRefine,mouse2b_imec0,312,mua,mua,mua,mua,mua,good,good,mua,mua,good,good,good,good,mua,good,good,good,good
u2,UnitRefine,mouse2b_imec0,314,good,good,good,good,good,good,good,good,mua,good,good,good,good,good,good,good,good,good
u2,UnitRefine,mouse2b_imec0,315,mua,mua,mua,mua,mua,mua,mua,mua,mua,mua,mua,mua,mua,mua,mua,mua,mua,mua
u2,UnitRefine,mouse2b_imec0,316,mua,mua,mua,mua,mua,mua,mua,mua,mua,mua,mua,mua,mua,mua,mua,mua,mua,mua
u2,UnitRefine,mouse2b_imec0,317,noise,mua,noise,mua,noise,noise,noise,mua,mua,mua,mua,mua,mua,mua,good,mua,good,good
u2,UnitRefine,mouse2b_imec0,318,noise,mua,mua,mua,mua,mua,mua,mua,mua,mua,mua,mua,mua,mua,mua,mua,mua,mua
u2,UnitRefine,mouse2b_imec0,319,good,good,good,good,good,good,good,good,good,good,good,good,good,good,good,good,good,good
u2,UnitRefine,mouse2b_imec0,321,mua,mua,mua,mua,mua,mua,mua,mua,mua,mua,mua,mua,mua,mua,mua,mua,mua,mua
u2,UnitRefine,mouse2b_imec0,322,mua,mua,mua,mua,mua,mua,mua,mua,mua,mua,mua,mua,mua,mua,mua,mua,mua,mua
u2,UnitRefine,mouse2b_imec0,323,mua,mua,mua,mua,mua,mua,mua,mua,mua,mua,mua,mua,mua,mua,mua,mua,mua,mua
u2,UnitRefine,mouse2b_imec0,326,mua,mua,mua,mua,mua,mua,mua,mua,mua,mua,mua,mua,mua,mua,mua,good,mua,mua
u2,UnitRefine,mouse2b_imec0,327,mua,good,good,good,good,good,good,good,good,good,good,good,good,good,good,good,good,good
u2,UnitRefine,mouse2b_imec0,328,mua,mua,mua,mua,mua,mua,mua,mua,mua,mua,mua,mua,mua,mua,mua,mua,mua,mua
u2,UnitRefine,mouse2b_imec0,329,mua,mua,mua,mua,mua,mua,mua,mua,mua,mua,mua,mua,mua,mua,mua,mua,mua,mua
u2,UnitRefine,mouse2b_imec0,330,mua,mua,mua,mua,mua,mua,mua,mua,mua,mua,mua,mua,mua,mua,mua,noise,mua,mua
u2,UnitRefine,mouse2b_imec0,331,good,mua,mua,mua,mua,mua,mua,mua,mua,mua,mua,mua,mua,mua,good,mua,good,mua
u2,UnitRefine,mouse2b_imec0,332,mua,mua,mua,mua,mua,mua,mua,mua,mua,mua,mua,mua,mua,mua,good,good,good,mua
u2,UnitRefine,mouse2b_imec0,334,good,good,good,good,good,good,good,good,good,good,good,good,good,good,good,good,good,good
u2,UnitRefine,mouse2b_imec0,335,mua,mua,mua,mua,good,mua,mua,mua,mua,mua,mua,mua,mua,mua,mua,mua,mua,mua
u2,UnitRefine,mouse2b_imec0,337,noise,mua,mua,mua,mua,mua,mua,mua,mua,mua,mua,mua,mua,mua,mua,mua,mua,mua
u2,UnitRefine,mouse2b_imec0,338,mua,mua,mua,mua,mua,mua,mua,mua,mua,mua,mua,mua,mua,mua,mua,mua,mua,mua
u2,UnitRefine,mouse2b_imec0,339,mua,mua,mua,mua,mua,mua,mua,mua,mua,mua,mua,mua,mua,mua,mua,mua,mua,mua
u2,UnitRefine,mouse2b_imec0,341,mua,mua,mua,mua,mua,mua,mua,mua,mua,mua,mua,mua,good,mua,mua,mua,mua,good
u2,UnitRefine,mouse2b_imec0,342,mua,mua,mua,mua,good,mua,good,mua,mua,mua,mua,mua,mua,mua,mua,good,mua,mua
u2,UnitRefine,mouse2b_imec0,343,mua,mua,mua,mua,mua,good,mua,mua,mua,mua,mua,mua,mua,mua,good,good,good,good
u2,UnitRefine,mouse2b_imec0,344,good,good,good,mua,good,good,good,good,good,good,good,good,good,good,good,good,good,good
u2,UnitRefine,mouse2b_imec0,345,mua,mua,mua,mua,mua,mua,mua,mua,mua,mua,mua,mua,mua,mua,mua,mua,mua,mua
u2,UnitRefine,mouse2b_imec0,347,mua,good,good,good,good,mua,good,good,good,good,good,good,mua,mua,good,mua,good,mua
u2,UnitRefine,mouse2b_imec0,348,noise,noise,noise,noise,noise,noise,noise,noise,noise,noise,noise,noise,noise,noise,noise,noise,noise,noise
u2,UnitRefine,mouse2b_imec0,349,noise,noise,noise,noise,noise,noise,noise,noise,noise,noise,noise,noise,noise,noise,noise,noise,noise,noise
u2,UnitRefine,mouse2b_imec0,350,noise,noise,noise,noise,noise,noise,noise,noise,noise,noise,noise,noise,noise,noise,noise,noise,noise,noise
u2,UnitRefine,mouse2b_imec0,351,noise,noise,noise,noise,noise,noise,noise,noise,noise,noise,noise,noise,noise,noise,noise,noise,noise,noise
u2,UnitRefine,mouse2b_imec0,352,noise,noise,noise,noise,noise,noise,noise,noise,noise,noise,noise,noise,noise,noise,noise,noise,noise,noise
u2,UnitRefine,mouse2b_imec0,353,noise,noise,noise,noise,noise,noise,noise,noise,noise,noise,noise,noise,noise,noise,noise,noise,noise,noise
u2,UnitRefine,mouse2b_imec0,354,noise,noise,mua,mua,noise,noise,noise,noise,noise,noise,noise,noise,noise,noise,noise,noise,noise,noise
u2,UnitRefine,mouse2b_imec0,355,noise,mua,mua,mua,mua,mua,mua,mua,mua,mua,mua,mua,mua,mua,mua,mua,mua,mua
u2,UnitRefine,mouse2b_imec0,356,mua,good,good,good,good,good,good,good,good,good,good,good,good,good,good,good,good,good
u2,UnitRefine,mouse2b_imec0,357,good,good,good,good,good,good,good,mua,mua,mua,good,mua,good,good,good,good,good,mua
u2,UnitRefine,mouse2b_imec0,359,good,good,good,good,good,good,good,good,good,good,good,good,good,good,good,good,good,good
u2,UnitRefine,mouse2b_imec0,360,mua,good,good,mua,good,mua,good,good,good,good,mua,good,good,good,good,good,good,good
u2,UnitRefine,mouse2b_imec0,361,good,mua,mua,mua,mua,good,mua,mua,mua,mua,mua,mua,good,good,good,good,good,good
u2,UnitRefine,mouse2b_imec0,363,noise,noise,noise,noise,noise,noise,noise,noise,noise,noise,noise,noise,noise,noise,noise,noise,noise,noise
u2,UnitRefine,mouse2b_imec0,365,good,good,good,good,good,good,good,good,good,good,good,good,good,good,good,good,good,good
u2,UnitRefine,mouse2b_imec0,368,noise,noise,noise,noise,noise,noise,noise,noise,noise,noise,noise,noise,noise,noise,noise,noise,noise,noise
u2,UnitRefine,mouse2b_imec0,369,mua,mua,mua,mua,mua,mua,mua,mua,mua,mua,mua,mua,mua,mua,mua,mua,mua,mua
u2,UnitRefine,mouse2b_imec0,371,noise,mua,mua,mua,mua,mua,mua,mua,mua,mua,mua,mua,mua,mua,mua,mua,mua,mua
u2,UnitRefine,mouse2b_imec0,372,mua,mua,mua,mua,mua,mua,mua,mua,mua,mua,mua,mua,mua,mua,mua,mua,mua,mua
u2,UnitRefine,mouse2b_imec0,373,mua,good,good,mua,good,mua,good,mua,mua,mua,mua,mua,good,mua,good,good,good,good
u2,UnitRefine,mouse2b_imec0,375,noise,mua,mua,mua,mua,mua,mua,mua,mua,mua,mua,mua,good,mua,good,mua,good,mua
u2,UnitRefine,mouse2b_imec0,376,mua,mua,mua,mua,mua,mua,mua,mua,mua,mua,good,mua,mua,mua,mua,mua,mua,mua
u2,UnitRefine,mouse2b_imec0,377,noise,mua,mua,mua,mua,mua,mua,mua,mua,mua,mua,mua,mua,mua,mua,mua,mua,mua
u2,UnitRefine,mouse2b_imec0,378,good,good,good,good,good,good,good,mua,good,good,good,good,mua,mua,good,mua,good,mua
u2,UnitRefine,mouse2b_imec0,379,good,good,good,good,good,mua,good,good,good,good,mua,good,good,good,good,good,good,good
u2,UnitRefine,mouse2b_imec0,380,good,good,good,good,good,good,good,good,good,good,good,good,good,good,good,good,good,good
u2,UnitRefine,mouse2b_imec0,381,mua,mua,mua,mua,mua,mua,mua,mua,mua,mua,mua,mua,mua,mua,mua,mua,mua,mua
u2,UnitRefine,mouse2b_imec0,383,mua,mua,mua,mua,mua,mua,mua,mua,mua,mua,mua,mua,mua,mua,mua,mua,mua,mua
u2,UnitRefine,mouse2b_imec0,384,good,good,good,good,good,mua,good,good,good,good,good,good,good,good,good,good,good,good
u2,UnitRefine,mouse2b_imec0,385,good,good,good,good,good,good,good,good,good,good,good,good,good,good,good,good,good,good
u2,UnitRefine,mouse2b_imec0,387,good,good,good,good,good,good,good,good,mua,good,good,good,good,good,good,mua,good,good
u2,UnitRefine,mouse2b_imec0,388,mua,mua,mua,mua,mua,mua,mua,mua,mua,mua,mua,mua,mua,mua,mua,mua,mua,mua
u2,UnitRefine,mouse2b_imec0,390,noise,mua,mua,mua,mua,mua,mua,mua,mua,mua,mua,mua,mua,mua,mua,mua,mua,mua
u2,UnitRefine,mouse2b_imec0,391,mua,good,good,good,good,good,good,good,good,good,good,good,good,mua,good,mua,good,good
u2,UnitRefine,mouse2b_imec0,392,mua,good,good,good,good,mua,good,good,good,good,good,good,good,mua,good,good,good,good
u2,UnitRefine,mouse2b_imec0,393,good,mua,mua,mua,good,good,good,good,mua,good,good,good,mua,mua,good,good,good,mua
u2,UnitRefine,mouse2b_imec0,394,good,good,good,good,good,good,good,good,good,good,good,good,good,good,good,good,good,good
u2,UnitRefine,mouse2b_imec0,395,mua,mua,mua,mua,mua,mua,mua,mua,mua,mua,mua,mua,mua,mua,mua,mua,mua,mua
u2,UnitRefine,mouse2b_imec0,396,good,good,good,good,good,good,good,good,good,good,good,good,good,good,good,good,good,good
u2,UnitRefine,mouse2b_imec0,397,good,good,good,good,good,good,good,good,good,good,good,good,good,good,good,good,good,good
u2,UnitRefine,mouse2b_imec0,398,mua,mua,mua,mua,mua,mua,mua,mua,mua,mua,mua,mua,mua,mua,mua,mua,mua,mua
u2,UnitRefine,mouse2b_imec0,399,mua,good,good,good,good,good,good,good,good,good,good,good,good,good,good,mua,good,good
u2,UnitRefine,mouse2b_imec0,400,mua,mua,mua,mua,mua,mua,mua,mua,mua,mua,mua,mua,mua,mua,mua,mua,mua,mua
u2,UnitRefine,mouse2b_imec0,401,noise,noise,noise,noise,noise,noise,noise,noise,noise,noise,noise,noise,noise,noise,noise,noise,noise,noise
u2,UnitRefine,mouse2b_imec0,402,noise,noise,noise,noise,noise,noise,noise,noise,mua,noise,mua,noise,noise,mua,noise,noise,noise,mua
u2,UnitRefine,mouse2b_imec0,403,noise,mua,mua,mua,mua,mua,mua,mua,mua,mua,mua,mua,mua,mua,mua,mua,mua,mua
u2,UnitRefine,mouse2b_imec0,404,noise,noise,mua,mua,mua,mua,mua,mua,mua,mua,mua,mua,noise,mua,mua,mua,mua,mua
u2,UnitRefine,mouse2b_imec0,405,noise,noise,noise,noise,noise,noise,noise,noise,noise,noise,noise,noise,noise,noise,noise,noise,noise,noise
u2,UnitRefine,mouse2b_imec0,406,good,good,good,good,good,good,good,good,good,good,good,good,good,good,good,good,good,good
u2,UnitRefine,mouse2b_imec0,407,mua,mua,mua,mua,good,mua,mua,mua,mua,good,mua,mua,mua,mua,good,mua,good,good
u2,UnitRefine,mouse2b_imec0,408,noise,noise,mua,mua,mua,noise,mua,mua,mua,mua,noise,mua,mua,mua,noise,good,mua,good
u2,UnitRefine,mouse2b_imec0,410,noise,noise,mua,mua,mua,noise,mua,mua,mua,mua,mua,mua,mua,mua,mua,mua,mua,mua
u2,UnitRefine,mouse2b_imec0,411,mua,mua,mua,mua,mua,mua,mua,mua,mua,mua,mua,mua,mua,mua,mua,mua,mua,mua
u2,UnitRefine,mouse2b_imec0,412,mua,good,good,good,good,good,good,good,good,good,good,good,good,good,good,good,good,good
u2,UnitRefine,mouse2b_imec0,413,mua,mua,mua,mua,mua,mua,mua,mua,mua,mua,good,mua,mua,mua,mua,good,mua,mua
u2,UnitRefine,mouse2b_imec0,414,mua,mua,mua,mua,mua,mua,mua,mua,mua,mua,mua,mua,mua,mua,mua,mua,mua,mua
u2,UnitRefine,mouse2b_imec0,415,good,good,good,good,good,good,good,good,good,good,good,good,good,good,good,good,good,good
u2,UnitRefine,mouse2b_imec0,416,good,good,good,mua,good,good,good,good,mua,good,good,good,good,good,good,good,good,good
u2,UnitRefine,mouse2b_imec0,417,mua,mua,mua,mua,mua,good,mua,mua,mua,mua,good,mua,mua,mua,mua,mua,mua,mua
u2,UnitRefine,mouse2b_imec0,418,good,good,good,good,good,good,good,good,good,good,good,good,good,good,good,good,good,good
u2,UnitRefine,mouse2b_imec0,419,mua,mua,mua,mua,mua,mua,mua,mua,mua,mua,mua,mua,mua,mua,mua,mua,mua,mua
u2,UnitRefine,mouse2b_imec0,420,mua,mua,mua,mua,mua,mua,mua,mua,mua,mua,mua,mua,mua,mua,mua,mua,mua,mua
u2,UnitRefine,mouse2b_imec0,421,good,mua,mua,mua,good,good,good,good,good,good,good,good,mua,mua,good,mua,good,good
u2,UnitRefine,mouse2b_imec0,422,good,mua,good,mua,good,good,good,good,good,good,good,good,good,good,good,good,good,good
u2,UnitRefine,mouse2b_imec0,423,good,good,good,mua,mua,good,mua,good,good,good,good,good,good,good,good,good,good,good
u2,UnitRefine,mouse2b_imec0,424,noise,noise,noise,mua,noise,mua,mua,noise,mua,noise,mua,noise,mua,mua,noise,mua,mua,mua
u2,UnitRefine,mouse2b_imec0,425,noise,noise,noise,mua,mua,noise,mua,mua,mua,mua,noise,mua,mua,mua,mua,mua,mua,mua
u2,UnitRefine,mouse2b_imec0,426,good,good,good,good,good,mua,good,good,good,good,good,good,good,good,good,good,good,good
u2,UnitRefine,mouse2b_imec0,427,good,good,good,good,good,good,good,good,good,good,good,good,good,good,good,good,good,good
u2,UnitRefine,mouse2b_imec0,428,good,mua,mua,mua,mua,mua,mua,mua,mua,mua,mua,mua,good,mua,good,good,good,good
u2,UnitRefine,mouse2b_imec0,429,good,good,good,mua,mua,good,mua,good,good,good,good,good,good,good,good,good,good,good
u2,UnitRefine,mouse2b_imec0,430,good,mua,mua,mua,mua,mua,mua,mua,mua,good,mua,good,good,good,good,good,good,good
u2,UnitRefine,mouse2b_imec0,431,mua,mua,mua,mua,mua,mua,mua,mua,mua,mua,mua,mua,mua,mua,mua,mua,mua,mua
u2,UnitRefine,mouse2b_imec0,432,good,mua,mua,mua,mua,good,mua,mua,mua,mua,good,mua,mua,mua,good,good,mua,mua
u2,UnitRefine,mouse2b_imec0,434,good,mua,mua,mua,mua,mua,mua,mua,mua,mua,mua,mua,mua,mua,mua,mua,mua,mua
u2,UnitRefine,mouse2b_imec0,435,good,good,good,good,good,good,good,good,good,good,good,good,good,good,good,good,good,good
u2,UnitRefine,mouse2b_imec0,436,good,good,good,good,good,good,good,good,good,good,good,good,good,good,good,good,good,good
u2,UnitRefine,mouse2b_imec0,437,noise,mua,mua,mua,mua,mua,mua,mua,mua,mua,mua,mua,mua,mua,mua,mua,mua,mua
u2,UnitRefine,mouse2b_imec0,438,mua,mua,mua,mua,mua,mua,mua,mua,mua,mua,mua,mua,mua,mua,mua,mua,mua,mua
u2,UnitRefine,mouse2b_imec0,439,good,good,good,good,good,good,good,good,good,good,good,good,good,good,good,good,good,good
u2,UnitRefine,mouse2b_imec0,440,mua,mua,mua,mua,mua,mua,mua,mua,mua,mua,mua,mua,mua,mua,mua,mua,mua,mua
u2,UnitRefine,mouse2b_imec0,442,noise,mua,mua,mua,mua,mua,mua,mua,mua,mua,mua,mua,mua,mua,mua,mua,mua,mua
u2,UnitRefine,mouse2b_imec0,443,noise,mua,mua,mua,mua,mua,mua,mua,mua,mua,mua,mua,mua,mua,mua,mua,mua,mua
u2,UnitRefine,mouse2b_imec0,444,good,good,good,good,good,mua,good,good,good,good,mua,good,good,good,good,good,good,good
u2,UnitRefine,mouse2b_imec0,445,good,good,good,good,good,good,good,good,good,good,good,good,good,good,good,good,good,good
u2,UnitRefine,mouse2b_imec0,446,good,mua,mua,mua,mua,mua,mua,mua,mua,mua,mua,mua,mua,mua,mua,mua,mua,mua
u2,UnitRefine,mouse2b_imec0,447,mua,mua,mua,mua,mua,mua,mua,mua,mua,mua,mua,mua,mua,mua,mua,mua,mua,mua
u2,UnitRefine,mouse2b_imec0,448,mua,mua,mua,mua,mua,mua,mua,mua,mua,mua,mua,mua,mua,mua,mua,mua,mua,mua
u2,UnitRefine,mouse2b_imec0,450,noise,mua,mua,mua,mua,mua,mua,mua,mua,mua,mua,mua,mua,mua,mua,mua,mua,mua
u2,UnitRefine,mouse2b_imec0,453,good,mua,mua,mua,mua,good,mua,mua,mua,mua,good,mua,mua,mua,mua,good,mua,mua
u2,UnitRefine,mouse2b_imec0,454,mua,mua,mua,mua,mua,mua,mua,mua,mua,mua,mua,mua,mua,mua,mua,mua,mua,mua
u2,UnitRefine,mouse2b_imec0,456,noise,mua,mua,mua,mua,mua,mua,mua,mua,mua,mua,mua,mua,mua,mua,mua,mua,mua
u2,UnitRefine,mouse2b_imec0,457,mua,noise,noise,mua,noise,mua,mua,noise,noise,mua,mua,mua,noise,mua,mua,mua,mua,mua
u2,UnitRefine,mouse2b_imec0,458,noise,mua,mua,mua,mua,mua,mua,mua,mua,mua,mua,mua,mua,mua,mua,mua,mua,mua
u2,UnitRefine,mouse2b_imec0,459,good,good,good,good,good,good,good,good,good,good,good,good,good,good,good,good,good,good
u2,UnitRefine,mouse2b_imec0,460,good,mua,mua,mua,noise,mua,mua,mua,mua,mua,mua,mua,mua,mua,good,good,good,noise
u2,UnitRefine,mouse2b_imec0,461,good,good,good,good,good,good,good,good,good,good,mua,good,good,good,good,good,good,good
u2,UnitRefine,mouse2b_imec0,462,good,good,good,good,good,good,good,good,mua,good,mua,good,mua,mua,good,good,good,mua
u2,UnitRefine,mouse2b_imec0,463,mua,mua,mua,mua,mua,mua,mua,mua,mua,mua,mua,mua,mua,mua,mua,mua,mua,mua
u2,UnitRefine,mouse2b_imec0,464,noise,mua,mua,mua,mua,noise,mua,mua,mua,mua,mua,mua,mua,mua,mua,mua,mua,mua
u2,UnitRefine,mouse2b_imec0,465,mua,mua,mua,mua,mua,mua,mua,mua,mua,mua,mua,mua,mua,mua,mua,mua,mua,mua
u2,UnitRefine,mouse2b_imec0,466,good,good,good,good,good,good,good,good,good,good,good,good,good,good,good,good,good,good
u2,UnitRefine,mouse2b_imec0,471,noise,mua,mua,mua,mua,mua,mua,mua,mua,mua,mua,mua,mua,mua,mua,mua,mua,mua
u2,UnitRefine,mouse2b_imec0,473,good,good,good,good,good,good,good,good,good,good,good,good,good,good,good,good,good,good
u2,UnitRefine,mouse2b_imec0,474,noise,mua,mua,noise,mua,mua,mua,mua,noise,mua,mua,mua,noise,mua,noise,mua,noise,noise
u2,UnitRefine,mouse2b_imec0,475,good,good,good,good,good,good,good,good,good,good,good,good,good,good,good,good,good,good
u2,UnitRefine,mouse2b_imec0,478,good,good,good,good,good,good,good,good,good,good,good,good,mua,mua,good,mua,mua,mua
u2,UnitRefine,mouse2b_imec0,479,good,good,good,good,good,good,good,good,good,good,good,good,good,good,good,good,good,good
u2,UnitRefine,mouse2b_imec0,480,noise,mua,mua,mua,mua,noise,mua,mua,mua,mua,noise,mua,mua,mua,mua,good,mua,mua
u2,UnitRefine,mouse2b_imec0,481,mua,mua,mua,mua,mua,good,mua,mua,mua,mua,good,mua,mua,mua,mua,good,mua,mua
u2,UnitRefine,mouse2b_imec0,482,mua,good,good,good,good,good,good,good,good,good,good,good,good,good,good,good,good,good
u2,UnitRefine,mouse2b_imec0,483,mua,mua,good,mua,good,mua,good,mua,mua,mua,mua,mua,mua,mua,mua,mua,mua,mua
u2,UnitRefine,mouse2b_imec0,485,mua,mua,good,good,good,good,good,good,good,good,good,good,mua,mua,mua,good,mua,mua
u2,UnitRefine,mouse2b_imec0,486,good,good,good,good,good,good,good,good,good,good,good,good,good,mua,good,good,good,mua
u2,UnitRefine,mouse2b_imec0,487,good,good,good,good,good,good,good,good,good,good,good,good,good,good,good,good,good,good
u2,UnitRefine,mouse2b_imec0,488,good,good,good,good,good,good,good,good,good,good,good,good,good,good,good,good,good,good
u2,UnitRefine,mouse2b_imec0,489,mua,mua,mua,mua,mua,mua,mua,mua,mua,mua,mua,mua,mua,mua,mua,mua,mua,mua
u2,UnitRefine,mouse2b_imec0,490,mua,mua,good,good,good,good,good,good,mua,good,mua,good,good,good,good,good,good,good
u2,UnitRefine,mouse2b_imec0,491,noise,mua,mua,mua,mua,mua,mua,mua,mua,mua,mua,mua,mua,mua,mua,mua,mua,mua
u2,UnitRefine,mouse2b_imec0,493,mua,good,good,good,good,good,good,good,good,good,good,good,good,good,good,good,good,good
u2,UnitRefine,mouse2b_imec0,494,noise,mua,mua,mua,mua,noise,mua,mua,mua,mua,mua,mua,mua,mua,mua,mua,mua,mua
u2,UnitRefine,mouse2b_imec0,495,good,good,good,good,good,mua,good,good,good,good,mua,good,good,good,good,good,good,good
u2,UnitRefine,mouse2b_imec0,496,mua,mua,mua,mua,good,mua,good,mua,mua,good,mua,mua,mua,mua,mua,mua,mua,mua
u2,UnitRefine,mouse2b_imec0,497,good,good,good,good,good,good,good,good,good,good,good,good,good,good,good,good,good,good
u2,UnitRefine,mouse2b_imec0,498,good,mua,mua,mua,mua,mua,mua,mua,mua,mua,good,mua,mua,mua,mua,mua,mua,mua
u2,UnitRefine,mouse2b_imec0,499,mua,mua,mua,mua,mua,mua,mua,mua,mua,mua,mua,mua,mua,mua,mua,mua,mua,mua
u2,UnitRefine,mouse2b_imec0,501,noise,mua,mua,mua,mua,mua,mua,mua,mua,mua,mua,mua,mua,mua,mua,mua,mua,mua
u2,UnitRefine,mouse2b_imec0,503,mua,mua,mua,mua,mua,good,good,mua,mua,mua,good,mua,mua,mua,good,mua,good,mua
u2,UnitRefine,mouse2b_imec0,504,mua,mua,mua,mua,mua,mua,mua,mua,mua,mua,mua,mua,mua,mua,mua,mua,mua,mua
u2,UnitRefine,mouse2b_imec0,505,mua,mua,mua,mua,mua,mua,mua,mua,mua,mua,mua,mua,mua,mua,mua,mua,mua,mua
u2,UnitRefine,mouse2b_imec0,506,good,good,good,good,good,good,good,good,good,good,good,good,good,good,good,good,good,good
u2,UnitRefine,mouse2b_imec0,508,good,good,good,good,good,good,good,good,good,good,good,good,good,mua,good,good,good,mua
u2,UnitRefine,mouse2b_imec0,509,noise,mua,mua,mua,mua,mua,mua,mua,mua,mua,mua,mua,mua,mua,mua,mua,mua,mua
u2,UnitRefine,mouse2b_imec0,510,noise,mua,mua,mua,mua,mua,mua,mua,mua,mua,mua,mua,mua,mua,mua,mua,mua,mua
u2,UnitRefine,mouse2b_imec0,511,mua,mua,mua,mua,mua,good,mua,mua,mua,mua,good,mua,mua,mua,mua,mua,mua,mua
u2,UnitRefine,mouse2b_imec0,512,mua,good,good,good,good,good,good,good,good,good,mua,good,good,good,good,mua,good,good
u2,UnitRefine,mouse2b_imec0,513,good,good,good,good,good,good,good,good,good,good,good,good,good,good,good,good,good,good
u2,UnitRefine,mouse2b_imec0,514,good,good,good,good,good,good,good,good,good,good,good,good,mua,mua,mua,good,mua,mua
u2,UnitRefine,mouse2b_imec0,516,mua,good,good,good,good,good,good,good,good,good,good,good,good,good,good,good,good,good
u2,UnitRefine,mouse2b_imec0,519,mua,mua,mua,mua,mua,mua,mua,mua,mua,mua,mua,mua,mua,mua,mua,mua,mua,mua
u2,UnitRefine,mouse2b_imec0,520,mua,mua,mua,mua,mua,mua,mua,mua,mua,mua,mua,mua,mua,mua,mua,mua,mua,mua
u2,UnitRefine,mouse2b_imec0,521,good,good,good,good,good,good,good,good,good,good,good,good,good,good,good,good,good,good
u2,UnitRefine,mouse2b_imec0,522,mua,mua,mua,mua,mua,mua,mua,mua,mua,mua,mua,mua,mua,mua,mua,mua,mua,mua
u2,UnitRefine,mouse2b_imec0,523,mua,mua,mua,mua,mua,mua,mua,mua,mua,mua,mua,mua,mua,mua,mua,mua,mua,mua
u2,UnitRefine,mouse2b_imec0,524,good,mua,mua,mua,good,mua,mua,mua,mua,good,mua,good,good,mua,good,good,good,good
u2,UnitRefine,mouse2b_imec0,525,good,good,mua,mua,good,good,good,mua,mua,mua,mua,mua,mua,mua,good,mua,good,good
u2,UnitRefine,mouse2b_imec0,526,good,good,mua,mua,good,mua,good,mua,mua,mua,mua,mua,good,mua,good,good,good,good
u2,UnitRefine,mouse2b_imec0,528,mua,mua,mua,mua,mua,mua,mua,mua,mua,mua,mua,mua,mua,mua,mua,mua,mua,mua
u2,UnitRefine,mouse2b_imec0,529,mua,mua,mua,mua,mua,mua,mua,mua,mua,mua,mua,mua,mua,mua,mua,mua,mua,mua
u2,UnitRefine,mouse2b_imec0,532,good,good,good,good,good,good,good,good,mua,good,good,good,good,good,good,good,good,good
u2,UnitRefine,mouse2b_imec0,533,good,good,good,mua,good,mua,good,mua,mua,good,mua,good,good,good,good,good,good,good
u2,UnitRefine,mouse2b_imec0,534,mua,mua,mua,mua,mua,mua,mua,mua,mua,mua,mua,mua,mua,mua,mua,mua,mua,mua
u2,UnitRefine,mouse2b_imec0,535,good,good,good,good,good,good,good,good,good,good,good,good,good,mua,good,good,good,good
u2,UnitRefine,mouse2b_imec0,536,good,good,good,mua,good,mua,good,good,mua,good,mua,good,good,mua,good,good,good,good
u2,UnitRefine,mouse2b_imec0,537,good,mua,mua,mua,mua,mua,mua,mua,mua,mua,mua,mua,mua,mua,mua,mua,mua,mua
u2,UnitRefine,mouse2b_imec0,538,mua,mua,mua,mua,mua,mua,mua,mua,mua,mua,mua,mua,mua,mua,mua,mua,mua,mua
u2,UnitRefine,mouse2b_imec0,539,good,mua,mua,mua,mua,mua,mua,mua,mua,mua,mua,mua,mua,mua,mua,good,mua,mua
u2,UnitRefine,mouse2b_imec0,540,mua,good,good,good,good,mua,mua,mua,mua,good,mua,good,mua,mua,mua,mua,mua,mua
u2,UnitRefine,mouse2b_imec0,541,good,mua,mua,mua,mua,mua,mua,mua,mua,mua,mua,mua,mua,mua,mua,mua,mua,mua
u2,UnitRefine,mouse2b_imec0,542,good,good,good,good,good,good,good,good,good,good,good,good,good,good,good,good,good,good
u2,UnitRefine,mouse2b_imec0,544,mua,good,good,mua,good,good,good,good,mua,good,good,good,mua,mua,good,good,good,good
u2,UnitRefine,mouse2b_imec0,545,mua,mua,mua,mua,mua,mua,mua,mua,mua,good,good,good,good,good,good,mua,good,good
u2,UnitRefine,mouse2b_imec0,547,good,mua,mua,mua,mua,mua,mua,mua,mua,mua,mua,mua,mua,mua,mua,mua,mua,good
u2,UnitRefine,mouse2b_imec0,548,mua,good,good,mua,mua,mua,mua,mua,mua,mua,mua,mua,mua,mua,mua,mua,mua,mua
u2,UnitRefine,mouse2b_imec0,549,mua,mua,mua,mua,mua,mua,mua,mua,mua,mua,mua,mua,mua,mua,mua,mua,mua,mua
u2,UnitRefine,mouse2b_imec0,552,mua,mua,mua,mua,mua,mua,mua,mua,mua,mua,mua,mua,mua,mua,mua,mua,mua,mua
u2,UnitRefine,mouse2b_imec0,553,mua,good,good,good,good,good,good,good,good,good,good,good,good,good,good,good,good,good
u2,UnitRefine,mouse2b_imec0,554,noise,noise,noise,mua,noise,noise,noise,mua,mua,mua,mua,mua,mua,mua,mua,mua,mua,mua
u2,UnitRefine,mouse2b_imec0,555,mua,mua,mua,mua,mua,mua,mua,mua,mua,mua,mua,mua,mua,mua,mua,mua,mua,mua
u2,UnitRefine,mouse2b_imec0,557,mua,mua,mua,mua,mua,mua,mua,mua,mua,mua,mua,mua,mua,mua,mua,mua,mua,mua
u2,UnitRefine,mouse2b_imec0,558,noise,noise,noise,mua,noise,noise,noise,noise,mua,noise,noise,noise,noise,noise,noise,noise,noise,noise
u2,UnitRefine,mouse2b_imec0,560,mua,mua,mua,mua,mua,mua,mua,mua,mua,mua,mua,mua,mua,mua,mua,good,mua,mua
u2,UnitRefine,mouse2b_imec0,561,noise,mua,mua,mua,mua,mua,mua,mua,mua,mua,mua,mua,mua,mua,mua,mua,mua,mua
u2,UnitRefine,mouse2b_imec0,562,good,mua,mua,mua,mua,mua,mua,mua,mua,mua,mua,mua,mua,mua,mua,noise,mua,mua
u2,UnitRefine,mouse2b_imec0,563,mua,mua,mua,mua,mua,mua,mua,mua,mua,mua,mua,mua,mua,mua,mua,mua,mua,mua
u2,UnitRefine,mouse2b_imec0,564,good,mua,mua,mua,mua,mua,mua,mua,mua,mua,mua,mua,mua,mua,mua,mua,mua,mua
u2,UnitRefine,mouse2b_imec0,565,good,mua,mua,mua,mua,mua,mua,mua,mua,mua,mua,mua,mua,mua,mua,mua,mua,mua
u2,UnitRefine,mouse2b_imec0,566,mua,mua,mua,mua,mua,mua,mua,mua,mua,mua,mua,mua,mua,mua,mua,mua,mua,mua
u2,UnitRefine,mouse2b_imec0,568,mua,good,good,good,good,good,good,good,good,good,good,good,good,good,good,good,good,good
u2,UnitRefine,mouse2b_imec0,573,good,good,good,good,good,good,good,good,good,good,good,good,good,good,good,good,good,good
u2,UnitRefine,mouse2b_imec0,574,good,good,good,good,good,good,good,good,good,good,good,good,mua,mua,good,good,good,mua
u2,UnitRefine,mouse2b_imec0,575,mua,mua,mua,mua,mua,mua,mua,mua,mua,mua,mua,mua,mua,mua,mua,mua,mua,mua
u2,UnitRefine,mouse2b_imec0,576,good,mua,mua,mua,mua,mua,mua,mua,mua,mua,mua,mua,good,good,good,good,good,good
u2,UnitRefine,mouse2b_imec0,577,mua,good,good,good,good,mua,good,good,good,good,mua,good,good,good,good,good,good,good
u2,UnitRefine,mouse2b_imec0,579,mua,mua,mua,mua,mua,mua,mua,mua,mua,mua,mua,mua,mua,mua,mua,mua,mua,mua
u2,UnitRefine,mouse2b_imec0,580,good,good,good,good,good,good,good,good,good,good,good,good,good,good,good,good,good,good
u2,UnitRefine,mouse2b_imec0,581,good,good,good,good,good,mua,good,good,good,good,mua,good,good,good,good,good,good,good
u2,UnitRefine,mouse2b_imec0,582,good,good,good,good,good,good,good,good,good,good,good,good,good,good,good,good,good,good
u2,UnitRefine,mouse2b_imec0,583,noise,mua,mua,mua,mua,mua,mua,mua,mua,mua,mua,mua,mua,mua,mua,mua,mua,mua
u2,UnitRefine,mouse2b_imec0,584,noise,mua,mua,mua,mua,mua,mua,mua,mua,mua,mua,mua,mua,mua,mua,mua,mua,mua
u2,UnitRefine,mouse2b_imec0,585,noise,noise,noise,mua,noise,noise,noise,noise,mua,noise,mua,noise,noise,mua,noise,mua,noise,noise
u2,UnitRefine,mouse2b_imec0,587,good,good,good,good,good,good,good,good,good,good,good,good,good,good,good,good,good,good
u2,UnitRefine,mouse2b_imec0,590,mua,mua,mua,mua,mua,noise,mua,mua,mua,mua,mua,mua,mua,mua,mua,mua,mua,mua
u2,UnitRefine,mouse2b_imec0,591,noise,noise,noise,noise,noise,noise,noise,noise,noise,noise,noise,noise,noise,mua,noise,noise,noise,mua
u2,UnitRefine,mouse2b_imec0,592,mua,mua,mua,mua,mua,mua,mua,mua,mua,mua,mua,mua,good,mua,mua,mua,mua,mua
u2,UnitRefine,mouse2b_imec0,593,mua,good,mua,mua,mua,mua,mua,mua,mua,mua,mua,mua,mua,mua,mua,mua,mua,mua
u2,UnitRefine,mouse2b_imec0,594,good,good,mua,mua,good,mua,mua,good,mua,good,mua,good,good,good,good,good,good,good
u2,UnitRefine,mouse2b_imec0,596,mua,mua,mua,mua,mua,mua,mua,mua,mua,mua,mua,mua,mua,mua,mua,mua,mua,mua
u2,UnitRefine,mouse2b_imec0,597,good,good,good,good,good,good,good,good,good,good,good,good,good,good,good,good,good,good
u2,UnitRefine,mouse2b_imec0,598,good,good,good,good,good,good,good,good,good,good,good,good,good,good,good,good,good,good
u2,UnitRefine,mouse2b_imec0,599,mua,mua,mua,mua,mua,mua,mua,mua,mua,mua,mua,mua,mua,mua,mua,mua,mua,good
u2,UnitRefine,mouse2b_imec0,600,mua,mua,mua,mua,mua,mua,mua,mua,mua,mua,mua,mua,mua,mua,mua,mua,mua,good
u2,UnitRefine,mouse2b_imec0,602,mua,mua,mua,mua,mua,mua,mua,mua,mua,mua,mua,mua,mua,mua,mua,noise,mua,mua
u2,UnitRefine,mouse2b_imec0,603,good,good,mua,mua,mua,mua,mua,mua,mua,mua,mua,mua,good,good,good,good,good,good
u2,UnitRefine,mouse2b_imec0,604,good,mua,mua,mua,mua,mua,mua,mua,mua,mua,mua,mua,mua,mua,mua,mua,mua,mua
u2,UnitRefine,mouse2b_imec0,605,good,good,good,good,good,mua,good,good,good,good,mua,good,good,good,good,good,good,good
u2,UnitRefine,mouse2b_imec0,606,noise,mua,mua,mua,mua,mua,mua,mua,mua,mua,mua,mua,mua,mua,mua,mua,mua,mua
u2,UnitRefine,mouse2b_imec0,608,mua,mua,mua,mua,mua,good,mua,mua,mua,mua,good,mua,mua,mua,mua,mua,mua,mua
u2,UnitRefine,mouse2b_imec0,609,mua,good,good,mua,good,good,good,good,mua,good,mua,good,good,mua,good,good,good,good
u2,UnitRefine,mouse2b_imec0,612,good,good,good,mua,good,good,good,good,mua,good,good,good,good,good,good,good,good,good
u2,UnitRefine,mouse2b_imec0,613,good,good,good,mua,good,good,good,good,good,good,good,good,good,good,good,good,good,good
u2,UnitRefine,mouse2b_imec0,614,mua,mua,mua,mua,mua,mua,mua,mua,mua,mua,mua,mua,mua,mua,mua,mua,mua,mua
u2,UnitRefine,mouse2b_imec0,615,noise,mua,mua,mua,mua,mua,mua,mua,mua,mua,mua,mua,mua,mua,mua,mua,mua,mua
u2,UnitRefine,mouse2b_imec0,616,mua,mua,mua,mua,mua,mua,mua,mua,mua,mua,mua,mua,mua,mua,mua,mua,mua,mua
u2,UnitRefine,mouse2b_imec0,617,mua,mua,mua,mua,mua,mua,mua,mua,mua,mua,mua,mua,mua,mua,mua,mua,mua,mua
u2,UnitRefine,mouse2b_imec0,618,mua,mua,mua,mua,mua,mua,mua,mua,mua,mua,mua,mua,mua,mua,mua,mua,mua,mua
u2,UnitRefine,mouse2b_imec0,619,mua,mua,mua,mua,mua,mua,mua,mua,mua,mua,mua,mua,mua,mua,mua,mua,mua,mua
u2,UnitRefine,mouse2b_imec0,620,noise,mua,mua,mua,mua,mua,mua,mua,mua,mua,mua,mua,mua,mua,mua,mua,mua,mua
u2,UnitRefine,mouse2b_imec0,624,mua,mua,mua,mua,mua,mua,mua,mua,mua,mua,mua,mua,mua,mua,mua,mua,mua,mua
u2,UnitRefine,mouse2b_imec0,625,good,good,good,good,good,good,good,good,good,good,good,good,good,good,good,good,good,good
u2,UnitRefine,mouse2b_imec0,626,mua,mua,mua,mua,good,mua,mua,mua,mua,good,mua,mua,mua,mua,mua,mua,mua,good
u2,UnitRefine,mouse2b_imec0,627,mua,good,good,good,good,good,good,good,mua,good,good,good,mua,mua,mua,mua,mua,mua
u2,UnitRefine,mouse2b_imec0,628,good,good,good,good,good,good,good,good,good,good,good,good,good,good,good,good,good,good
u2,UnitRefine,mouse2b_imec0,629,mua,mua,mua,mua,mua,mua,mua,mua,mua,mua,mua,mua,mua,mua,mua,mua,mua,mua
u2,UnitRefine,mouse2b_imec0,631,mua,good,good,good,good,good,good,good,mua,good,good,good,good,mua,good,good,good,good
u2,UnitRefine,mouse2b_imec0,632,good,mua,mua,mua,good,mua,good,mua,mua,good,mua,good,mua,mua,good,good,good,mua
u2,UnitRefine,mouse2b_imec0,634,mua,mua,mua,mua,mua,mua,mua,mua,mua,mua,mua,mua,mua,mua,mua,mua,mua,mua
u2,UnitRefine,mouse2b_imec0,636,good,mua,mua,mua,mua,mua,mua,mua,mua,mua,mua,mua,mua,mua,mua,mua,mua,mua
u2,UnitRefine,mouse2b_imec0,637,good,good,good,good,good,good,good,good,good,good,good,good,good,good,good,good,good,good
u2,UnitRefine,mouse2b_imec0,639,mua,mua,mua,mua,mua,good,mua,mua,mua,mua,good,mua,mua,mua,mua,mua,mua,mua
u2,UnitRefine,mouse2b_imec0,640,mua,noise,noise,mua,mua,mua,mua,noise,mua,noise,mua,mua,mua,mua,noise,mua,noise,noise
u2,UnitRefine,mouse2b_imec0,641,noise,mua,mua,mua,mua,mua,mua,mua,mua,mua,mua,mua,mua,mua,mua,mua,mua,mua
u2,UnitRefine,mouse2b_imec0,645,good,mua,mua,mua,mua,mua,mua,mua,mua,mua,mua,mua,mua,mua,mua,mua,mua,mua
u2,UnitRefine,mouse2b_imec0,646,good,good,good,good,good,mua,good,good,good,good,mua,good,good,good,good,good,good,good
u2,UnitRefine,mouse2b_imec0,647,good,good,good,good,good,good,good,good,good,good,good,good,mua,mua,good,good,good,mua
u2,UnitRefine,mouse2b_imec0,649,good,mua,mua,mua,mua,mua,mua,mua,mua,mua,mua,mua,mua,mua,mua,mua,mua,mua
u2,UnitRefine,mouse2b_imec0,650,good,good,good,good,good,good,good,good,good,good,good,good,good,good,good,good,good,good
u2,UnitRefine,mouse2b_imec0,651,good,good,good,good,good,good,good,good,good,good,good,good,good,good,good,good,good,good
u2,UnitRefine,mouse2b_imec0,656,good,mua,mua,mua,good,mua,good,mua,mua,good,mua,good,good,good,good,good,good,good
u2,UnitRefine,mouse2b_imec0,658,mua,mua,mua,mua,mua,mua,mua,mua,mua,mua,mua,mua,mua,mua,mua,mua,mua,mua
u2,UnitRefine,mouse2b_imec0,660,mua,mua,mua,mua,mua,mua,mua,good,mua,good,mua,good,mua,mua,mua,mua,mua,good
u2,UnitRefine,mouse2b_imec0,661,mua,mua,mua,mua,mua,mua,mua,mua,mua,mua,mua,mua,mua,mua,mua,mua,mua,mua
u2,UnitRefine,mouse2b_imec0,662,mua,mua,mua,mua,mua,mua,mua,mua,mua,good,mua,mua,good,good,good,mua,good,good
u2,UnitRefine,mouse2b_imec0,663,good,good,good,good,good,good,good,good,good,good,good,good,good,good,good,good,good,good
u2,UnitRefine,mouse2b_imec0,665,noise,noise,noise,noise,noise,noise,noise,noise,noise,noise,noise,noise,mua,mua,mua,mua,mua,mua
u2,UnitRefine,mouse2b_imec0,666,good,good,good,good,good,mua,good,good,good,good,mua,good,good,mua,good,mua,good,good
u2,UnitRefine,mouse2b_imec0,667,good,good,good,good,good,mua,good,good,good,good,good,good,good,mua,good,mua,good,good
u2,UnitRefine,mouse2b_imec0,669,noise,noise,noise,mua,noise,noise,noise,noise,noise,noise,noise,noise,noise,noise,noise,noise,noise,noise
u2,UnitRefine,mouse2b_imec0,670,good,good,good,good,good,mua,good,good,good,good,noise,good,good,good,good,good,good,good
u2,UnitRefine,mouse2b_imec0,671,mua,mua,mua,mua,mua,mua,mua,mua,mua,mua,mua,mua,mua,mua,mua,good,mua,mua
u2,UnitRefine,mouse2b_imec0,672,good,good,good,good,good,good,good,good,good,good,good,good,good,good,good,good,good,good
u2,UnitRefine,mouse2b_imec0,674,good,mua,mua,mua,mua,good,mua,mua,mua,mua,mua,mua,good,good,good,good,good,good
u2,UnitRefine,mouse2b_imec0,675,good,mua,mua,mua,good,mua,good,mua,mua,good,mua,mua,good,mua,good,mua,good,good
u2,UnitRefine,mouse2b_imec0,677,mua,mua,mua,mua,mua,mua,mua,mua,mua,mua,mua,mua,mua,mua,mua,mua,mua,mua
u2,UnitRefine,mouse2b_imec0,681,good,good,good,good,good,good,good,good,good,good,good,good,good,good,good,good,good,good
u2,UnitRefine,mouse2b_imec0,684,good,mua,mua,mua,mua,good,mua,mua,mua,mua,good,mua,mua,mua,mua,good,mua,mua
u2,UnitRefine,mouse2b_imec0,686,good,good,good,mua,good,good,good,good,mua,good,good,good,mua,mua,mua,mua,mua,mua
u2,UnitRefine,mouse2b_imec0,689,good,mua,mua,mua,mua,good,mua,mua,mua,mua,mua,mua,mua,mua,mua,good,mua,mua
u2,UnitRefine,mouse2b_imec0,690,good,good,good,good,good,good,good,good,good,good,good,good,good,good,good,good,good,good
u2,UnitRefine,mouse2b_imec0,691,good,good,good,good,good,good,good,good,good,good,good,good,good,good,good,good,good,good
u2,UnitRefine,mouse2b_imec0,692,mua,mua,mua,mua,mua,good,mua,mua,mua,mua,good,mua,mua,mua,mua,mua,mua,mua
u2,UnitRefine,mouse2b_imec0,693,good,mua,mua,mua,mua,good,mua,mua,mua,mua,good,mua,mua,mua,mua,good,mua,mua
u2,UnitRefine,mouse2b_imec0,694,good,good,good,good,good,good,good,mua,mua,mua,good,good,mua,mua,mua,mua,mua,mua
u2,UnitRefine,mouse2b_imec0,695,mua,mua,mua,mua,mua,mua,mua,mua,mua,mua,mua,mua,mua,mua,mua,mua,mua,mua
u2,UnitRefine,mouse2b_imec0,696,mua,mua,mua,mua,mua,mua,mua,mua,mua,mua,mua,mua,mua,mua,mua,mua,mua,mua
u2,UnitRefine,mouse2b_imec0,697,noise,mua,mua,mua,mua,mua,mua,mua,mua,mua,mua,mua,mua,mua,mua,mua,mua,mua
u2,UnitRefine,mouse2b_imec0,698,mua,mua,mua,mua,mua,mua,mua,mua,mua,mua,mua,mua,mua,mua,mua,mua,mua,mua
u2,UnitRefine,mouse2b_imec0,700,mua,mua,mua,mua,mua,mua,mua,mua,mua,mua,good,mua,mua,mua,mua,mua,mua,mua
u2,UnitRefine,mouse2b_imec0,701,mua,good,mua,mua,good,good,good,mua,mua,mua,mua,mua,mua,mua,mua,good,mua,mua
u2,UnitRefine,mouse2b_imec0,702,good,good,good,good,good,good,good,good,good,good,good,good,good,good,good,good,good,good
u2,UnitRefine,mouse2b_imec0,703,good,mua,mua,mua,mua,mua,mua,mua,mua,good,mua,good,mua,mua,mua,good,good,mua
u2,UnitRefine,mouse2b_imec0,704,good,mua,mua,mua,good,good,good,good,mua,good,mua,good,good,mua,good,good,good,good
u2,UnitRefine,mouse2b_imec0,705,mua,mua,mua,mua,mua,mua,mua,mua,mua,mua,mua,mua,mua,mua,mua,mua,mua,mua
u2,UnitRefine,mouse2b_imec0,706,noise,noise,noise,noise,noise,noise,noise,noise,noise,noise,noise,noise,noise,noise,noise,noise,noise,noise
u2,UnitRefine,mouse2b_imec0,707,good,good,good,good,good,good,good,good,good,good,good,good,good,good,good,good,good,good
u2,UnitRefine,mouse2b_imec0,708,good,mua,good,good,good,good,good,good,good,good,mua,good,good,good,good,mua,good,good
u2,UnitRefine,mouse2b_imec0,709,good,good,good,mua,good,good,good,good,good,good,good,good,good,good,good,good,good,good
u2,UnitRefine,mouse2b_imec0,710,good,good,good,good,good,good,good,good,good,good,good,good,good,mua,good,good,good,good
u2,UnitRefine,mouse2b_imec0,711,mua,mua,mua,mua,mua,good,mua,mua,mua,mua,good,mua,mua,mua,mua,mua,mua,mua
u2,UnitRefine,mouse2b_imec0,712,good,good,good,good,good,good,good,good,good,good,good,good,good,good,good,good,good,good
u2,UnitRefine,mouse2b_imec0,713,good,mua,mua,mua,mua,mua,mua,mua,mua,mua,mua,mua,mua,mua,mua,mua,mua,mua
u2,UnitRefine,mouse2b_imec0,714,good,good,good,good,good,good,good,good,good,good,good,good,good,good,good,mua,good,good
u2,UnitRefine,mouse2b_imec0,715,mua,mua,mua,mua,mua,good,mua,mua,mua,mua,mua,mua,mua,mua,mua,mua,mua,mua
u2,UnitRefine,mouse2b_imec0,716,mua,mua,mua,mua,mua,good,mua,mua,mua,mua,mua,mua,mua,mua,mua,mua,mua,mua
u2,UnitRefine,mouse2b_imec0,717,mua,mua,mua,mua,good,good,good,mua,mua,good,good,good,mua,mua,mua,good,mua,mua
u2,UnitRefine,mouse2b_imec0,718,mua,mua,mua,mua,mua,mua,mua,mua,mua,mua,mua,mua,mua,mua,mua,mua,mua,mua
u2,UnitRefine,mouse2b_imec0,720,mua,good,good,good,good,good,good,good,good,good,good,good,good,good,good,mua,good,good
u2,UnitRefine,mouse2b_imec0,721,good,good,good,good,good,good,good,good,good,good,good,good,good,mua,good,mua,good,mua
u4,UnitRefine,mouse3a_imec0,0,mua,mua,mua,mua,mua,mua,mua,mua,mua,mua,mua,mua,mua,mua,mua,mua,mua,mua
u4,UnitRefine,mouse3a_imec0,1,noise,noise,noise,noise,noise,noise,noise,noise,noise,noise,noise,noise,noise,mua,noise,noise,noise,mua
u4,UnitRefine,mouse3a_imec0,2,mua,noise,noise,noise,mua,mua,mua,noise,mua,noise,mua,noise,noise,mua,mua,mua,mua,noise
u4,UnitRefine,mouse3a_imec0,3,noise,mua,mua,mua,mua,mua,mua,mua,mua,mua,mua,mua,mua,mua,mua,mua,mua,mua
u4,UnitRefine,mouse3a_imec0,4,mua,mua,mua,mua,noise,mua,mua,mua,mua,mua,mua,mua,mua,mua,mua,mua,mua,mua
u4,UnitRefine,mouse3a_imec0,5,noise,noise,noise,mua,noise,mua,noise,noise,mua,mua,noise,mua,mua,mua,noise,noise,noise,noise
u4,UnitRefine,mouse3a_imec0,6,good,good,mua,mua,good,good,good,mua,mua,mua,mua,mua,mua,mua,mua,mua,mua,mua
u4,UnitRefine,mouse3a_imec0,7,good,mua,mua,mua,mua,mua,mua,mua,mua,mua,mua,mua,mua,mua,mua,mua,mua,mua
u4,UnitRefine,mouse3a_imec0,8,noise,noise,noise,noise,noise,good,noise,noise,noise,noise,noise,noise,noise,noise,noise,noise,noise,noise
u4,UnitRefine,mouse3a_imec0,9,mua,mua,mua,mua,mua,mua,mua,mua,mua,mua,mua,mua,mua,mua,mua,mua,mua,mua
u4,UnitRefine,mouse3a_imec0,10,mua,mua,mua,mua,mua,mua,mua,mua,mua,mua,mua,mua,mua,mua,mua,mua,mua,mua
u4,UnitRefine,mouse3a_imec0,11,good,mua,good,good,good,good,good,good,good,good,good,good,mua,good,good,good,good,good
u4,UnitRefine,mouse3a_imec0,12,mua,mua,mua,mua,mua,mua,mua,mua,mua,mua,mua,mua,mua,mua,mua,mua,mua,mua
u4,UnitRefine,mouse3a_imec0,13,mua,mua,mua,mua,mua,mua,mua,mua,mua,mua,mua,mua,mua,mua,mua,mua,mua,mua
u4,UnitRefine,mouse3a_imec0,14,good,good,good,good,good,good,good,good,good,good,good,good,good,good,good,good,good,good
u4,UnitRefine,mouse3a_imec0,15,mua,noise,noise,mua,noise,mua,noise,noise,noise,noise,noise,noise,noise,noise,noise,noise,noise,noise
u4,UnitRefine,mouse3a_imec0,17,noise,noise,noise,noise,noise,noise,noise,noise,noise,noise,noise,noise,noise,mua,noise,noise,noise,noise
u4,UnitRefine,mouse3a_imec0,19,noise,noise,noise,noise,noise,mua,noise,noise,noise,noise,noise,noise,noise,noise,noise,noise,noise,noise
u4,UnitRefine,mouse3a_imec0,20,noise,noise,noise,noise,noise,mua,noise,noise,mua,noise,noise,noise,noise,mua,noise,mua,noise,noise
u4,UnitRefine,mouse3a_imec0,21,mua,good,mua,mua,good,good,good,mua,mua,mua,mua,mua,mua,mua,mua,mua,mua,mua
u4,UnitRefine,mouse3a_imec0,22,noise,noise,noise,noise,noise,mua,noise,noise,noise,noise,noise,noise,noise,noise,noise,noise,noise,noise
u4,UnitRefine,mouse3a_imec0,23,noise,noise,noise,noise,noise,mua,noise,noise,noise,noise,noise,noise,noise,noise,noise,noise,noise,noise
u4,UnitRefine,mouse3a_imec0,24,noise,noise,noise,noise,noise,noise,noise,noise,mua,noise,noise,noise,noise,mua,noise,noise,noise,mua
u4,UnitRefine,mouse3a_imec0,25,noise,noise,noise,noise,noise,noise,noise,noise,noise,noise,noise,noise,noise,noise,noise,noise,noise,noise
u4,UnitRefine,mouse3a_imec0,26,noise,noise,noise,noise,noise,noise,noise,noise,noise,noise,noise,noise,noise,noise,noise,noise,noise,noise
u4,UnitRefine,mouse3a_imec0,27,good,good,good,good,good,good,good,good,mua,good,good,good,good,good,good,good,good,good
u4,UnitRefine,mouse3a_imec0,28,good,good,good,good,good,good,good,good,good,good,good,good,good,good,good,good,good,good
u4,UnitRefine,mouse3a_imec0,29,good,good,good,good,good,good,good,mua,mua,mua,good,mua,good,mua,mua,mua,mua,mua
u4,UnitRefine,mouse3a_imec0,30,mua,noise,noise,noise,noise,noise,noise,noise,noise,noise,noise,noise,noise,noise,noise,noise,noise,noise
u4,UnitRefine,mouse3a_imec0,31,mua,mua,mua,mua,mua,mua,mua,mua,mua,mua,good,mua,mua,mua,mua,mua,mua,noise
u4,UnitRefine,mouse3a_imec0,32,mua,mua,mua,mua,noise,noise,noise,mua,mua,mua,mua,mua,mua,mua,mua,noise,mua,noise
u4,UnitRefine,mouse3a_imec0,33,mua,noise,noise,mua,noise,mua,noise,noise,noise,noise,mua,noise,noise,noise,noise,noise,noise,noise
u4,UnitRefine,mouse3a_imec0,34,noise,noise,noise,noise,noise,noise,noise,noise,noise,noise,noise,noise,noise,noise,noise,noise,noise,noise
u4,UnitRefine,mouse3a_imec0,35,mua,mua,mua,mua,mua,mua,mua,mua,mua,mua,mua,mua,mua,mua,mua,mua,mua,mua
u4,UnitRefine,mouse3a_imec0,36,good,good,good,good,good,good,good,good,good,good,good,good,good,mua,good,good,good,mua
u4,UnitRefine,mouse3a_imec0,37,mua,noise,noise,noise,mua,mua,noise,noise,mua,mua,noise,mua,mua,mua,mua,mua,mua,mua
u4,UnitRefine,mouse3a_imec0,38,noise,noise,noise,noise,noise,noise,noise,noise,noise,noise,noise,noise,noise,noise,noise,noise,noise,noise
u4,UnitRefine,mouse3a_imec0,39,mua,noise,noise,noise,noise,noise,noise,noise,noise,noise,noise,noise,noise,noise,noise,noise,noise,noise
u4,UnitRefine,mouse3a_imec0,40,mua,noise,noise,noise,noise,mua,noise,noise,noise,noise,mua,noise,noise,noise,noise,noise,noise,noise
u4,UnitRefine,mouse3a_imec0,42,good,good,good,good,good,good,good,good,mua,good,good,good,mua,mua,mua,mua,mua,mua
u4,UnitRefine,mouse3a_imec0,43,mua,mua,mua,mua,mua,mua,mua,mua,mua,mua,mua,mua,mua,mua,mua,mua,mua,mua
u4,UnitRefine,mouse3a_imec0,44,noise,noise,noise,noise,noise,mua,noise,noise,noise,noise,mua,noise,mua,mua,mua,mua,mua,mua
u4,UnitRefine,mouse3a_imec0,45,good,good,good,good,good,good,good,good,mua,good,good,good,good,mua,good,good,good,good
u4,UnitRefine,mouse3a_imec0,46,good,good,good,good,good,good,good,good,good,good,good,good,good,good,good,good,good,good
u4,UnitRefine,mouse3a_imec0,47,mua,noise,noise,noise,noise,noise,noise,noise,noise,noise,noise,noise,noise,noise,noise,noise,noise,noise
u4,UnitRefine,mouse3a_imec0,48,noise,noise,noise,mua,noise,noise,noise,noise,mua,mua,noise,noise,noise,noise,noise,noise,noise,noise
u4,UnitRefine,mouse3a_imec0,49,noise,noise,noise,noise,noise,noise,noise,noise,noise,noise,noise,noise,noise,noise,noise,noise,noise,noise
u4,UnitRefine,mouse3a_imec0,52,noise,noise,mua,mua,mua,mua,mua,mua,mua,mua,noise,mua,noise,mua,mua,mua,mua,noise
u4,UnitRefine,mouse3a_imec0,53,noise,noise,noise,noise,noise,noise,noise,noise,noise,noise,noise,noise,noise,noise,noise,noise,noise,noise
u4,UnitRefine,mouse3a_imec0,54,noise,noise,noise,noise,noise,noise,noise,noise,noise,noise,noise,noise,noise,noise,noise,noise,noise,noise
u4,UnitRefine,mouse3a_imec0,55,noise,noise,noise,noise,noise,noise,noise,noise,noise,noise,noise,noise,noise,noise,noise,noise,noise,noise
u4,UnitRefine,mouse3a_imec0,56,mua,mua,mua,mua,mua,mua,mua,mua,mua,mua,mua,mua,mua,mua,mua,mua,mua,mua
u4,UnitRefine,mouse3a_imec0,57,noise,noise,noise,noise,noise,noise,noise,noise,noise,noise,noise,noise,noise,noise,noise,noise,noise,noise
u4,UnitRefine,mouse3a_imec0,58,mua,mua,mua,mua,noise,noise,noise,mua,mua,mua,noise,mua,noise,noise,noise,noise,noise,noise
u4,UnitRefine,mouse3a_imec0,59,noise,noise,noise,mua,noise,noise,noise,noise,noise,noise,noise,noise,noise,noise,noise,noise,noise,noise
u4,UnitRefine,mouse3a_imec0,60,mua,mua,mua,mua,noise,noise,mua,mua,mua,noise,noise,noise,noise,noise,noise,noise,noise,noise
u4,UnitRefine,mouse3a_imec0,61,mua,noise,noise,noise,noise,noise,noise,noise,noise,noise,noise,noise,noise,noise,noise,noise,noise,noise
u4,UnitRefine,mouse3a_imec0,62,noise,noise,noise,noise,noise,good,noise,noise,noise,noise,noise,noise,noise,noise,noise,noise,noise,noise
u4,UnitRefine,mouse3a_imec0,63,mua,mua,mua,mua,mua,noise,mua,mua,mua,mua,mua,mua,mua,mua,mua,mua,mua,mua
u4,UnitRefine,mouse3a_imec0,64,noise,noise,noise,noise,noise,mua,noise,noise,noise,noise,noise,noise,noise,noise,noise,noise,noise,noise
u4,UnitRefine,mouse3a_imec0,65,noise,noise,noise,noise,noise,noise,noise,noise,noise,noise,noise,noise,noise,noise,noise,noise,noise,noise
u4,UnitRefine,mouse3a_imec0,66,noise,good,good,good,good,noise,good,good,mua,noise,mua,noise,good,good,good,good,good,good
u4,UnitRefine,mouse3a_imec0,67,noise,noise,noise,noise,noise,noise,noise,noise,noise,noise,noise,noise,noise,noise,noise,noise,noise,noise
u4,UnitRefine,mouse3a_imec0,68,mua,good,good,good,good,good,good,good,good,good,good,good,good,good,good,good,good,good
u4,UnitRefine,mouse3a_imec0,69,mua,noise,noise,mua,noise,mua,mua,noise,mua,mua,mua,mua,mua,mua,mua,good,mua,good
u4,UnitRefine,mouse3a_imec0,70,noise,noise,noise,noise,noise,noise,noise,noise,noise,noise,noise,noise,noise,noise,noise,noise,noise,noise
u4,UnitRefine,mouse3a_imec0,71,noise,good,good,good,good,good,good,good,good,good,good,good,good,good,good,good,good,good
u4,UnitRefine,mouse3a_imec0,72,good,good,good,good,good,good,good,good,good,good,good,good,good,good,good,good,good,good
u4,UnitRefine,mouse3a_imec0,73,noise,noise,noise,mua,noise,mua,noise,noise,noise,noise,noise,noise,noise,noise,noise,noise,noise,noise
u4,UnitRefine,mouse3a_imec0,74,mua,noise,noise,mua,noise,mua,noise,noise,mua,noise,noise,noise,noise,mua,noise,noise,noise,noise
u4,UnitRefine,mouse3a_imec0,75,noise,noise,noise,noise,noise,noise,noise,noise,noise,noise,noise,noise,noise,noise,noise,noise,noise,noise
u4,UnitRefine,mouse3a_imec0,76,good,mua,mua,mua,good,good,good,good,good,good,good,good,good,good,good,good,good,good
u4,UnitRefine,mouse3a_imec0,77,mua,good,mua,mua,good,good,good,mua,good,good,good,good,good,good,good,good,good,good
u4,UnitRefine,mouse3a_imec0,78,good,mua,mua,mua,mua,mua,mua,mua,mua,mua,mua,mua,mua,mua,mua,mua,mua,mua
u4,UnitRefine,mouse3a_imec0,79,mua,mua,mua,mua,mua,mua,mua,mua,mua,mua,mua,mua,mua,mua,mua,mua,mua,mua
u4,UnitRefine,mouse3a_imec0,81,noise,noise,noise,noise,noise,noise,noise,noise,noise,noise,noise,noise,noise,mua,noise,noise,noise,mua
u4,UnitRefine,mouse3a_imec0,82,good,noise,noise,mua,noise,mua,noise,noise,mua,noise,mua,noise,mua,mua,noise,mua,mua,mua
u4,UnitRefine,mouse3a_imec0,83,mua,mua,mua,mua,mua,mua,mua,mua,mua,mua,mua,mua,mua,mua,mua,mua,mua,mua
u4,UnitRefine,mouse3a_imec0,84,good,good,good,good,good,good,good,good,good,good,good,good,good,good,good,good,good,good
u4,UnitRefine,mouse3a_imec0,85,good,good,good,good,good,good,good,good,good,good,good,good,good,good,good,good,good,good
u4,UnitRefine,mouse3a_imec0,86,noise,noise,noise,noise,noise,noise,noise,noise,mua,noise,noise,noise,noise,noise,noise,noise,noise,noise
u4,UnitRefine,mouse3a_imec0,87,good,mua,mua,mua,mua,mua,mua,mua,mua,mua,mua,mua,mua,mua,mua,mua,mua,noise
u4,UnitRefine,mouse3a_imec0,88,noise,noise,noise,noise,noise,noise,noise,noise,noise,noise,noise,noise,noise,noise,noise,noise,noise,noise
u4,UnitRefine,mouse3a_imec0,89,mua,noise,mua,mua,noise,mua,mua,mua,mua,mua,mua,mua,mua,mua,mua,mua,mua,good
u4,UnitRefine,mouse3a_imec0,90,mua,noise,noise,noise,noise,mua,noise,noise,mua,noise,noise,noise,mua,mua,mua,mua,mua,noise
u4,UnitRefine,mouse3a_imec0,91,good,mua,mua,mua,mua,mua,mua,mua,mua,mua,mua,mua,mua,mua,mua,mua,mua,mua
u4,UnitRefine,mouse3a_imec0,92,good,mua,mua,mua,mua,mua,mua,mua,mua,mua,mua,mua,mua,mua,mua,mua,mua,mua
u4,UnitRefine,mouse3a_imec0,93,mua,noise,noise,noise,noise,mua,noise,noise,noise,noise,noise,noise,noise,noise,noise,noise,noise,noise
u4,UnitRefine,mouse3a_imec0,94,good,mua,mua,mua,good,mua,good,mua,mua,good,mua,good,good,mua,mua,mua,mua,good
u4,UnitRefine,mouse3a_imec0,95,mua,noise,noise,noise,noise,noise,noise,noise,noise,noise,noise,noise,noise,noise,noise,noise,noise,noise
u4,UnitRefine,mouse3a_imec0,99,mua,mua,mua,mua,mua,mua,mua,mua,mua,mua,mua,mua,mua,mua,mua,mua,mua,mua
u4,UnitRefine,mouse3a_imec0,100,mua,mua,mua,mua,good,mua,mua,mua,mua,good,mua,good,good,mua,good,good,good,good
u4,UnitRefine,mouse3a_imec0,101,mua,mua,mua,mua,mua,noise,mua,mua,mua,mua,noise,mua,mua,mua,mua,noise,mua,mua
u4,UnitRefine,mouse3a_imec0,102,mua,mua,mua,mua,mua,mua,mua,mua,mua,mua,mua,mua,mua,mua,mua,noise,mua,mua
u4,UnitRefine,mouse3a_imec0,103,noise,noise,noise,mua,noise,noise,noise,noise,noise,noise,noise,noise,noise,noise,noise,noise,noise,noise
u4,UnitRefine,mouse3a_imec0,104,mua,noise,mua,mua,noise,mua,mua,mua,mua,mua,mua,mua,mua,mua,mua,mua,mua,mua
u4,UnitRefine,mouse3a_imec0,105,noise,noise,noise,mua,noise,mua,noise,noise,noise,noise,noise,noise,noise,noise,noise,noise,noise,noise
u4,UnitRefine,mouse3a_imec0,106,mua,mua,mua,mua,mua,mua,mua,mua,mua,mua,mua,mua,mua,mua,mua,mua,mua,mua
u4,UnitRefine,mouse3a_imec0,107,good,mua,mua,mua,good,good,good,good,mua,good,good,good,good,good,good,mua,mua,good
u4,UnitRefine,mouse3a_imec0,108,mua,mua,mua,mua,mua,mua,mua,mua,mua,mua,mua,mua,mua,mua,mua,mua,mua,mua
u4,UnitRefine,mouse3a_imec0,109,noise,mua,mua,mua,mua,mua,mua,mua,mua,mua,mua,mua,mua,mua,mua,mua,mua,mua
u4,UnitRefine,mouse3a_imec0,110,good,good,good,good,good,good,good,good,good,good,good,good,good,good,good,good,good,good
u4,UnitRefine,mouse3a_imec0,111,good,mua,mua,mua,good,mua,mua,mua,mua,mua,good,mua,mua,mua,mua,mua,mua,good
u4,UnitRefine,mouse3a_imec0,112,good,mua,mua,mua,mua,mua,mua,mua,mua,mua,mua,mua,mua,mua,mua,mua,mua,mua
u4,UnitRefine,mouse3a_imec0,114,mua,mua,mua,mua,mua,mua,mua,mua,mua,mua,mua,mua,mua,mua,mua,mua,mua,mua
u4,UnitRefine,mouse3a_imec0,115,mua,mua,mua,mua,mua,mua,mua,mua,mua,mua,mua,mua,mua,mua,mua,mua,mua,mua
u4,UnitRefine,mouse3a_imec0,116,mua,mua,mua,mua,mua,mua,mua,mua,mua,mua,mua,mua,mua,mua,mua,mua,mua,mua
u4,UnitRefine,mouse3a_imec0,117,good,good,good,good,good,mua,good,good,good,good,mua,good,good,mua,good,good,good,good
u4,UnitRefine,mouse3a_imec0,118,good,good,good,mua,good,good,good,good,good,good,mua,good,good,good,good,good,good,good
u4,UnitRefine,mouse3a_imec0,119,good,mua,mua,mua,mua,mua,mua,mua,mua,mua,mua,mua,good,good,good,good,good,good
u4,UnitRefine,mouse3a_imec0,120,mua,mua,mua,mua,mua,mua,mua,mua,mua,mua,mua,mua,mua,mua,mua,mua,mua,mua
u4,UnitRefine,mouse3a_imec0,121,good,mua,mua,mua,mua,mua,mua,mua,mua,mua,good,mua,mua,mua,mua,mua,mua,mua
u4,UnitRefine,mouse3a_imec0,124,good,mua,mua,mua,mua,mua,mua,mua,mua,mua,mua,mua,mua,mua,mua,mua,mua,mua
u4,UnitRefine,mouse3a_imec0,125,good,mua,mua,mua,mua,good,mua,mua,mua,mua,mua,mua,mua,good,good,good,good,mua
u4,UnitRefine,mouse3a_imec0,126,mua,mua,mua,mua,mua,mua,mua,mua,mua,mua,mua,mua,mua,mua,mua,mua,mua,mua
u4,UnitRefine,mouse3a_imec0,127,mua,mua,mua,mua,mua,good,mua,mua,mua,mua,mua,mua,mua,mua,mua,mua,mua,good
u4,UnitRefine,mouse3a_imec0,128,good,good,good,good,good,mua,good,good,good,good,good,good,good,good,good,good,good,good
u4,UnitRefine,mouse3a_imec0,129,mua,mua,mua,mua,mua,mua,mua,mua,mua,mua,mua,mua,mua,mua,mua,mua,mua,mua
u4,UnitRefine,mouse3a_imec0,130,mua,mua,mua,mua,mua,mua,mua,mua,mua,mua,mua,mua,mua,mua,mua,mua,mua,mua
u4,UnitRefine,mouse3a_imec0,131,mua,mua,mua,mua,mua,mua,mua,mua,mua,mua,mua,mua,mua,mua,mua,mua,mua,mua
u4,UnitRefine,mouse3a_imec0,132,good,good,good,good,good,good,good,good,good,good,good,good,good,good,good,good,good,good
u4,UnitRefine,mouse3a_imec0,133,mua,mua,mua,mua,mua,mua,mua,mua,mua,mua,mua,mua,mua,mua,mua,mua,mua,mua
u4,UnitRefine,mouse3a_imec0,134,good,good,mua,mua,good,good,good,mua,mua,good,good,good,good,good,good,good,good,good
u4,UnitRefine,mouse3a_imec0,136,noise,noise,noise,noise,noise,noise,noise,noise,noise,noise,noise,noise,noise,noise,noise,noise,noise,noise
u4,UnitRefine,mouse3a_imec0,137,good,mua,mua,mua,mua,mua,mua,mua,mua,mua,mua,mua,mua,mua,mua,mua,mua,mua
u4,UnitRefine,mouse3a_imec0,138,mua,mua,mua,mua,mua,mua,mua,mua,mua,noise,mua,mua,mua,mua,mua,noise,mua,noise
u4,UnitRefine,mouse3a_imec0,139,mua,noise,noise,noise,noise,noise,noise,noise,noise,noise,noise,noise,noise,noise,noise,noise,noise,mua
u4,UnitRefine,mouse3a_imec0,141,good,mua,mua,mua,mua,mua,mua,mua,mua,mua,good,mua,mua,good,mua,mua,mua,good
u4,UnitRefine,mouse3a_imec0,142,good,good,mua,mua,mua,mua,mua,good,mua,good,good,good,good,good,good,good,good,good
u4,UnitRefine,mouse3a_imec0,143,good,mua,mua,mua,mua,mua,mua,mua,mua,mua,mua,mua,good,good,good,good,good,good
u4,UnitRefine,mouse3a_imec0,144,mua,mua,mua,mua,mua,mua,mua,mua,mua,mua,mua,mua,mua,mua,mua,mua,mua,mua
u4,UnitRefine,mouse3a_imec0,145,mua,mua,mua,mua,mua,mua,mua,mua,mua,mua,mua,mua,mua,mua,mua,mua,mua,mua
u4,UnitRefine,mouse3a_imec0,146,mua,mua,mua,mua,mua,mua,mua,mua,mua,mua,mua,mua,mua,mua,mua,mua,mua,mua
u4,UnitRefine,mouse3a_imec0,147,good,mua,mua,mua,mua,mua,mua,mua,mua,mua,mua,mua,mua,mua,mua,mua,mua,good
u4,UnitRefine,mouse3a_imec0,149,mua,mua,mua,mua,mua,mua,mua,mua,mua,mua,mua,mua,mua,mua,mua,mua,mua,mua
u4,UnitRefine,mouse3a_imec0,153,good,mua,mua,mua,mua,mua,mua,mua,mua,mua,mua,mua,mua,mua,mua,mua,mua,mua
u4,UnitRefine,mouse3a_imec0,154,good,good,good,good,good,good,good,good,good,good,good,good,good,good,good,good,good,good
u4,UnitRefine,mouse3a_imec0,155,mua,mua,mua,mua,mua,mua,mua,mua,mua,mua,mua,mua,mua,mua,mua,mua,mua,mua
u4,UnitRefine,mouse3a_imec0,156,good,mua,mua,mua,mua,mua,mua,mua,mua,mua,mua,mua,mua,mua,mua,mua,mua,mua
u4,UnitRefine,mouse3a_imec0,157,mua,mua,mua,mua,mua,mua,mua,mua,mua,mua,mua,mua,mua,mua,mua,mua,mua,mua
u4,UnitRefine,mouse3a_imec0,158,mua,mua,mua,mua,mua,mua,mua,mua,mua,mua,mua,mua,mua,mua,mua,mua,mua,good
u4,UnitRefine,mouse3a_imec0,159,good,mua,mua,mua,good,mua,good,good,mua,good,mua,good,good,good,good,good,good,good
u4,UnitRefine,mouse3a_imec0,160,good,mua,mua,mua,mua,mua,mua,mua,mua,mua,mua,mua,mua,mua,good,mua,mua,good
u4,UnitRefine,mouse3a_imec0,161,mua,good,mua,mua,good,good,good,good,good,good,good,good,good,good,good,good,good,good
u4,UnitRefine,mouse3a_imec0,162,good,mua,mua,mua,mua,mua,mua,mua,mua,mua,mua,mua,mua,mua,mua,mua,mua,mua
u4,UnitRefine,mouse3a_imec0,163,mua,mua,mua,mua,mua,mua,mua,mua,mua,mua,mua,mua,mua,mua,mua,mua,mua,mua
u4,UnitRefine,mouse3a_imec0,164,mua,mua,mua,mua,mua,mua,mua,mua,mua,mua,mua,mua,mua,mua,mua,mua,mua,mua
u4,UnitRefine,mouse3a_imec0,165,mua,good,mua,mua,good,mua,good,mua,mua,good,mua,good,mua,mua,good,mua,mua,good
u4,UnitRefine,mouse3a_imec0,166,good,mua,mua,mua,mua,mua,mua,mua,mua,mua,mua,mua,mua,mua,mua,mua,mua,mua
u4,UnitRefine,mouse3a_imec0,167,good,good,good,good,good,good,good,good,good,good,good,good,good,good,good,good,good,good
u4,UnitRefine,mouse3a_imec0,168,good,mua,mua,mua,mua,mua,mua,mua,mua,mua,mua,mua,mua,mua,mua,mua,mua,mua
u4,UnitRefine,mouse3a_imec0,169,mua,mua,mua,mua,mua,mua,mua,mua,mua,mua,mua,mua,mua,mua,mua,mua,mua,mua
u4,UnitRefine,mouse3a_imec0,170,good,good,good,good,good,mua,good,good,good,mua,mua,mua,good,good,good,good,good,good
u4,UnitRefine,mouse3a_imec0,171,good,good,good,good,good,good,good,good,good,good,good,good,good,good,good,good,good,good
u4,UnitRefine,mouse3a_imec0,172,good,good,good,good,good,good,good,good,good,good,good,good,good,good,good,good,good,good
u4,UnitRefine,mouse3a_imec0,173,mua,mua,mua,mua,mua,mua,mua,mua,mua,mua,mua,mua,mua,mua,mua,mua,mua,mua
u4,UnitRefine,mouse3a_imec0,174,good,good,good,good,good,good,good,good,good,good,good,good,good,good,good,good,good,good
u4,UnitRefine,mouse3a_imec0,175,good,good,good,mua,good,mua,mua,good,mua,mua,mua,mua,mua,mua,mua,mua,mua,good
u4,UnitRefine,mouse3a_imec0,176,good,good,good,good,good,good,good,good,good,good,good,good,good,good,good,good,good,good
u4,UnitRefine,mouse3a_imec0,177,good,good,good,good,good,mua,good,good,good,mua,mua,mua,mua,mua,mua,good,good,good
u4,UnitRefine,mouse3a_imec0,178,mua,mua,mua,mua,mua,mua,mua,mua,mua,mua,mua,mua,mua,mua,mua,mua,mua,mua
u4,UnitRefine,mouse3a_imec0,179,good,good,mua,mua,good,good,good,good,good,good,good,good,good,good,good,good,good,good
u4,UnitRefine,mouse3a_imec0,180,good,good,good,good,good,good,good,good,good,good,good,good,good,good,good,good,good,good
u4,UnitRefine,mouse3a_imec0,181,mua,mua,mua,mua,mua,mua,mua,mua,mua,mua,mua,mua,mua,mua,mua,mua,mua,mua
u4,UnitRefine,mouse3a_imec0,182,mua,mua,mua,mua,mua,mua,mua,mua,mua,mua,mua,mua,mua,mua,mua,mua,mua,mua
u4,UnitRefine,mouse3a_imec0,183,mua,mua,mua,mua,mua,mua,mua,mua,mua,mua,mua,mua,mua,mua,mua,mua,mua,mua
u4,UnitRefine,mouse3a_imec0,184,mua,mua,mua,mua,mua,noise,mua,mua,mua,mua,noise,mua,good,mua,good,good,good,good
u4,UnitRefine,mouse3a_imec0,185,mua,mua,mua,mua,mua,mua,mua,mua,mua,mua,mua,mua,good,good,good,good,good,good
u4,UnitRefine,mouse3a_imec0,186,good,mua,mua,mua,mua,mua,mua,mua,mua,mua,mua,mua,mua,mua,mua,mua,mua,mua
u4,UnitRefine,mouse3a_imec0,187,mua,mua,mua,mua,mua,mua,mua,mua,mua,mua,mua,mua,mua,mua,mua,mua,mua,mua
u4,UnitRefine,mouse3a_imec0,188,good,good,mua,mua,good,good,good,mua,mua,mua,mua,mua,mua,mua,mua,mua,mua,good
u4,UnitRefine,mouse3a_imec0,189,good,good,good,good,good,mua,good,mua,mua,mua,mua,mua,good,good,good,mua,mua,good
u4,UnitRefine,mouse3a_imec0,190,good,good,good,good,good,good,good,good,good,good,good,good,good,good,good,good,good,good
u4,UnitRefine,mouse3a_imec0,191,good,good,good,good,good,good,good,good,good,good,good,good,good,good,good,good,good,good
u4,UnitRefine,mouse3a_imec0,192,mua,mua,mua,mua,mua,mua,mua,mua,mua,mua,mua,mua,mua,mua,mua,mua,mua,mua
u4,UnitRefine,mouse3a_imec0,193,mua,mua,mua,mua,mua,mua,mua,mua,mua,mua,mua,mua,mua,mua,mua,mua,mua,mua
u4,UnitRefine,mouse3a_imec0,195,mua,noise,noise,mua,noise,noise,noise,mua,mua,mua,noise,mua,mua,mua,noise,noise,noise,noise
u4,UnitRefine,mouse3a_imec0,196,good,mua,mua,mua,good,mua,mua,mua,mua,good,mua,good,good,good,good,good,good,good
u4,UnitRefine,mouse3a_imec0,198,good,good,good,mua,mua,good,good,good,good,mua,good,mua,good,good,mua,mua,mua,good
u4,UnitRefine,mouse3a_imec0,199,good,mua,mua,mua,mua,mua,mua,mua,mua,mua,mua,mua,mua,good,mua,mua,mua,good
u4,UnitRefine,mouse3a_imec0,200,good,good,good,good,good,mua,good,good,good,good,mua,good,good,good,good,good,good,good
u4,UnitRefine,mouse3a_imec0,201,mua,mua,mua,mua,mua,mua,mua,mua,mua,mua,mua,mua,mua,mua,mua,mua,mua,mua
u4,UnitRefine,mouse3a_imec0,202,mua,mua,mua,mua,mua,mua,mua,mua,mua,mua,mua,mua,mua,mua,mua,mua,mua,mua
u4,UnitRefine,mouse3a_imec0,203,noise,mua,mua,mua,mua,mua,mua,mua,mua,good,mua,mua,good,mua,good,good,good,good
u4,UnitRefine,mouse3a_imec0,204,noise,noise,noise,noise,noise,noise,noise,noise,mua,noise,mua,noise,good,good,noise,mua,noise,good
u4,UnitRefine,mouse3a_imec0,206,mua,noise,noise,good,noise,noise,noise,noise,noise,noise,mua,noise,good,good,good,good,good,good
u4,UnitRefine,mouse3a_imec0,207,mua,mua,mua,mua,mua,mua,mua,mua,mua,mua,mua,mua,mua,mua,mua,mua,mua,mua
u4,UnitRefine,mouse3a_imec0,208,noise,mua,mua,mua,mua,mua,mua,mua,mua,mua,mua,mua,good,good,good,good,good,good
u4,UnitRefine,mouse3a_imec0,209,mua,mua,mua,mua,mua,mua,mua,mua,mua,mua,mua,mua,mua,mua,mua,mua,mua,mua
u4,UnitRefine,mouse3a_imec0,210,mua,mua,mua,mua,mua,mua,mua,mua,mua,mua,mua,mua,mua,mua,mua,mua,mua,mua
u4,UnitRefine,mouse3a_imec0,214,noise,noise,noise,noise,noise,noise,noise,noise,noise,noise,noise,noise,noise,mua,noise,mua,noise,mua
u4,UnitRefine,mouse3a_imec0,215,noise,noise,noise,noise,noise,noise,noise,noise,noise,noise,mua,noise,noise,mua,noise,mua,noise,noise
u4,UnitRefine,mouse3a_imec0,216,mua,mua,mua,mua,mua,mua,mua,mua,mua,mua,mua,mua,mua,mua,mua,mua,mua,mua
u4,UnitRefine,mouse3a_imec0,217,mua,noise,noise,noise,noise,noise,noise,noise,noise,noise,noise,noise,mua,mua,noise,noise,noise,noise
u4,UnitRefine,mouse3a_imec0,218,noise,noise,noise,noise,noise,mua,noise,noise,noise,noise,mua,noise,noise,noise,noise,noise,noise,noise
u4,UnitRefine,mouse3a_imec0,219,mua,noise,noise,mua,mua,mua,mua,noise,mua,mua,mua,mua,mua,mua,mua,mua,mua,mua
u4,UnitRefine,mouse3a_imec0,220,good,mua,mua,mua,mua,good,mua,good,mua,good,good,good,mua,mua,mua,good,mua,good
u4,UnitRefine,mouse3a_imec0,221,good,good,good,good,good,good,good,good,good,good,good,good,good,good,good,good,good,good
u4,UnitRefine,mouse3a_imec0,222,mua,mua,mua,mua,mua,mua,mua,mua,mua,mua,mua,mua,mua,mua,mua,good,mua,mua
u4,UnitRefine,mouse3a_imec0,223,noise,noise,noise,noise,noise,noise,noise,noise,noise,noise,mua,noise,noise,mua,noise,noise,noise,noise
u4,UnitRefine,mouse3a_imec0,224,mua,mua,mua,mua,mua,mua,mua,mua,mua,mua,mua,mua,mua,mua,mua,mua,mua,mua
u4,UnitRefine,mouse3a_imec0,225,mua,mua,mua,mua,good,mua,mua,mua,mua,mua,mua,mua,mua,mua,mua,good,mua,good
u4,UnitRefine,mouse3a_imec0,226,mua,mua,mua,mua,mua,mua,mua,mua,mua,mua,mua,mua,mua,mua,mua,mua,mua,mua
u4,UnitRefine,mouse3a_imec0,227,good,good,good,good,good,good,good,mua,good,mua,good,mua,good,good,good,good,good,good
u4,UnitRefine,mouse3a_imec0,228,mua,mua,mua,mua,mua,mua,mua,good,good,good,mua,good,mua,good,mua,mua,mua,good
u4,UnitRefine,mouse3a_imec0,229,good,mua,mua,mua,mua,mua,mua,mua,mua,mua,mua,mua,mua,mua,mua,mua,mua,mua
u4,UnitRefine,mouse3a_imec0,230,noise,noise,noise,noise,noise,mua,noise,noise,noise,noise,mua,noise,noise,noise,noise,noise,noise,noise
u4,UnitRefine,mouse3a_imec0,231,mua,good,good,good,good,good,good,good,mua,good,good,good,good,good,good,good,good,good
u4,UnitRefine,mouse3a_imec0,232,good,mua,mua,mua,mua,mua,mua,mua,mua,mua,mua,mua,mua,mua,mua,mua,mua,mua
u4,UnitRefine,mouse3a_imec0,233,mua,mua,noise,mua,good,good,good,noise,good,good,good,good,good,good,good,good,good,good
u4,UnitRefine,mouse3a_imec0,234,mua,good,noise,good,good,good,good,good,good,good,good,good,good,good,good,good,good,good
u4,UnitRefine,mouse3a_imec0,235,noise,noise,noise,noise,noise,noise,noise,noise,noise,noise,noise,noise,noise,noise,noise,noise,noise,noise
u4,UnitRefine,mouse3a_imec0,236,mua,mua,mua,mua,mua,mua,mua,mua,mua,mua,mua,mua,mua,mua,mua,mua,mua,mua
u4,UnitRefine,mouse3a_imec0,237,mua,noise,noise,noise,noise,noise,noise,noise,noise,noise,noise,noise,noise,mua,noise,noise,noise,mua
u4,UnitRefine,mouse3a_imec0,238,noise,noise,noise,noise,noise,noise,noise,noise,noise,noise,noise,noise,noise,noise,noise,noise,noise,noise
u4,UnitRefine,mouse3a_imec0,239,mua,mua,mua,mua,mua,mua,mua,mua,mua,mua,mua,mua,mua,mua,mua,mua,mua,mua
u4,UnitRefine,mouse3a_imec0,240,mua,mua,mua,mua,mua,mua,mua,mua,mua,mua,mua,mua,mua,mua,mua,mua,mua,mua
u4,UnitRefine,mouse3a_imec0,241,mua,mua,mua,mua,mua,mua,mua,mua,mua,mua,mua,mua,mua,mua,mua,mua,mua,mua
u4,UnitRefine,mouse3a_imec0,242,mua,mua,mua,mua,mua,mua,mua,mua,mua,mua,mua,mua,mua,mua,mua,mua,mua,mua
u4,UnitRefine,mouse3a_imec0,244,noise,noise,noise,mua,noise,mua,noise,noise,mua,noise,mua,noise,noise,mua,noise,mua,noise,mua
u4,UnitRefine,mouse3a_imec0,245,noise,noise,noise,noise,noise,noise,noise,noise,noise,noise,noise,noise,noise,noise,noise,noise,noise,noise
u4,UnitRefine,mouse3a_imec0,246,noise,noise,noise,noise,noise,noise,noise,noise,noise,noise,noise,noise,noise,noise,noise,noise,noise,noise
u4,UnitRefine,mouse3a_imec0,247,mua,mua,mua,mua,mua,mua,mua,mua,mua,mua,mua,mua,mua,mua,mua,mua,mua,mua
u4,UnitRefine,mouse3a_imec0,248,mua,mua,mua,mua,mua,mua,mua,mua,mua,mua,mua,mua,mua,mua,mua,mua,mua,mua
u4,UnitRefine,mouse3a_imec0,250,noise,noise,mua,mua,noise,mua,noise,mua,mua,mua,mua,mua,mua,mua,noise,mua,mua,mua
u4,UnitRefine,mouse3a_imec0,251,noise,noise,noise,noise,noise,noise,noise,noise,noise,noise,noise,noise,noise,mua,noise,mua,mua,mua
u4,UnitRefine,mouse3a_imec0,252,mua,noise,mua,mua,noise,mua,noise,mua,mua,mua,mua,mua,noise,mua,mua,mua,mua,mua
u4,UnitRefine,mouse3a_imec0,253,noise,noise,noise,noise,noise,noise,noise,noise,noise,noise,noise,noise,noise,noise,noise,noise,noise,noise
u4,UnitRefine,mouse3a_imec0,254,noise,noise,noise,noise,noise,noise,noise,noise,noise,noise,noise,noise,noise,noise,noise,noise,noise,noise
u4,UnitRefine,mouse3a_imec0,255,noise,mua,mua,mua,mua,noise,mua,mua,mua,mua,noise,mua,mua,mua,noise,noise,noise,noise
u4,UnitRefine,mouse3a_imec0,256,noise,mua,mua,mua,mua,mua,mua,mua,mua,mua,mua,mua,mua,mua,mua,mua,mua,mua
u4,UnitRefine,mouse3a_imec0,257,noise,noise,noise,noise,noise,mua,noise,noise,noise,noise,mua,noise,noise,noise,noise,noise,noise,noise
u4,UnitRefine,mouse3a_imec0,258,noise,noise,noise,mua,noise,noise,noise,noise,mua,noise,noise,noise,noise,mua,noise,mua,noise,mua
u4,UnitRefine,mouse3a_imec0,259,noise,noise,noise,noise,mua,noise,noise,mua,mua,noise,noise,noise,mua,mua,noise,mua,noise,noise
u4,UnitRefine,mouse3a_imec0,260,mua,mua,mua,mua,mua,mua,mua,mua,mua,mua,mua,mua,mua,mua,mua,mua,mua,mua
u4,UnitRefine,mouse3a_imec0,261,mua,mua,mua,mua,mua,mua,mua,mua,mua,mua,mua,mua,mua,mua,mua,mua,mua,mua
u4,UnitRefine,mouse3a_imec0,262,mua,mua,mua,mua,mua,mua,mua,mua,mua,mua,mua,mua,mua,mua,mua,mua,mua,mua
u4,UnitRefine,mouse3a_imec0,263,mua,noise,noise,mua,noise,mua,mua,mua,mua,noise,mua,noise,mua,mua,mua,mua,mua,mua
u4,UnitRefine,mouse3a_imec0,265,mua,mua,mua,mua,mua,mua,mua,mua,mua,mua,mua,mua,mua,mua,mua,mua,mua,mua
u4,UnitRefine,mouse3a_imec0,266,mua,mua,mua,mua,mua,mua,mua,mua,mua,mua,mua,mua,mua,mua,mua,mua,mua,mua
u4,UnitRefine,mouse3a_imec0,267,noise,noise,noise,noise,noise,noise,noise,noise,noise,noise,noise,noise,noise,noise,noise,mua,noise,noise
u4,UnitRefine,mouse3a_imec0,268,noise,noise,noise,noise,noise,noise,noise,noise,noise,noise,noise,noise,noise,mua,noise,noise,noise,noise
u4,UnitRefine,mouse3a_imec0,269,noise,noise,noise,mua,noise,noise,noise,noise,mua,noise,noise,noise,noise,mua,noise,noise,noise,mua
u4,UnitRefine,mouse3a_imec0,270,noise,noise,noise,noise,noise,noise,noise,noise,noise,noise,noise,noise,noise,noise,noise,noise,noise,noise
u4,UnitRefine,mouse3a_imec0,271,mua,mua,mua,mua,mua,mua,mua,mua,mua,mua,mua,mua,mua,mua,mua,mua,mua,mua
u4,UnitRefine,mouse3a_imec0,272,mua,mua,mua,mua,mua,mua,mua,mua,mua,noise,mua,mua,mua,mua,mua,mua,mua,mua
u4,UnitRefine,mouse3a_imec0,273,noise,noise,noise,noise,noise,noise,noise,noise,noise,noise,noise,noise,noise,noise,noise,noise,noise,noise
u4,UnitRefine,mouse3a_imec0,274,noise,noise,noise,noise,noise,noise,noise,noise,noise,noise,noise,noise,noise,noise,noise,noise,noise,noise
u4,UnitRefine,mouse3a_imec0,275,noise,mua,mua,mua,mua,mua,mua,mua,mua,noise,noise,noise,noise,noise,noise,noise,noise,noise
u4,UnitRefine,mouse3a_imec0,276,noise,noise,noise,noise,noise,noise,noise,noise,noise,noise,noise,noise,noise,noise,noise,noise,noise,noise
u4,UnitRefine,mouse3a_imec0,277,noise,noise,noise,noise,noise,noise,noise,noise,noise,noise,noise,noise,noise,noise,noise,noise,noise,noise
u4,UnitRefine,mouse3a_imec0,278,mua,mua,mua,mua,mua,mua,mua,mua,mua,noise,mua,mua,mua,mua,noise,mua,noise,noise
u4,UnitRefine,mouse3a_imec0,279,mua,noise,noise,noise,noise,noise,noise,noise,noise,noise,noise,noise,noise,noise,noise,noise,noise,noise
u4,UnitRefine,mouse3a_imec0,280,mua,mua,mua,mua,mua,mua,mua,mua,mua,mua,mua,mua,mua,mua,mua,mua,mua,mua
u4,UnitRefine,mouse3a_imec0,281,mua,mua,mua,mua,mua,mua,mua,mua,mua,mua,mua,mua,mua,mua,mua,mua,mua,mua
u4,UnitRefine,mouse3a_imec0,282,noise,noise,noise,mua,noise,noise,noise,noise,noise,noise,noise,noise,noise,noise,noise,noise,noise,noise
u4,UnitRefine,mouse3a_imec0,283,mua,mua,mua,mua,mua,mua,mua,mua,mua,mua,mua,mua,mua,mua,mua,mua,mua,mua
u4,UnitRefine,mouse3a_imec0,284,mua,mua,mua,mua,mua,mua,mua,mua,mua,mua,mua,mua,mua,mua,mua,mua,mua,mua
u4,UnitRefine,mouse3a_imec0,285,mua,mua,mua,mua,mua,mua,mua,mua,mua,mua,mua,mua,mua,mua,mua,mua,mua,mua
u4,UnitRefine,mouse3a_imec0,286,noise,mua,mua,mua,mua,noise,noise,mua,mua,mua,noise,mua,noise,mua,noise,noise,noise,noise
u4,UnitRefine,mouse3a_imec0,287,noise,noise,noise,noise,noise,noise,noise,noise,noise,noise,noise,noise,noise,noise,noise,noise,noise,noise
u4,UnitRefine,mouse3a_imec0,288,noise,noise,noise,noise,noise,noise,noise,noise,noise,noise,noise,noise,noise,noise,noise,noise,noise,noise
u4,UnitRefine,mouse3a_imec0,289,noise,noise,noise,noise,noise,noise,noise,noise,noise,noise,noise,noise,noise,noise,noise,noise,noise,noise
u4,UnitRefine,mouse3a_imec0,290,mua,mua,mua,mua,mua,mua,mua,mua,mua,mua,mua,mua,mua,mua,mua,mua,mua,mua
u4,UnitRefine,mouse3a_imec0,291,mua,mua,mua,mua,mua,mua,mua,mua,mua,mua,mua,mua,mua,mua,mua,mua,mua,mua
u4,UnitRefine,mouse3a_imec0,292,mua,mua,mua,mua,mua,mua,mua,mua,mua,mua,mua,mua,mua,mua,mua,mua,mua,mua
u4,UnitRefine,mouse3a_imec0,293,mua,mua,mua,mua,mua,mua,mua,mua,mua,mua,mua,mua,mua,mua,mua,mua,mua,mua
u4,UnitRefine,mouse3a_imec0,294,mua,mua,mua,mua,mua,mua,mua,mua,mua,mua,mua,mua,mua,mua,mua,mua,mua,mua
u4,UnitRefine,mouse3a_imec0,296,mua,mua,mua,mua,mua,mua,mua,mua,mua,noise,mua,noise,noise,noise,noise,noise,noise,noise
u4,UnitRefine,mouse3a_imec0,297,mua,mua,mua,mua,mua,mua,mua,mua,mua,mua,mua,mua,mua,mua,mua,mua,mua,mua
u4,UnitRefine,mouse3a_imec0,298,mua,mua,mua,mua,mua,mua,mua,mua,mua,mua,mua,mua,mua,mua,mua,mua,mua,mua
u4,UnitRefine,mouse3a_imec0,300,mua,mua,mua,mua,mua,mua,mua,mua,mua,mua,mua,mua,mua,mua,mua,mua,mua,mua
u4,UnitRefine,mouse3a_imec0,303,mua,mua,mua,mua,mua,mua,mua,mua,mua,mua,mua,mua,mua,mua,mua,mua,mua,mua
u4,UnitRefine,mouse3a_imec0,304,mua,mua,mua,mua,mua,noise,mua,mua,noise,mua,noise,mua,noise,noise,noise,noise,noise,noise
u4,UnitRefine,mouse3a_imec0,305,mua,mua,mua,mua,mua,mua,mua,mua,mua,mua,mua,mua,mua,mua,mua,mua,mua,mua
u4,UnitRefine,mouse3a_imec0,306,mua,mua,mua,mua,mua,mua,mua,mua,mua,mua,mua,mua,mua,mua,mua,mua,mua,good
u4,UnitRefine,mouse3a_imec0,307,noise,noise,noise,mua,noise,mua,noise,noise,mua,noise,mua,noise,noise,noise,noise,noise,noise,noise
u4,UnitRefine,mouse3a_imec0,308,mua,mua,mua,mua,mua,mua,mua,mua,mua,mua,mua,mua,mua,mua,mua,mua,mua,mua
u4,UnitRefine,mouse3a_imec0,309,noise,mua,mua,mua,mua,mua,mua,mua,mua,mua,mua,mua,mua,mua,mua,mua,mua,mua
u4,UnitRefine,mouse3a_imec0,312,mua,noise,noise,noise,noise,noise,noise,noise,noise,noise,noise,noise,noise,noise,noise,noise,noise,noise
u4,UnitRefine,mouse3a_imec0,313,mua,mua,mua,mua,mua,mua,mua,mua,mua,mua,mua,mua,mua,mua,mua,mua,mua,mua
u4,UnitRefine,mouse3a_imec0,314,mua,mua,mua,mua,mua,mua,mua,mua,mua,mua,mua,mua,mua,mua,mua,mua,mua,mua
u4,UnitRefine,mouse3a_imec0,315,mua,mua,mua,mua,mua,mua,mua,mua,mua,mua,mua,mua,mua,mua,mua,mua,mua,noise
u4,UnitRefine,mouse3a_imec0,316,noise,noise,mua,mua,mua,mua,mua,mua,mua,mua,mua,mua,noise,mua,mua,mua,mua,noise
u4,UnitRefine,mouse3a_imec0,317,mua,mua,mua,mua,mua,mua,mua,mua,mua,mua,mua,mua,mua,mua,mua,mua,mua,mua
u4,UnitRefine,mouse3a_imec0,318,noise,noise,noise,noise,noise,mua,noise,noise,noise,noise,noise,noise,noise,noise,noise,noise,noise,noise
u4,UnitRefine,mouse3a_imec0,319,mua,mua,mua,mua,mua,mua,mua,mua,mua,mua,mua,mua,mua,mua,mua,mua,mua,mua
u4,UnitRefine,mouse3a_imec0,320,mua,mua,mua,mua,mua,mua,mua,mua,mua,mua,mua,mua,mua,mua,mua,mua,mua,mua
u4,UnitRefine,mouse3a_imec0,321,mua,mua,mua,mua,mua,mua,mua,mua,mua,mua,mua,mua,mua,mua,mua,mua,mua,mua
u4,UnitRefine,mouse3a_imec0,322,mua,mua,mua,mua,mua,mua,mua,mua,mua,mua,mua,mua,mua,noise,mua,mua,mua,noise
u4,UnitRefine,mouse3a_imec0,323,noise,noise,noise,mua,noise,mua,noise,noise,mua,noise,mua,noise,noise,noise,noise,noise,noise,noise
u4,UnitRefine,mouse3a_imec0,324,mua,mua,mua,mua,mua,mua,mua,mua,mua,mua,mua,mua,mua,mua,mua,mua,mua,mua
u4,UnitRefine,mouse3a_imec0,325,mua,noise,noise,noise,noise,noise,noise,noise,noise,noise,noise,noise,noise,noise,noise,noise,noise,noise
u4,UnitRefine,mouse3a_imec0,326,noise,noise,noise,noise,noise,noise,noise,noise,noise,mua,noise,noise,noise,mua,noise,noise,noise,noise
u4,UnitRefine,mouse3a_imec0,327,mua,mua,mua,mua,mua,mua,mua,mua,mua,mua,mua,mua,mua,mua,mua,mua,mua,mua
u4,UnitRefine,mouse3a_imec0,328,mua,noise,noise,noise,noise,noise,noise,noise,noise,noise,noise,noise,noise,noise,noise,noise,noise,mua
u4,UnitRefine,mouse3a_imec0,329,mua,mua,mua,mua,mua,mua,mua,mua,mua,mua,mua,mua,mua,mua,mua,mua,mua,mua
u4,UnitRefine,mouse3a_imec0,330,mua,mua,mua,mua,mua,mua,mua,mua,mua,mua,mua,mua,mua,mua,mua,mua,mua,mua
u4,UnitRefine,mouse3a_imec0,331,noise,noise,noise,noise,noise,noise,noise,noise,noise,noise,noise,noise,noise,noise,noise,noise,noise,noise
u4,UnitRefine,mouse3a_imec0,333,good,mua,mua,mua,mua,mua,mua,mua,mua,mua,mua,mua,mua,mua,mua,mua,mua,good
u4,UnitRefine,mouse3a_imec0,334,noise,noise,noise,noise,noise,noise,noise,noise,noise,noise,noise,noise,noise,noise,noise,noise,noise,noise
u4,UnitRefine,mouse3a_imec0,335,noise,noise,noise,noise,noise,noise,noise,noise,noise,noise,noise,noise,noise,noise,noise,noise,noise,noise
u4,UnitRefine,mouse3a_imec0,336,noise,noise,noise,mua,noise,noise,noise,noise,noise,noise,noise,noise,noise,noise,noise,noise,noise,noise
u4,UnitRefine,mouse3a_imec0,337,mua,good,good,good,good,good,good,good,mua,good,good,good,mua,mua,mua,mua,mua,mua
u4,UnitRefine,mouse3a_imec0,340,mua,good,good,good,good,good,good,good,good,good,good,good,good,good,good,good,good,good
u4,UnitRefine,mouse3a_imec0,341,mua,mua,mua,mua,mua,mua,mua,mua,mua,mua,mua,mua,mua,mua,mua,mua,mua,mua
u4,UnitRefine,mouse3a_imec0,342,noise,noise,mua,mua,mua,mua,mua,mua,mua,mua,mua,mua,mua,mua,mua,mua,mua,mua
u4,UnitRefine,mouse3a_imec0,343,mua,noise,noise,mua,noise,mua,noise,noise,mua,noise,noise,noise,noise,mua,noise,mua,noise,noise
u4,UnitRefine,mouse3a_imec0,344,mua,noise,noise,mua,mua,mua,mua,noise,mua,noise,mua,noise,mua,mua,mua,noise,noise,noise
u4,UnitRefine,mouse3a_imec0,345,noise,noise,mua,mua,noise,mua,mua,mua,mua,mua,mua,mua,mua,mua,mua,mua,mua,mua
u4,UnitRefine,mouse3a_imec0,346,mua,good,good,good,good,good,good,good,good,good,good,good,good,good,good,mua,good,good
u4,UnitRefine,mouse3a_imec0,347,good,good,good,good,good,good,good,good,good,good,good,good,good,good,good,good,good,good
u4,UnitRefine,mouse3a_imec0,349,mua,mua,mua,mua,mua,good,mua,mua,mua,mua,mua,mua,mua,mua,mua,mua,mua,mua
u4,UnitRefine,mouse3a_imec0,350,good,good,good,good,good,good,good,good,good,good,good,good,mua,mua,good,good,good,good
u4,UnitRefine,mouse3a_imec0,351,noise,noise,noise,mua,noise,noise,noise,mua,mua,mua,noise,mua,mua,mua,mua,noise,mua,mua
u4,UnitRefine,mouse3a_imec0,352,good,good,good,good,good,good,good,good,good,good,good,good,good,good,good,mua,good,good
u4,UnitRefine,mouse3a_imec0,355,mua,mua,mua,mua,mua,mua,mua,mua,mua,mua,mua,mua,mua,mua,mua,mua,mua,mua
u4,UnitRefine,mouse3a_imec0,356,mua,noise,noise,mua,noise,noise,noise,mua,mua,noise,noise,noise,noise,noise,noise,noise,noise,noise
u4,UnitRefine,mouse3a_imec0,357,noise,noise,noise,noise,noise,noise,noise,noise,noise,noise,noise,noise,noise,noise,noise,noise,noise,noise
u4,UnitRefine,mouse3a_imec0,358,noise,noise,noise,noise,noise,noise,noise,noise,noise,noise,noise,noise,noise,noise,noise,noise,noise,noise
u4,UnitRefine,mouse3a_imec0,360,noise,noise,noise,noise,noise,noise,noise,noise,noise,noise,noise,noise,noise,noise,noise,noise,noise,noise
u4,UnitRefine,mouse3a_imec0,361,noise,noise,noise,mua,noise,mua,noise,noise,noise,noise,noise,noise,noise,noise,noise,noise,noise,noise
u4,UnitRefine,mouse3a_imec0,362,good,mua,mua,mua,good,good,mua,mua,mua,mua,good,mua,mua,mua,good,good,good,good
u4,UnitRefine,mouse3a_imec0,363,good,good,mua,mua,good,good,good,good,mua,good,good,good,good,good,good,good,good,good
u4,UnitRefine,mouse3a_imec0,364,good,good,good,good,good,good,good,good,good,good,good,good,good,good,good,good,good,good
u4,UnitRefine,mouse3a_imec0,366,mua,mua,mua,mua,mua,mua,mua,mua,mua,mua,mua,mua,mua,mua,mua,mua,mua,mua
u4,UnitRefine,mouse3a_imec0,368,mua,mua,mua,mua,mua,mua,mua,mua,mua,mua,mua,mua,mua,mua,mua,mua,mua,mua
u4,UnitRefine,mouse3a_imec0,369,mua,mua,mua,mua,mua,mua,mua,mua,mua,mua,mua,mua,mua,mua,mua,mua,mua,mua
u4,UnitRefine,mouse3a_imec0,370,good,mua,mua,mua,mua,mua,mua,mua,mua,mua,mua,mua,mua,mua,mua,good,mua,good
u4,UnitRefine,mouse3a_imec0,371,good,mua,mua,mua,mua,mua,mua,mua,good,mua,mua,mua,mua,mua,mua,good,mua,good
u4,UnitRefine,mouse3a_imec0,372,mua,mua,mua,mua,mua,mua,mua,mua,mua,mua,mua,mua,mua,mua,mua,mua,mua,mua
u4,UnitRefine,mouse3a_imec0,373,good,mua,mua,mua,noise,good,mua,mua,mua,noise,good,mua,mua,mua,mua,good,mua,good
u4,UnitRefine,mouse3a_imec0,375,good,mua,mua,mua,mua,mua,mua,mua,mua,mua,mua,mua,mua,mua,good,good,good,good
u4,UnitRefine,mouse3a_imec0,376,good,mua,mua,mua,mua,mua,mua,mua,mua,mua,mua,mua,mua,mua,good,good,good,good
u4,UnitRefine,mouse3a_imec0,377,good,good,mua,mua,mua,mua,mua,good,mua,good,mua,good,mua,good,good,good,good,good
u4,UnitRefine,mouse3a_imec0,378,mua,mua,mua,mua,mua,mua,mua,mua,mua,mua,mua,mua,mua,mua,mua,mua,mua,mua
u4,UnitRefine,mouse3a_imec0,379,good,good,mua,mua,good,good,good,good,mua,good,mua,good,good,good,good,good,good,good
u4,UnitRefine,mouse3a_imec0,380,mua,mua,mua,mua,mua,mua,mua,mua,mua,mua,mua,mua,mua,mua,mua,mua,mua,mua
u4,UnitRefine,mouse3a_imec0,381,mua,mua,mua,mua,mua,mua,mua,mua,mua,mua,mua,mua,mua,mua,mua,mua,mua,mua
u4,UnitRefine,mouse3a_imec0,382,mua,mua,mua,mua,good,good,good,mua,mua,mua,mua,mua,mua,mua,mua,mua,mua,mua
u4,UnitRefine,mouse3a_imec0,383,mua,mua,mua,mua,mua,mua,mua,mua,mua,mua,mua,mua,mua,mua,mua,mua,mua,mua
u4,UnitRefine,mouse3a_imec0,385,mua,good,mua,mua,good,mua,mua,mua,mua,mua,mua,mua,mua,mua,mua,mua,mua,mua
u4,UnitRefine,mouse3a_imec0,386,noise,mua,mua,mua,mua,mua,mua,mua,mua,mua,mua,mua,mua,mua,mua,mua,mua,mua
u4,UnitRefine,mouse3a_imec0,389,mua,noise,noise,noise,noise,noise,noise,noise,noise,noise,mua,noise,mua,mua,noise,mua,noise,good
u4,UnitRefine,mouse3a_imec0,392,good,good,good,good,good,good,good,good,good,good,good,good,good,good,good,good,good,good
u4,UnitRefine,mouse3a_imec0,393,good,mua,mua,mua,mua,mua,mua,mua,mua,mua,good,mua,good,good,mua,mua,mua,good
u4,UnitRefine,mouse3a_imec0,394,good,mua,mua,mua,mua,mua,mua,mua,mua,mua,mua,mua,mua,mua,mua,mua,mua,mua
u4,UnitRefine,mouse3a_imec0,395,good,good,good,good,good,good,good,good,good,good,good,good,good,good,good,good,good,good
u4,UnitRefine,mouse3a_imec0,396,mua,mua,mua,mua,mua,mua,mua,mua,mua,mua,mua,mua,mua,mua,mua,mua,mua,mua
u4,UnitRefine,mouse3a_imec0,398,mua,mua,mua,mua,mua,mua,mua,mua,mua,mua,mua,mua,mua,mua,mua,mua,mua,mua
u4,UnitRefine,mouse3a_imec0,399,mua,mua,mua,mua,mua,mua,mua,mua,mua,mua,mua,mua,mua,mua,mua,noise,mua,mua
u4,UnitRefine,mouse3a_imec0,400,good,mua,mua,mua,good,mua,mua,mua,mua,mua,mua,mua,mua,mua,good,good,good,good
u4,UnitRefine,mouse3a_imec0,401,mua,mua,mua,mua,mua,mua,mua,mua,mua,mua,mua,mua,mua,mua,mua,mua,mua,mua
u4,UnitRefine,mouse3a_imec0,402,noise,noise,noise,noise,noise,noise,noise,noise,noise,noise,noise,noise,noise,noise,noise,noise,noise,noise
u4,UnitRefine,mouse3a_imec0,403,mua,noise,noise,noise,noise,mua,noise,noise,mua,noise,mua,noise,noise,mua,noise,mua,mua,mua
u4,UnitRefine,mouse3a_imec0,405,mua,good,good,mua,good,mua,good,good,mua,good,mua,mua,noise,mua,mua,noise,mua,noise
u4,UnitRefine,mouse3a_imec0,406,noise,mua,mua,mua,mua,mua,mua,mua,mua,mua,mua,mua,mua,mua,mua,mua,mua,mua
u4,UnitRefine,mouse3a_imec0,408,mua,mua,mua,mua,mua,good,mua,mua,mua,mua,mua,mua,mua,mua,mua,mua,mua,mua
u4,UnitRefine,mouse3a_imec0,409,noise,noise,noise,noise,noise,noise,noise,noise,mua,noise,noise,noise,noise,noise,noise,noise,noise,noise
u4,UnitRefine,mouse3a_imec0,411,noise,noise,noise,noise,noise,noise,noise,noise,noise,noise,noise,noise,noise,noise,noise,noise,noise,noise
u4,UnitRefine,mouse3a_imec0,412,mua,mua,mua,mua,mua,mua,mua,mua,mua,mua,mua,mua,mua,mua,mua,mua,mua,mua
u4,UnitRefine,mouse3a_imec0,413,good,good,good,good,good,good,good,good,good,good,good,good,good,good,good,good,good,good
u4,UnitRefine,mouse3a_imec0,414,mua,mua,mua,mua,mua,mua,mua,mua,mua,mua,mua,mua,mua,mua,mua,mua,mua,mua
u4,UnitRefine,mouse3a_imec0,415,mua,noise,noise,mua,mua,mua,mua,noise,mua,mua,mua,mua,mua,mua,mua,mua,mua,mua
u4,UnitRefine,mouse3a_imec0,416,mua,mua,mua,mua,mua,mua,mua,mua,mua,mua,mua,mua,mua,mua,mua,mua,mua,mua
u4,UnitRefine,mouse3a_imec0,417,good,mua,mua,mua,mua,mua,mua,mua,mua,mua,mua,mua,mua,mua,mua,mua,mua,good
u4,UnitRefine,mouse3a_imec0,420,noise,noise,mua,mua,mua,mua,mua,mua,mua,mua,mua,mua,mua,mua,mua,mua,mua,mua
u11,UnitRefine,mouse3b_imec0,0,noise,noise,noise,noise,noise,noise,noise,noise,noise,noise,noise,noise,noise,noise,noise,noise,noise,noise
u11,UnitRefine,mouse3b_imec0,1,noise,noise,noise,noise,noise,noise,noise,noise,noise,noise,noise,noise,noise,noise,noise,noise,noise,noise
u11,UnitRefine,mouse3b_imec0,2,noise,noise,noise,noise,noise,noise,noise,noise,noise,noise,noise,noise,noise,noise,noise,noise,noise,noise
u11,UnitRefine,mouse3b_imec0,3,noise,noise,noise,mua,noise,noise,noise,noise,noise,noise,noise,noise,noise,noise,noise,noise,noise,noise
u11,UnitRefine,mouse3b_imec0,4,noise,noise,noise,mua,noise,noise,noise,noise,noise,noise,noise,noise,noise,noise,noise,noise,noise,noise
u11,UnitRefine,mouse3b_imec0,5,mua,good,good,good,good,good,good,good,good,noise,noise,noise,good,good,good,good,good,good
u11,UnitRefine,mouse3b_imec0,6,mua,good,good,good,good,good,good,good,good,noise,noise,noise,good,good,good,good,good,good
u11,UnitRefine,mouse3b_imec0,8,noise,noise,noise,noise,noise,noise,noise,noise,noise,noise,noise,noise,noise,noise,noise,noise,noise,noise
u11,UnitRefine,mouse3b_imec0,9,noise,noise,noise,noise,noise,noise,noise,noise,noise,noise,noise,noise,noise,noise,noise,noise,noise,noise
u11,UnitRefine,mouse3b_imec0,11,noise,noise,noise,mua,noise,noise,noise,noise,noise,noise,noise,noise,noise,noise,noise,noise,noise,noise
u11,UnitRefine,mouse3b_imec0,13,noise,noise,noise,noise,noise,noise,noise,noise,noise,noise,noise,noise,noise,noise,noise,noise,noise,noise
u11,UnitRefine,mouse3b_imec0,14,noise,noise,noise,noise,noise,noise,noise,noise,noise,noise,noise,noise,noise,noise,noise,noise,noise,noise
u11,UnitRefine,mouse3b_imec0,16,noise,noise,noise,noise,noise,noise,noise,noise,noise,noise,noise,noise,noise,noise,noise,noise,noise,noise
u11,UnitRefine,mouse3b_imec0,17,mua,mua,mua,mua,mua,mua,mua,mua,mua,mua,mua,mua,mua,mua,mua,mua,mua,mua
u11,UnitRefine,mouse3b_imec0,20,good,mua,mua,mua,mua,mua,mua,mua,mua,mua,mua,mua,mua,mua,mua,mua,mua,mua
u11,UnitRefine,mouse3b_imec0,21,mua,mua,mua,mua,mua,mua,mua,mua,mua,mua,mua,mua,mua,mua,mua,mua,mua,mua
u11,UnitRefine,mouse3b_imec0,24,good,good,good,good,good,good,good,good,good,good,good,good,good,good,good,good,good,good
u11,UnitRefine,mouse3b_imec0,25,noise,noise,noise,noise,noise,noise,noise,noise,noise,noise,noise,noise,noise,noise,noise,noise,noise,noise
u11,UnitRefine,mouse3b_imec0,26,noise,noise,noise,noise,noise,noise,noise,noise,mua,noise,noise,noise,noise,mua,noise,noise,noise,noise
u11,UnitRefine,mouse3b_imec0,28,mua,noise,mua,mua,mua,mua,mua,mua,mua,mua,mua,mua,mua,mua,mua,mua,mua,mua
u11,UnitRefine,mouse3b_imec0,29,noise,noise,noise,mua,noise,noise,noise,noise,noise,noise,noise,noise,noise,noise,noise,noise,noise,noise
u11,UnitRefine,mouse3b_imec0,30,mua,mua,mua,mua,mua,mua,mua,mua,mua,mua,mua,mua,mua,mua,mua,mua,mua,mua
u11,UnitRefine,mouse3b_imec0,31,mua,mua,mua,mua,mua,mua,mua,mua,mua,mua,mua,mua,mua,mua,mua,mua,mua,mua
u11,UnitRefine,mouse3b_imec0,32,mua,mua,mua,mua,mua,mua,mua,mua,mua,mua,mua,mua,mua,mua,mua,mua,mua,mua
u11,UnitRefine,mouse3b_imec0,33,mua,mua,mua,mua,mua,good,mua,mua,mua,mua,mua,mua,mua,mua,mua,mua,mua,mua
u11,UnitRefine,mouse3b_imec0,34,mua,good,good,good,good,good,good,good,good,good,good,good,good,good,good,good,good,good
u11,UnitRefine,mouse3b_imec0,35,good,good,good,good,good,good,good,good,good,good,good,good,good,good,good,good,good,good
u11,UnitRefine,mouse3b_imec0,36,good,good,good,good,good,good,good,good,good,good,good,good,good,good,good,good,good,good
u11,UnitRefine,mouse3b_imec0,37,mua,mua,mua,mua,mua,mua,mua,mua,mua,mua,mua,mua,mua,mua,mua,mua,mua,mua
u11,UnitRefine,mouse3b_imec0,38,mua,mua,mua,mua,mua,mua,mua,mua,mua,mua,mua,mua,mua,mua,mua,good,mua,mua
u11,UnitRefine,mouse3b_imec0,39,mua,good,good,good,good,good,good,good,good,good,good,good,good,good,good,good,good,good
u11,UnitRefine,mouse3b_imec0,40,mua,mua,mua,mua,mua,mua,mua,mua,mua,mua,mua,mua,mua,mua,mua,mua,mua,good
u11,UnitRefine,mouse3b_imec0,44,mua,mua,mua,mua,mua,mua,mua,mua,mua,mua,mua,mua,mua,mua,mua,mua,mua,mua
u11,UnitRefine,mouse3b_imec0,45,mua,good,good,good,good,good,good,good,mua,good,good,good,mua,mua,good,mua,good,good
u11,UnitRefine,mouse3b_imec0,46,noise,noise,noise,mua,noise,noise,noise,noise,noise,noise,noise,noise,noise,noise,noise,noise,noise,noise
u11,UnitRefine,mouse3b_imec0,47,mua,good,mua,mua,mua,good,mua,good,mua,good,good,good,mua,mua,mua,good,mua,mua
u11,UnitRefine,mouse3b_imec0,48,mua,mua,mua,mua,mua,mua,mua,mua,mua,mua,mua,mua,mua,mua,mua,mua,mua,mua
u11,UnitRefine,mouse3b_imec0,49,mua,mua,mua,mua,mua,good,mua,mua,mua,mua,mua,mua,mua,mua,mua,mua,mua,mua
u11,UnitRefine,mouse3b_imec0,50,good,good,good,good,good,good,good,good,good,good,good,good,good,good,good,good,good,good
u11,UnitRefine,mouse3b_imec0,54,good,good,good,good,good,good,good,good,good,good,good,good,good,good,good,good,good,good
u11,UnitRefine,mouse3b_imec0,55,mua,good,mua,mua,mua,good,mua,mua,mua,mua,good,mua,mua,mua,mua,good,mua,mua
u11,UnitRefine,mouse3b_imec0,56,noise,noise,noise,noise,noise,noise,noise,noise,noise,noise,noise,noise,noise,noise,noise,noise,noise,noise
u11,UnitRefine,mouse3b_imec0,57,good,good,good,good,good,good,good,good,good,good,good,good,good,good,good,good,good,good
u11,UnitRefine,mouse3b_imec0,58,good,good,good,good,good,good,good,good,good,good,good,good,good,good,good,good,good,good
u11,UnitRefine,mouse3b_imec0,59,mua,mua,mua,mua,mua,mua,mua,mua,mua,mua,mua,mua,mua,mua,mua,mua,mua,mua
u11,UnitRefine,mouse3b_imec0,60,mua,noise,noise,mua,noise,mua,noise,mua,mua,mua,mua,mua,mua,mua,mua,mua,mua,mua
u11,UnitRefine,mouse3b_imec0,61,mua,mua,mua,mua,mua,mua,mua,mua,mua,mua,mua,mua,mua,mua,mua,mua,mua,mua
u11,UnitRefine,mouse3b_imec0,62,mua,mua,mua,mua,mua,good,mua,mua,mua,mua,mua,mua,mua,mua,mua,good,mua,good
u11,UnitRefine,mouse3b_imec0,63,good,good,good,good,good,good,good,good,good,good,good,good,good,good,good,good,good,good
u11,UnitRefine,mouse3b_imec0,64,noise,noise,noise,noise,noise,noise,noise,noise,noise,noise,noise,noise,noise,noise,noise,noise,noise,noise
u11,UnitRefine,mouse3b_imec0,65,mua,mua,mua,mua,mua,good,mua,mua,mua,mua,mua,mua,mua,mua,mua,mua,mua,mua
u11,UnitRefine,mouse3b_imec0,66,mua,good,good,good,good,good,good,good,good,good,good,good,good,mua,good,good,good,good
u11,UnitRefine,mouse3b_imec0,67,noise,mua,mua,mua,mua,mua,mua,mua,mua,mua,mua,mua,mua,mua,mua,good,mua,good
u11,UnitRefine,mouse3b_imec0,68,mua,mua,mua,mua,mua,mua,mua,mua,mua,mua,mua,mua,mua,mua,mua,mua,mua,mua
u11,UnitRefine,mouse3b_imec0,69,noise,noise,noise,mua,noise,mua,noise,noise,noise,noise,noise,noise,noise,noise,noise,noise,noise,noise
u11,UnitRefine,mouse3b_imec0,70,mua,mua,mua,mua,mua,mua,mua,mua,mua,mua,mua,mua,mua,mua,mua,mua,mua,mua
u11,UnitRefine,mouse3b_imec0,71,mua,mua,noise,mua,noise,mua,noise,mua,mua,mua,mua,mua,mua,mua,mua,mua,mua,mua
u11,UnitRefine,mouse3b_imec0,72,mua,good,good,good,good,good,good,good,good,good,good,good,good,good,mua,good,good,good
u11,UnitRefine,mouse3b_imec0,73,mua,good,mua,mua,mua,good,mua,good,good,good,good,good,good,good,good,good,good,good
u11,UnitRefine,mouse3b_imec0,74,mua,mua,mua,mua,mua,mua,mua,mua,mua,mua,mua,mua,mua,mua,mua,good,mua,mua
u11,UnitRefine,mouse3b_imec0,75,mua,mua,mua,mua,mua,mua,mua,mua,mua,mua,mua,mua,mua,mua,mua,mua,mua,mua
u11,UnitRefine,mouse3b_imec0,76,mua,mua,mua,mua,mua,good,mua,mua,mua,mua,good,mua,mua,mua,mua,good,mua,mua
u11,UnitRefine,mouse3b_imec0,77,mua,mua,mua,mua,mua,mua,mua,mua,mua,mua,mua,mua,mua,mua,mua,mua,mua,mua
u11,UnitRefine,mouse3b_imec0,78,mua,mua,mua,mua,mua,mua,mua,mua,mua,mua,mua,mua,mua,mua,mua,mua,mua,mua
u11,UnitRefine,mouse3b_imec0,83,good,good,good,good,good,good,good,good,good,mua,good,mua,good,good,good,good,good,good
u11,UnitRefine,mouse3b_imec0,84,mua,mua,mua,mua,mua,mua,mua,mua,mua,mua,mua,mua,mua,mua,mua,mua,mua,mua
u11,UnitRefine,mouse3b_imec0,85,mua,mua,mua,mua,mua,mua,mua,mua,mua,mua,mua,mua,mua,mua,mua,mua,mua,mua
u11,UnitRefine,mouse3b_imec0,87,good,good,good,good,mua,good,good,good,good,good,good,good,good,good,mua,good,good,good
u11,UnitRefine,mouse3b_imec0,93,good,good,good,good,good,good,good,good,good,good,good,good,good,good,good,mua,good,good
u11,UnitRefine,mouse3b_imec0,94,good,good,mua,good,mua,mua,mua,mua,good,mua,mua,mua,mua,mua,mua,mua,mua,mua
u11,UnitRefine,mouse3b_imec0,95,mua,good,mua,mua,good,good,good,good,good,good,good,good,mua,mua,mua,mua,mua,mua
u11,UnitRefine,mouse3b_imec0,97,mua,mua,mua,mua,mua,mua,mua,mua,mua,mua,mua,mua,mua,mua,mua,mua,mua,mua
u11,UnitRefine,mouse3b_imec0,98,mua,noise,noise,noise,noise,noise,noise,mua,mua,mua,noise,noise,mua,mua,mua,mua,mua,mua
u11,UnitRefine,mouse3b_imec0,100,mua,good,mua,mua,good,mua,mua,mua,mua,good,mua,good,mua,mua,mua,mua,mua,mua
u11,UnitRefine,mouse3b_imec0,101,mua,mua,mua,mua,mua,mua,mua,mua,mua,mua,mua,mua,mua,mua,mua,mua,mua,mua
u11,UnitRefine,mouse3b_imec0,102,good,good,good,good,mua,good,mua,good,good,good,good,good,good,good,good,good,good,good
u11,UnitRefine,mouse3b_imec0,103,mua,mua,mua,mua,mua,mua,mua,mua,mua,mua,mua,mua,mua,mua,mua,mua,mua,mua
u11,UnitRefine,mouse3b_imec0,105,good,good,good,good,good,good,good,good,good,good,good,good,good,good,good,good,good,good
u11,UnitRefine,mouse3b_imec0,106,mua,mua,mua,mua,mua,mua,mua,mua,mua,mua,mua,mua,mua,mua,mua,mua,mua,mua
u11,UnitRefine,mouse3b_imec0,107,mua,mua,mua,mua,good,good,mua,mua,mua,good,good,good,mua,mua,mua,mua,mua,mua
u11,UnitRefine,mouse3b_imec0,109,mua,good,good,good,good,good,good,good,good,good,good,good,mua,mua,mua,mua,mua,good
u11,UnitRefine,mouse3b_imec0,113,good,noise,mua,mua,mua,noise,noise,mua,mua,noise,noise,noise,mua,mua,mua,noise,mua,noise
u11,UnitRefine,mouse3b_imec0,114,mua,mua,mua,mua,mua,mua,mua,mua,mua,mua,noise,mua,mua,mua,mua,mua,mua,mua
u11,UnitRefine,mouse3b_imec0,115,mua,good,mua,mua,good,good,good,good,mua,good,good,good,good,mua,good,good,good,good
u11,UnitRefine,mouse3b_imec0,117,mua,mua,mua,mua,mua,mua,mua,mua,mua,mua,mua,mua,mua,mua,mua,mua,mua,mua
u11,UnitRefine,mouse3b_imec0,118,good,good,good,good,good,good,good,good,good,good,good,good,good,good,good,good,good,good
u11,UnitRefine,mouse3b_imec0,121,mua,good,good,good,mua,good,mua,good,good,good,good,good,good,good,mua,good,mua,good
u11,UnitRefine,mouse3b_imec0,122,mua,mua,mua,mua,mua,good,mua,mua,mua,mua,good,mua,mua,mua,mua,mua,mua,good
u11,UnitRefine,mouse3b_imec0,124,mua,good,good,mua,good,good,good,good,mua,good,good,good,mua,good,mua,good,mua,mua
u11,UnitRefine,mouse3b_imec0,125,mua,mua,mua,mua,mua,mua,mua,mua,mua,mua,mua,mua,mua,mua,mua,mua,mua,good
u11,UnitRefine,mouse3b_imec0,128,good,good,good,good,good,good,good,good,good,mua,good,good,good,good,good,good,good,good
u11,UnitRefine,mouse3b_imec0,129,good,good,good,good,good,good,good,good,good,good,good,good,good,good,good,good,good,good
u11,UnitRefine,mouse3b_imec0,131,mua,good,good,mua,good,good,good,good,mua,good,good,good,good,good,good,good,good,good
u11,UnitRefine,mouse3b_imec0,134,noise,noise,mua,mua,noise,mua,noise,noise,mua,noise,mua,noise,noise,noise,noise,noise,noise,noise
u11,UnitRefine,mouse3b_imec0,136,mua,mua,mua,mua,mua,mua,mua,mua,mua,mua,mua,mua,mua,mua,mua,mua,mua,good
u11,UnitRefine,mouse3b_imec0,138,mua,mua,mua,mua,mua,mua,mua,mua,mua,mua,mua,mua,mua,mua,mua,mua,mua,mua
u11,UnitRefine,mouse3b_imec0,139,mua,mua,mua,mua,mua,mua,mua,mua,mua,mua,mua,mua,mua,mua,mua,mua,mua,mua
u11,UnitRefine,mouse3b_imec0,140,mua,mua,mua,mua,good,good,good,mua,mua,good,good,good,good,good,good,good,good,good
u11,UnitRefine,mouse3b_imec0,141,mua,mua,mua,mua,mua,mua,mua,mua,mua,mua,mua,mua,mua,mua,mua,mua,mua,mua
u11,UnitRefine,mouse3b_imec0,143,mua,good,good,mua,good,good,good,good,good,good,good,good,good,good,good,good,good,good
u11,UnitRefine,mouse3b_imec0,145,mua,mua,mua,mua,mua,mua,mua,mua,mua,mua,mua,mua,mua,mua,mua,mua,mua,good
u11,UnitRefine,mouse3b_imec0,146,mua,mua,mua,mua,mua,mua,mua,mua,mua,mua,mua,mua,mua,mua,mua,mua,mua,mua
u11,UnitRefine,mouse3b_imec0,148,mua,mua,mua,mua,mua,mua,mua,mua,mua,mua,mua,mua,mua,mua,mua,mua,mua,mua
u11,UnitRefine,mouse3b_imec0,149,noise,noise,noise,mua,noise,noise,noise,mua,noise,noise,noise,noise,mua,mua,noise,mua,noise,mua
u11,UnitRefine,mouse3b_imec0,150,mua,mua,mua,mua,mua,mua,mua,mua,mua,mua,mua,mua,mua,mua,mua,noise,mua,mua
u11,UnitRefine,mouse3b_imec0,152,mua,mua,mua,mua,mua,good,mua,mua,mua,mua,mua,mua,good,mua,mua,good,mua,good
u11,UnitRefine,mouse3b_imec0,153,mua,good,good,good,good,good,good,good,good,good,good,good,good,good,good,good,good,good
u11,UnitRefine,mouse3b_imec0,154,mua,mua,mua,mua,mua,mua,mua,mua,mua,mua,mua,mua,mua,mua,mua,mua,mua,mua
u11,UnitRefine,mouse3b_imec0,157,good,good,good,good,good,good,good,good,good,good,good,good,good,good,good,good,good,good
u11,UnitRefine,mouse3b_imec0,158,mua,mua,mua,mua,noise,mua,mua,mua,mua,mua,mua,mua,mua,mua,mua,mua,mua,mua
u11,UnitRefine,mouse3b_imec0,159,mua,mua,mua,mua,mua,mua,mua,mua,mua,mua,mua,mua,mua,mua,mua,mua,mua,mua
u11,UnitRefine,mouse3b_imec0,160,mua,mua,mua,mua,mua,mua,mua,mua,mua,mua,mua,mua,mua,mua,mua,mua,mua,mua
u11,UnitRefine,mouse3b_imec0,162,mua,mua,mua,mua,mua,mua,mua,mua,mua,mua,mua,mua,mua,mua,mua,mua,mua,mua
u11,UnitRefine,mouse3b_imec0,163,mua,good,good,good,good,mua,good,good,good,good,good,good,good,good,good,mua,good,good
u11,UnitRefine,mouse3b_imec0,164,mua,mua,mua,mua,mua,mua,mua,mua,mua,mua,mua,mua,mua,mua,mua,mua,mua,mua
u11,UnitRefine,mouse3b_imec0,165,mua,noise,mua,mua,mua,mua,mua,mua,mua,mua,mua,mua,mua,mua,mua,mua,mua,mua
u11,UnitRefine,mouse3b_imec0,166,mua,mua,mua,mua,mua,mua,mua,mua,mua,mua,mua,mua,mua,mua,mua,mua,mua,good
u11,UnitRefine,mouse3b_imec0,167,mua,mua,mua,mua,mua,mua,mua,mua,mua,mua,mua,mua,mua,mua,mua,mua,mua,mua
u11,UnitRefine,mouse3b_imec0,169,mua,mua,mua,mua,mua,mua,mua,mua,mua,mua,mua,mua,mua,mua,mua,noise,mua,noise
u11,UnitRefine,mouse3b_imec0,171,mua,mua,mua,mua,mua,mua,mua,mua,mua,mua,mua,mua,mua,mua,mua,mua,mua,mua
u11,UnitRefine,mouse3b_imec0,172,mua,noise,mua,mua,noise,noise,noise,mua,mua,mua,noise,mua,mua,mua,mua,noise,mua,mua
u11,UnitRefine,mouse3b_imec0,173,mua,noise,noise,mua,mua,mua,mua,noise,mua,mua,mua,mua,mua,mua,noise,mua,noise,mua
u11,UnitRefine,mouse3b_imec0,174,mua,mua,mua,mua,mua,mua,mua,mua,mua,mua,mua,mua,mua,mua,mua,mua,mua,mua
u11,UnitRefine,mouse3b_imec0,175,mua,mua,mua,mua,mua,mua,mua,mua,mua,mua,mua,mua,mua,mua,mua,mua,mua,mua
u11,UnitRefine,mouse3b_imec0,176,good,good,good,good,good,good,good,good,good,good,good,good,good,good,good,good,good,good
u11,UnitRefine,mouse3b_imec0,177,mua,good,good,good,good,good,good,good,good,good,good,good,good,good,good,good,good,good
u11,UnitRefine,mouse3b_imec0,178,mua,mua,mua,mua,mua,mua,mua,mua,mua,mua,mua,mua,mua,mua,mua,mua,mua,mua
u11,UnitRefine,mouse3b_imec0,179,good,good,good,mua,good,good,good,good,mua,good,mua,good,good,good,good,good,good,good
u11,UnitRefine,mouse3b_imec0,180,mua,mua,mua,mua,mua,mua,mua,mua,mua,mua,mua,mua,mua,mua,mua,noise,mua,mua
u11,UnitRefine,mouse3b_imec0,181,mua,mua,mua,mua,mua,mua,mua,mua,mua,mua,mua,mua,mua,mua,mua,mua,mua,mua
u11,UnitRefine,mouse3b_imec0,182,mua,mua,mua,mua,mua,mua,mua,mua,mua,mua,mua,mua,mua,mua,mua,mua,mua,mua
u11,UnitRefine,mouse3b_imec0,184,mua,mua,mua,mua,mua,good,mua,mua,mua,mua,mua,mua,mua,mua,mua,good,mua,good
u11,UnitRefine,mouse3b_imec0,186,mua,mua,mua,mua,mua,mua,mua,mua,mua,mua,mua,mua,mua,mua,mua,mua,mua,mua
u11,UnitRefine,mouse3b_imec0,187,mua,mua,mua,mua,mua,mua,mua,mua,mua,mua,mua,mua,mua,mua,mua,mua,mua,mua
u11,UnitRefine,mouse3b_imec0,188,noise,mua,mua,mua,mua,mua,mua,mua,mua,mua,noise,mua,noise,noise,mua,noise,mua,noise
u11,UnitRefine,mouse3b_imec0,189,noise,noise,noise,noise,noise,noise,noise,noise,noise,noise,noise,noise,noise,noise,noise,noise,noise,noise
u11,UnitRefine,mouse3b_imec0,190,mua,mua,mua,mua,mua,mua,mua,mua,mua,mua,mua,mua,mua,mua,mua,mua,mua,mua
u11,UnitRefine,mouse3b_imec0,191,mua,noise,mua,mua,noise,mua,mua,mua,mua,noise,mua,noise,noise,mua,noise,noise,noise,noise
u11,UnitRefine,mouse3b_imec0,193,mua,mua,mua,mua,mua,mua,mua,mua,mua,mua,mua,mua,mua,mua,mua,mua,mua,mua
u11,UnitRefine,mouse3b_imec0,195,mua,mua,mua,mua,mua,mua,mua,mua,mua,mua,mua,mua,mua,mua,mua,mua,mua,mua
u11,UnitRefine,mouse3b_imec0,196,mua,mua,mua,mua,mua,mua,mua,mua,mua,mua,mua,mua,mua,mua,mua,mua,mua,mua
u11,UnitRefine,mouse3b_imec0,197,mua,mua,mua,mua,mua,mua,mua,mua,mua,mua,mua,mua,mua,mua,mua,mua,mua,mua
u11,UnitRefine,mouse3b_imec0,198,mua,mua,mua,mua,mua,mua,mua,mua,mua,noise,mua,noise,mua,mua,mua,mua,mua,mua
u11,UnitRefine,mouse3b_imec0,201,mua,mua,mua,mua,mua,mua,mua,mua,mua,mua,mua,mua,mua,mua,mua,mua,mua,mua
u11,UnitRefine,mouse3b_imec0,202,mua,mua,mua,mua,mua,mua,mua,mua,mua,mua,mua,mua,mua,mua,mua,mua,mua,mua
u11,UnitRefine,mouse3b_imec0,203,mua,mua,mua,good,mua,mua,mua,mua,good,mua,mua,mua,mua,good,mua,good,mua,mua
u11,UnitRefine,mouse3b_imec0,204,mua,mua,mua,mua,mua,mua,mua,mua,mua,mua,mua,mua,mua,mua,mua,mua,mua,mua
u11,UnitRefine,mouse3b_imec0,205,mua,mua,mua,mua,mua,mua,mua,mua,mua,noise,mua,mua,mua,mua,mua,mua,mua,mua
u11,UnitRefine,mouse3b_imec0,206,mua,mua,mua,mua,mua,mua,mua,mua,mua,mua,mua,mua,mua,mua,mua,mua,mua,mua
u11,UnitRefine,mouse3b_imec0,208,good,mua,mua,mua,mua,mua,mua,mua,mua,mua,mua,mua,mua,good,mua,mua,mua,mua
u11,UnitRefine,mouse3b_imec0,209,mua,mua,mua,mua,mua,mua,mua,mua,mua,mua,mua,mua,mua,mua,mua,mua,mua,mua
u11,UnitRefine,mouse3b_imec0,210,mua,mua,mua,mua,mua,mua,mua,mua,mua,mua,mua,mua,mua,mua,mua,mua,mua,mua
u11,UnitRefine,mouse3b_imec0,211,mua,mua,mua,mua,mua,mua,mua,mua,mua,mua,mua,mua,mua,mua,mua,mua,mua,mua
u11,UnitRefine,mouse3b_imec0,212,mua,mua,mua,mua,mua,mua,mua,mua,mua,mua,mua,mua,mua,mua,mua,mua,mua,mua
u11,UnitRefine,mouse3b_imec0,213,mua,noise,mua,mua,noise,mua,noise,noise,mua,noise,mua,noise,noise,mua,noise,noise,noise,noise
u11,UnitRefine,mouse3b_imec0,214,mua,mua,mua,mua,mua,mua,mua,mua,mua,mua,mua,mua,mua,mua,mua,mua,mua,mua
u11,UnitRefine,mouse3b_imec0,215,mua,mua,mua,mua,mua,mua,mua,mua,mua,mua,mua,mua,mua,mua,mua,mua,mua,mua
u11,UnitRefine,mouse3b_imec0,216,mua,mua,mua,mua,mua,mua,mua,mua,mua,mua,mua,mua,mua,mua,mua,mua,mua,mua
u11,UnitRefine,mouse3b_imec0,217,mua,mua,mua,mua,mua,mua,mua,mua,mua,mua,mua,mua,mua,mua,mua,mua,mua,mua
u11,UnitRefine,mouse3b_imec0,218,noise,noise,noise,mua,noise,mua,noise,noise,mua,noise,mua,noise,noise,mua,noise,mua,noise,noise
u11,UnitRefine,mouse3b_imec0,219,mua,mua,mua,mua,mua,mua,mua,mua,mua,mua,mua,mua,mua,mua,mua,mua,mua,mua
u11,UnitRefine,mouse3b_imec0,220,mua,noise,noise,noise,noise,noise,noise,noise,mua,noise,mua,noise,noise,mua,noise,mua,noise,mua
u11,UnitRefine,mouse3b_imec0,223,mua,mua,mua,mua,mua,mua,mua,mua,mua,mua,mua,mua,mua,mua,mua,mua,mua,mua
u11,UnitRefine,mouse3b_imec0,224,good,mua,mua,mua,good,mua,mua,good,mua,mua,good,mua,good,good,good,good,good,good
u11,UnitRefine,mouse3b_imec0,225,mua,mua,mua,mua,mua,mua,mua,mua,mua,mua,mua,mua,mua,mua,mua,mua,mua,mua
u11,UnitRefine,mouse3b_imec0,227,mua,mua,mua,mua,mua,noise,mua,mua,mua,mua,noise,mua,mua,mua,mua,noise,mua,mua
u11,UnitRefine,mouse3b_imec0,228,mua,mua,mua,mua,mua,noise,mua,mua,mua,mua,noise,mua,mua,mua,mua,mua,mua,mua
u11,UnitRefine,mouse3b_imec0,229,mua,mua,mua,mua,mua,noise,mua,mua,mua,mua,noise,mua,mua,mua,mua,mua,mua,mua
u11,UnitRefine,mouse3b_imec0,231,noise,noise,noise,mua,noise,mua,noise,noise,mua,noise,noise,noise,noise,noise,noise,noise,noise,noise
u11,UnitRefine,mouse3b_imec0,232,mua,mua,mua,mua,mua,mua,mua,mua,mua,mua,mua,mua,mua,mua,mua,mua,mua,mua
u11,UnitRefine,mouse3b_imec0,233,good,mua,mua,mua,good,mua,mua,mua,mua,mua,mua,mua,mua,mua,good,mua,mua,mua
u11,UnitRefine,mouse3b_imec0,234,mua,mua,mua,mua,noise,noise,noise,mua,mua,mua,mua,mua,mua,mua,mua,mua,mua,mua
u11,UnitRefine,mouse3b_imec0,235,mua,noise,mua,mua,mua,noise,noise,mua,mua,mua,noise,mua,mua,mua,mua,noise,mua,mua
u11,UnitRefine,mouse3b_imec0,236,mua,mua,mua,mua,mua,mua,mua,mua,mua,mua,mua,mua,mua,mua,mua,good,mua,mua
u11,UnitRefine,mouse3b_imec0,237,mua,mua,mua,mua,mua,mua,mua,mua,mua,mua,mua,mua,mua,mua,mua,mua,mua,mua
u11,UnitRefine,mouse3b_imec0,238,mua,mua,mua,mua,mua,mua,mua,mua,mua,mua,mua,mua,mua,mua,mua,mua,mua,mua
u11,UnitRefine,mouse3b_imec0,239,noise,noise,noise,noise,noise,noise,noise,noise,noise,noise,noise,noise,noise,noise,noise,noise,noise,noise
u11,UnitRefine,mouse3b_imec0,240,noise,noise,noise,noise,noise,noise,noise,noise,mua,noise,noise,noise,noise,mua,noise,noise,noise,noise
u11,UnitRefine,mouse3b_imec0,241,noise,noise,noise,noise,noise,noise,noise,noise,noise,noise,noise,noise,noise,noise,noise,noise,noise,noise
u11,UnitRefine,mouse3b_imec0,242,mua,mua,mua,mua,mua,mua,mua,mua,mua,mua,mua,mua,mua,mua,mua,mua,mua,mua
u11,UnitRefine,mouse3b_imec0,243,mua,noise,noise,noise,noise,noise,noise,noise,noise,noise,mua,noise,mua,mua,noise,mua,noise,mua
u11,UnitRefine,mouse3b_imec0,244,mua,mua,mua,mua,mua,mua,mua,mua,mua,mua,mua,mua,mua,mua,mua,mua,mua,mua
u11,UnitRefine,mouse3b_imec0,245,mua,mua,mua,mua,mua,mua,mua,mua,mua,noise,mua,noise,noise,mua,noise,noise,noise,noise
u11,UnitRefine,mouse3b_imec0,246,mua,mua,mua,mua,mua,noise,mua,mua,mua,mua,mua,mua,mua,mua,mua,mua,mua,mua
u11,UnitRefine,mouse3b_imec0,247,mua,noise,noise,mua,noise,mua,noise,noise,mua,noise,mua,noise,mua,mua,mua,mua,mua,mua
u11,UnitRefine,mouse3b_imec0,248,mua,mua,mua,mua,mua,mua,mua,mua,mua,mua,mua,mua,mua,mua,mua,mua,mua,mua
u11,UnitRefine,mouse3b_imec0,250,noise,noise,noise,noise,noise,mua,noise,noise,noise,noise,noise,noise,noise,noise,noise,noise,noise,noise
u11,UnitRefine,mouse3b_imec0,251,mua,noise,noise,mua,mua,mua,mua,mua,mua,mua,mua,mua,mua,mua,mua,mua,mua,mua
u11,UnitRefine,mouse3b_imec0,252,mua,good,mua,mua,mua,mua,mua,mua,mua,mua,mua,mua,good,mua,mua,good,good,mua
u11,UnitRefine,mouse3b_imec0,253,noise,noise,noise,noise,noise,noise,noise,noise,noise,noise,noise,noise,noise,noise,noise,noise,noise,noise
u11,UnitRefine,mouse3b_imec0,254,noise,noise,noise,noise,noise,noise,noise,noise,noise,noise,noise,noise,noise,noise,noise,noise,noise,noise
u11,UnitRefine,mouse3b_imec0,255,noise,noise,noise,noise,noise,noise,noise,noise,noise,noise,noise,noise,noise,noise,noise,noise,noise,noise
u11,UnitRefine,mouse3b_imec0,256,noise,noise,noise,mua,noise,mua,noise,noise,noise,noise,noise,noise,noise,noise,noise,noise,noise,noise
u11,UnitRefine,mouse3b_imec0,257,noise,noise,noise,mua,noise,noise,noise,noise,mua,noise,noise,noise,noise,noise,noise,noise,noise,noise
u11,UnitRefine,mouse3b_imec0,258,noise,noise,noise,noise,noise,noise,noise,noise,noise,noise,noise,noise,noise,noise,noise,noise,noise,noise
u11,UnitRefine,mouse3b_imec0,259,noise,noise,noise,noise,noise,noise,noise,noise,noise,noise,noise,noise,noise,noise,noise,noise,noise,noise
u11,UnitRefine,mouse3b_imec0,260,noise,noise,noise,noise,noise,noise,noise,noise,noise,noise,noise,noise,noise,noise,noise,noise,noise,noise
u11,UnitRefine,mouse3b_imec0,261,noise,noise,noise,noise,noise,noise,noise,noise,noise,noise,noise,noise,noise,noise,noise,noise,noise,noise
u11,UnitRefine,mouse3b_imec0,262,noise,noise,noise,noise,noise,noise,noise,noise,noise,noise,noise,noise,noise,noise,noise,noise,noise,noise
u11,UnitRefine,mouse3b_imec0,263,noise,noise,noise,noise,noise,noise,noise,noise,noise,noise,noise,noise,noise,noise,noise,noise,noise,noise
u11,UnitRefine,mouse3b_imec0,264,noise,noise,noise,noise,noise,noise,noise,noise,noise,noise,noise,noise,noise,noise,noise,noise,noise,noise
u11,UnitRefine,mouse3b_imec0,265,noise,noise,noise,noise,noise,noise,noise,noise,noise,noise,noise,noise,noise,noise,noise,noise,noise,noise
u11,UnitRefine,mouse3b_imec0,266,noise,noise,noise,noise,noise,noise,noise,noise,noise,noise,noise,noise,noise,noise,noise,noise,noise,noise
u11,UnitRefine,mouse3b_imec0,267,noise,noise,noise,noise,noise,noise,noise,noise,mua,noise,noise,noise,noise,noise,noise,noise,noise,noise
u11,UnitRefine,mouse3b_imec0,268,noise,noise,noise,noise,noise,noise,noise,noise,noise,noise,noise,noise,noise,noise,noise,noise,noise,noise
u11,UnitRefine,mouse3b_imec0,269,noise,noise,noise,noise,noise,noise,noise,noise,noise,noise,noise,noise,noise,noise,noise,noise,noise,noise
u11,UnitRefine,mouse3b_imec0,270,good,good,good,good,good,good,good,good,good,good,mua,good,good,good,good,good,good,good
u11,UnitRefine,mouse3b_imec0,271,good,good,good,good,good,good,good,good,good,good,good,good,good,good,good,good,good,good
u11,UnitRefine,mouse3b_imec0,272,good,good,good,good,good,good,good,good,good,good,good,good,good,good,good,good,good,good
u11,UnitRefine,mouse3b_imec0,273,mua,mua,mua,mua,mua,mua,mua,mua,mua,mua,mua,mua,mua,mua,mua,mua,mua,mua
u11,UnitRefine,mouse3b_imec0,276,mua,mua,mua,mua,mua,good,mua,mua,mua,mua,mua,mua,mua,mua,mua,mua,mua,mua
u11,UnitRefine,mouse3b_imec0,277,good,good,good,good,good,good,good,good,good,good,good,good,good,good,good,good,good,good
u11,UnitRefine,mouse3b_imec0,278,good,good,good,good,good,good,good,good,good,good,good,good,good,good,good,good,good,good
u11,UnitRefine,mouse3b_imec0,279,mua,mua,mua,mua,mua,noise,noise,mua,mua,mua,noise,mua,mua,mua,mua,mua,mua,mua
u11,UnitRefine,mouse3b_imec0,280,good,good,good,good,good,good,good,good,good,good,good,good,good,good,good,good,good,good
u11,UnitRefine,mouse3b_imec0,281,mua,good,good,good,good,good,good,good,good,good,good,good,good,good,good,good,good,good
u11,UnitRefine,mouse3b_imec0,282,good,good,good,good,good,good,good,good,good,good,good,good,good,good,good,good,good,good
u11,UnitRefine,mouse3b_imec0,284,good,good,good,good,good,good,good,good,good,good,good,good,good,good,good,good,good,good
u11,UnitRefine,mouse3b_imec0,285,mua,mua,mua,mua,mua,good,mua,mua,mua,mua,mua,mua,mua,mua,mua,mua,mua,mua
u11,UnitRefine,mouse3b_imec0,286,mua,mua,mua,mua,mua,good,mua,mua,mua,mua,mua,mua,mua,mua,mua,mua,mua,good
u11,UnitRefine,mouse3b_imec0,287,mua,good,good,good,good,good,good,good,good,good,good,good,good,good,good,good,good,good
u11,UnitRefine,mouse3b_imec0,288,mua,noise,mua,mua,mua,mua,mua,mua,mua,mua,mua,mua,mua,mua,mua,mua,mua,mua
u11,UnitRefine,mouse3b_imec0,289,good,good,good,good,good,good,good,good,good,good,good,good,good,good,good,good,good,good
u11,UnitRefine,mouse3b_imec0,290,mua,good,good,good,good,good,good,good,good,good,good,good,good,good,good,good,good,good
u11,UnitRefine,mouse3b_imec0,291,good,mua,mua,mua,mua,mua,mua,mua,mua,mua,mua,mua,mua,mua,mua,mua,mua,mua
u11,UnitRefine,mouse3b_imec0,292,noise,noise,mua,mua,noise,mua,noise,mua,mua,noise,mua,mua,mua,mua,mua,mua,mua,mua
u11,UnitRefine,mouse3b_imec0,293,good,good,good,good,good,good,good,good,good,good,good,good,good,good,good,good,good,good
u11,UnitRefine,mouse3b_imec0,294,mua,mua,mua,mua,mua,good,mua,mua,mua,mua,mua,mua,mua,mua,mua,mua,mua,mua
u11,UnitRefine,mouse3b_imec0,295,good,good,good,good,good,good,good,good,good,good,good,good,good,good,good,good,good,good
u11,UnitRefine,mouse3b_imec0,298,good,mua,mua,mua,mua,good,mua,mua,mua,good,good,good,good,good,good,good,good,good
u11,UnitRefine,mouse3b_imec0,299,mua,mua,mua,mua,mua,mua,mua,mua,mua,mua,mua,mua,mua,mua,mua,mua,mua,mua
u11,UnitRefine,mouse3b_imec0,302,mua,mua,mua,mua,mua,mua,mua,mua,mua,mua,mua,mua,mua,mua,mua,mua,mua,mua
u11,UnitRefine,mouse3b_imec0,303,mua,mua,mua,mua,mua,mua,mua,mua,mua,mua,mua,mua,mua,mua,mua,mua,mua,mua
u11,UnitRefine,mouse3b_imec0,304,good,good,good,good,good,good,good,good,good,good,good,good,good,good,good,good,good,good
u11,UnitRefine,mouse3b_imec0,305,mua,mua,mua,mua,mua,mua,mua,mua,mua,mua,mua,mua,mua,mua,mua,mua,mua,mua
u11,UnitRefine,mouse3b_imec0,306,mua,good,good,good,good,good,good,good,good,good,good,good,mua,mua,mua,mua,mua,good
u11,UnitRefine,mouse3b_imec0,307,mua,noise,noise,mua,noise,noise,noise,noise,mua,noise,mua,noise,mua,mua,noise,mua,noise,mua
u11,UnitRefine,mouse3b_imec0,309,mua,mua,mua,mua,mua,mua,mua,mua,mua,mua,mua,mua,mua,mua,mua,noise,mua,mua
u11,UnitRefine,mouse3b_imec0,311,mua,mua,mua,mua,mua,mua,mua,mua,mua,mua,mua,mua,mua,mua,mua,mua,mua,mua
u11,UnitRefine,mouse3b_imec0,314,mua,good,mua,mua,mua,mua,mua,mua,mua,mua,mua,mua,mua,mua,mua,mua,mua,mua
u11,UnitRefine,mouse3b_imec0,315,mua,good,good,good,good,mua,good,good,good,good,good,good,mua,mua,mua,mua,mua,good
u11,UnitRefine,mouse3b_imec0,316,mua,mua,mua,mua,mua,mua,mua,mua,mua,mua,mua,mua,mua,mua,mua,mua,mua,mua
u11,UnitRefine,mouse3b_imec0,318,mua,mua,mua,mua,mua,mua,mua,mua,mua,mua,mua,mua,mua,mua,mua,mua,mua,mua
u11,UnitRefine,mouse3b_imec0,319,mua,good,mua,mua,good,good,good,mua,mua,mua,good,mua,mua,mua,mua,good,mua,mua
u11,UnitRefine,mouse3b_imec0,322,good,good,good,good,good,good,good,good,good,good,good,good,good,good,good,good,good,good
u11,UnitRefine,mouse3b_imec0,323,mua,good,mua,mua,good,good,good,mua,mua,mua,mua,mua,good,good,mua,mua,mua,good
u11,UnitRefine,mouse3b_imec0,325,mua,mua,mua,mua,mua,mua,mua,mua,mua,mua,mua,mua,mua,mua,mua,mua,mua,mua
u11,UnitRefine,mouse3b_imec0,326,mua,good,good,good,good,good,good,good,good,good,good,good,good,good,mua,good,good,mua
u11,UnitRefine,mouse3b_imec0,327,good,good,good,mua,mua,mua,mua,good,mua,mua,mua,mua,good,mua,mua,mua,mua,good
u11,UnitRefine,mouse3b_imec0,328,mua,good,good,good,good,good,good,mua,mua,good,good,good,mua,mua,good,good,good,mua
u11,UnitRefine,mouse3b_imec0,329,good,good,good,good,good,good,good,good,good,good,good,good,good,good,good,good,good,good
u11,UnitRefine,mouse3b_imec0,333,mua,mua,mua,mua,mua,good,mua,mua,mua,good,good,good,mua,mua,mua,good,mua,mua
u11,UnitRefine,mouse3b_imec0,334,mua,mua,mua,mua,mua,mua,mua,mua,mua,mua,mua,mua,mua,mua,mua,mua,mua,mua
u11,UnitRefine,mouse3b_imec0,335,mua,mua,mua,mua,mua,mua,mua,mua,mua,mua,mua,mua,mua,mua,mua,mua,mua,mua
u11,UnitRefine,mouse3b_imec0,336,mua,mua,mua,good,mua,good,mua,good,good,good,good,good,good,good,mua,good,mua,good
u11,UnitRefine,mouse3b_imec0,337,mua,mua,mua,mua,mua,mua,mua,mua,mua,mua,mua,mua,mua,mua,mua,good,mua,mua
u11,UnitRefine,mouse3b_imec0,338,mua,good,good,good,good,good,good,good,good,good,good,good,good,good,good,good,good,good
u11,UnitRefine,mouse3b_imec0,343,mua,good,mua,mua,mua,mua,mua,mua,mua,mua,mua,mua,mua,mua,mua,mua,mua,mua
u11,UnitRefine,mouse3b_imec0,344,mua,mua,mua,mua,mua,mua,mua,mua,mua,mua,mua,mua,mua,mua,mua,mua,mua,mua
u11,UnitRefine,mouse3b_imec0,345,mua,mua,mua,mua,mua,good,mua,mua,mua,mua,good,mua,good,good,good,good,good,good
u11,UnitRefine,mouse3b_imec0,346,mua,mua,mua,mua,mua,mua,mua,mua,mua,mua,mua,mua,mua,mua,mua,mua,mua,mua
u11,UnitRefine,mouse3b_imec0,351,mua,mua,mua,mua,good,mua,mua,mua,mua,mua,mua,mua,mua,mua,good,mua,mua,mua
u11,UnitRefine,mouse3b_imec0,355,mua,mua,mua,mua,mua,mua,mua,mua,mua,mua,mua,mua,mua,mua,mua,mua,mua,mua
u11,UnitRefine,mouse3b_imec0,356,mua,mua,mua,mua,mua,mua,mua,mua,mua,mua,mua,mua,mua,mua,mua,mua,mua,mua
u11,UnitRefine,mouse3b_imec0,357,good,mua,mua,mua,mua,mua,mua,mua,mua,mua,mua,mua,mua,mua,mua,mua,mua,mua
u11,UnitRefine,mouse3b_imec0,358,good,mua,mua,mua,mua,mua,mua,mua,mua,mua,mua,mua,mua,mua,mua,mua,mua,mua
u11,UnitRefine,mouse3b_imec0,359,mua,mua,mua,mua,mua,mua,mua,mua,mua,mua,mua,mua,mua,mua,mua,mua,mua,mua
u11,UnitRefine,mouse3b_imec0,360,mua,mua,mua,mua,mua,mua,mua,mua,mua,mua,mua,mua,mua,mua,mua,mua,mua,noise
u11,UnitRefine,mouse3b_imec0,361,mua,mua,mua,mua,mua,mua,mua,mua,mua,mua,mua,mua,mua,mua,mua,mua,mua,mua
u11,UnitRefine,mouse3b_imec0,362,mua,noise,noise,mua,noise,noise,noise,noise,mua,noise,noise,noise,noise,mua,noise,noise,noise,mua
u11,UnitRefine,mouse3b_imec0,363,mua,mua,mua,mua,mua,mua,mua,mua,mua,mua,mua,mua,mua,mua,mua,mua,mua,mua
u11,UnitRefine,mouse3b_imec0,364,mua,mua,mua,mua,mua,mua,mua,mua,mua,mua,mua,mua,mua,mua,mua,mua,mua,mua
u11,UnitRefine,mouse3b_imec0,365,mua,mua,mua,mua,mua,mua,mua,mua,mua,mua,mua,mua,mua,mua,mua,mua,mua,mua
u11,UnitRefine,mouse3b_imec0,366,mua,mua,mua,mua,mua,mua,mua,mua,mua,mua,mua,mua,mua,mua,mua,mua,mua,mua
u11,UnitRefine,mouse3b_imec0,367,mua,mua,mua,mua,mua,mua,mua,mua,mua,mua,mua,mua,mua,mua,mua,mua,mua,mua
u11,UnitRefine,mouse3b_imec0,369,mua,mua,mua,mua,mua,noise,mua,mua,mua,mua,noise,mua,mua,noise,mua,mua,mua,noise
u11,UnitRefine,mouse3b_imec0,370,mua,mua,mua,mua,mua,mua,mua,mua,mua,mua,noise,mua,noise,mua,mua,mua,mua,noise
u11,UnitRefine,mouse3b_imec0,371,mua,mua,mua,mua,mua,mua,mua,mua,mua,mua,mua,mua,mua,mua,mua,mua,mua,mua
u11,UnitRefine,mouse3b_imec0,374,mua,mua,mua,mua,mua,mua,mua,mua,mua,mua,mua,mua,good,mua,good,good,good,good
u11,UnitRefine,mouse3b_imec0,375,noise,noise,noise,noise,noise,noise,noise,noise,mua,noise,noise,noise,noise,noise,noise,noise,noise,noise
u11,UnitRefine,mouse3b_imec0,376,noise,noise,noise,noise,noise,noise,noise,noise,noise,noise,noise,noise,noise,noise,noise,noise,noise,noise
u11,UnitRefine,mouse3b_imec0,377,noise,noise,noise,noise,noise,noise,noise,noise,mua,noise,noise,noise,noise,noise,noise,noise,noise,noise
u11,UnitRefine,mouse3b_imec0,378,noise,noise,noise,noise,noise,noise,noise,noise,mua,noise,noise,noise,noise,noise,noise,noise,noise,noise
u11,UnitRefine,mouse3b_imec0,379,noise,noise,noise,noise,noise,noise,noise,noise,mua,noise,noise,noise,noise,noise,noise,noise,noise,noise
u11,UnitRefine,mouse3b_imec0,380,noise,noise,noise,noise,noise,noise,noise,noise,noise,noise,noise,noise,noise,noise,noise,noise,noise,noise
u11,UnitRefine,mouse3b_imec0,381,noise,noise,noise,noise,noise,noise,noise,noise,noise,noise,noise,noise,noise,noise,noise,noise,noise,noise
u11,UnitRefine,mouse3b_imec0,382,noise,noise,noise,noise,noise,noise,noise,noise,noise,noise,noise,noise,noise,noise,noise,noise,noise,noise
u11,UnitRefine,mouse3b_imec0,384,noise,noise,noise,noise,noise,noise,noise,noise,noise,noise,noise,noise,noise,noise,noise,noise,noise,noise
u11,UnitRefine,mouse3b_imec0,386,good,good,good,good,good,good,good,good,good,good,good,good,good,good,good,good,good,good
u11,UnitRefine,mouse3b_imec0,390,mua,mua,mua,mua,mua,good,mua,mua,mua,mua,mua,mua,mua,mua,mua,good,mua,mua
u11,UnitRefine,mouse3b_imec0,392,mua,mua,mua,mua,mua,mua,mua,mua,mua,mua,mua,mua,good,mua,good,mua,good,good
u11,UnitRefine,mouse3b_imec0,393,good,good,good,good,good,good,good,good,good,good,good,good,good,good,good,good,good,good
u11,UnitRefine,mouse3b_imec0,394,good,good,good,good,good,good,good,good,good,good,good,good,good,good,good,good,good,good
u11,UnitRefine,mouse3b_imec0,396,mua,mua,mua,mua,mua,mua,mua,mua,mua,mua,mua,mua,mua,mua,mua,mua,mua,mua
u11,UnitRefine,mouse3b_imec0,398,mua,mua,mua,mua,mua,mua,mua,mua,mua,mua,mua,mua,mua,mua,mua,noise,mua,noise
u11,UnitRefine,mouse3b_imec0,401,mua,mua,mua,mua,mua,mua,mua,mua,mua,mua,mua,mua,mua,mua,mua,mua,mua,mua
u11,UnitRefine,mouse3b_imec0,402,mua,mua,mua,mua,mua,mua,mua,mua,mua,mua,mua,mua,mua,mua,mua,good,mua,mua
u11,UnitRefine,mouse3b_imec0,403,mua,mua,mua,mua,mua,mua,mua,mua,mua,mua,mua,mua,mua,mua,mua,mua,mua,mua
u11,UnitRefine,mouse3b_imec0,405,mua,mua,mua,mua,mua,mua,mua,mua,mua,mua,mua,mua,mua,mua,mua,good,mua,mua
u11,UnitRefine,mouse3b_imec0,406,good,good,good,good,good,good,good,good,good,good,good,good,good,good,good,good,good,good
u11,UnitRefine,mouse3b_imec0,407,mua,mua,mua,mua,mua,mua,mua,mua,mua,mua,mua,mua,good,good,good,mua,good,good
u11,UnitRefine,mouse3b_imec0,408,mua,mua,mua,mua,mua,mua,mua,mua,mua,mua,mua,mua,mua,mua,mua,mua,mua,mua
u11,UnitRefine,mouse3b_imec0,409,good,good,good,mua,good,good,good,good,good,good,good,good,good,good,good,good,good,good
u11,UnitRefine,mouse3b_imec0,410,mua,mua,mua,mua,mua,good,mua,mua,mua,good,mua,mua,mua,mua,mua,mua,mua,mua
u11,UnitRefine,mouse3b_imec0,411,mua,mua,mua,mua,mua,mua,mua,mua,mua,mua,mua,mua,mua,mua,mua,mua,mua,mua
u11,UnitRefine,mouse3b_imec0,412,mua,mua,mua,mua,mua,good,mua,mua,mua,mua,good,mua,good,mua,good,good,good,good
u11,UnitRefine,mouse3b_imec0,413,mua,mua,mua,mua,mua,mua,mua,mua,mua,mua,mua,mua,mua,mua,mua,mua,mua,mua
u11,UnitRefine,mouse3b_imec0,414,good,good,good,good,good,good,good,good,good,good,good,good,good,good,good,good,good,good
u11,UnitRefine,mouse3b_imec0,415,mua,mua,mua,mua,mua,mua,mua,mua,mua,mua,mua,mua,mua,mua,mua,mua,mua,mua
u11,UnitRefine,mouse3b_imec0,416,good,mua,mua,mua,mua,mua,mua,mua,mua,mua,mua,mua,mua,mua,mua,mua,mua,mua
u11,UnitRefine,mouse3b_imec0,417,noise,noise,mua,mua,noise,noise,noise,mua,noise,noise,noise,noise,noise,noise,noise,noise,noise,noise
u11,UnitRefine,mouse3b_imec0,419,noise,noise,noise,noise,noise,noise,noise,noise,noise,noise,noise,noise,noise,noise,noise,noise,noise,noise
u11,UnitRefine,mouse3b_imec0,420,good,good,good,good,good,good,good,good,good,good,good,good,good,good,good,good,good,good
u11,UnitRefine,mouse3b_imec0,421,mua,mua,mua,mua,mua,mua,mua,mua,mua,good,mua,mua,mua,mua,mua,mua,mua,mua
u11,UnitRefine,mouse3b_imec0,423,mua,mua,mua,mua,mua,mua,mua,mua,mua,mua,mua,mua,mua,mua,mua,mua,mua,mua
u11,UnitRefine,mouse3b_imec0,424,mua,mua,mua,mua,good,mua,good,mua,mua,good,mua,good,mua,mua,good,mua,mua,mua
u11,UnitRefine,mouse3b_imec0,425,mua,noise,mua,mua,mua,mua,mua,mua,mua,mua,mua,mua,mua,mua,mua,noise,mua,mua
u11,UnitRefine,mouse3b_imec0,426,good,mua,mua,mua,mua,good,mua,mua,mua,mua,mua,mua,mua,mua,good,good,good,mua
u11,UnitRefine,mouse3b_imec0,427,good,good,good,good,good,good,good,good,good,good,good,good,good,good,good,good,good,good
u3,UnitRefine,mouse3c_imec0,0,good,good,good,good,good,good,good,good,good,good,good,good,good,good,good,good,good,good
u3,UnitRefine,mouse3c_imec0,1,mua,mua,mua,mua,mua,good,mua,mua,mua,mua,mua,mua,mua,mua,mua,good,mua,mua
u3,UnitRefine,mouse3c_imec0,3,noise,noise,noise,good,noise,noise,noise,noise,noise,noise,noise,noise,noise,noise,noise,mua,noise,noise
u3,UnitRefine,mouse3c_imec0,4,noise,noise,noise,noise,noise,noise,noise,noise,noise,noise,noise,noise,noise,noise,noise,noise,noise,noise
u3,UnitRefine,mouse3c_imec0,6,noise,noise,noise,noise,noise,noise,noise,noise,noise,noise,noise,noise,noise,noise,noise,noise,noise,noise
u3,UnitRefine,mouse3c_imec0,7,good,mua,mua,mua,good,good,good,mua,mua,good,good,mua,mua,mua,mua,mua,mua,mua
u3,UnitRefine,mouse3c_imec0,8,mua,good,good,good,good,good,good,good,mua,mua,good,good,mua,mua,mua,good,mua,mua
u3,UnitRefine,mouse3c_imec0,9,mua,mua,mua,mua,mua,mua,mua,mua,mua,mua,mua,mua,mua,mua,mua,mua,mua,mua
u3,UnitRefine,mouse3c_imec0,10,mua,mua,good,mua,good,good,good,mua,mua,mua,mua,mua,mua,mua,mua,mua,mua,mua
u3,UnitRefine,mouse3c_imec0,11,mua,mua,mua,mua,mua,mua,mua,mua,mua,mua,mua,mua,mua,mua,mua,mua,mua,mua
u3,UnitRefine,mouse3c_imec0,12,good,good,good,good,good,good,good,good,good,good,good,good,good,good,good,good,good,good
u3,UnitRefine,mouse3c_imec0,13,good,good,good,good,good,good,good,good,good,good,good,good,good,good,good,good,good,good
u3,UnitRefine,mouse3c_imec0,14,good,good,good,good,good,good,good,good,good,good,good,good,good,good,good,good,good,good
u3,UnitRefine,mouse3c_imec0,15,good,good,good,good,good,good,good,good,good,good,good,good,good,good,good,good,good,good
u3,UnitRefine,mouse3c_imec0,16,good,good,good,good,good,good,good,good,good,good,good,good,good,good,good,good,good,good
u3,UnitRefine,mouse3c_imec0,17,mua,mua,mua,mua,good,mua,good,mua,mua,mua,mua,mua,mua,mua,mua,mua,mua,mua
u3,UnitRefine,mouse3c_imec0,18,good,good,good,mua,good,good,good,good,mua,good,good,good,mua,mua,mua,good,mua,mua
u3,UnitRefine,mouse3c_imec0,19,good,good,good,good,good,good,good,good,good,good,good,good,good,good,good,good,good,good
u3,UnitRefine,mouse3c_imec0,20,good,good,good,good,good,good,good,good,good,good,good,good,good,good,good,good,good,good
u3,UnitRefine,mouse3c_imec0,21,noise,good,good,good,good,mua,good,good,good,good,mua,good,good,mua,mua,good,mua,good
u3,UnitRefine,mouse3c_imec0,22,good,good,good,good,good,good,good,good,good,good,good,good,good,good,good,good,good,good
u3,UnitRefine,mouse3c_imec0,24,noise,noise,noise,mua,noise,noise,noise,noise,noise,noise,noise,noise,noise,noise,noise,noise,noise,noise
u3,UnitRefine,mouse3c_imec0,25,noise,mua,mua,mua,mua,mua,mua,mua,mua,mua,mua,mua,mua,mua,mua,mua,mua,mua
u3,UnitRefine,mouse3c_imec0,26,mua,good,good,mua,good,good,good,good,mua,good,good,good,good,good,good,mua,good,good
u3,UnitRefine,mouse3c_imec0,27,mua,mua,mua,mua,mua,mua,mua,mua,mua,mua,mua,mua,mua,mua,mua,mua,mua,mua
u3,UnitRefine,mouse3c_imec0,28,good,good,good,good,good,good,good,good,good,good,good,good,good,good,good,good,good,good
u3,UnitRefine,mouse3c_imec0,30,good,good,good,good,good,good,good,good,good,good,good,good,good,good,good,good,good,good
u3,UnitRefine,mouse3c_imec0,32,good,good,good,good,good,good,good,good,good,good,good,good,good,good,good,good,good,good
u3,UnitRefine,mouse3c_imec0,33,good,good,good,good,good,good,good,good,good,good,good,good,good,good,good,good,good,good
u3,UnitRefine,mouse3c_imec0,34,good,good,good,good,good,good,good,good,good,good,good,good,good,good,good,good,good,good
u3,UnitRefine,mouse3c_imec0,35,mua,mua,mua,good,good,good,good,mua,good,good,good,good,good,good,good,good,good,good
u3,UnitRefine,mouse3c_imec0,37,mua,good,good,good,good,noise,good,good,good,good,noise,good,good,good,good,good,good,good
u3,UnitRefine,mouse3c_imec0,38,good,good,good,good,good,good,good,good,good,good,good,good,good,good,good,good,good,good
u3,UnitRefine,mouse3c_imec0,39,good,good,good,good,good,good,good,good,good,good,good,good,good,good,good,good,good,good
u3,UnitRefine,mouse3c_imec0,40,good,mua,mua,mua,mua,mua,mua,mua,mua,mua,mua,mua,mua,mua,mua,mua,mua,mua
u3,UnitRefine,mouse3c_imec0,42,mua,good,good,good,good,good,good,good,good,good,mua,good,mua,mua,mua,mua,mua,mua
u3,UnitRefine,mouse3c_imec0,43,mua,mua,mua,mua,mua,mua,mua,mua,mua,mua,mua,mua,mua,mua,mua,mua,mua,mua
u3,UnitRefine,mouse3c_imec0,44,mua,mua,mua,mua,mua,mua,mua,mua,mua,mua,mua,mua,mua,mua,mua,mua,mua,mua
u3,UnitRefine,mouse3c_imec0,45,good,good,good,good,good,good,good,good,good,good,good,good,good,good,good,good,good,good
u3,UnitRefine,mouse3c_imec0,46,mua,mua,mua,mua,mua,mua,mua,mua,mua,mua,mua,mua,mua,mua,mua,mua,mua,mua
u3,UnitRefine,mouse3c_imec0,47,good,mua,mua,mua,mua,mua,mua,mua,mua,mua,mua,mua,mua,mua,mua,mua,mua,mua
u3,UnitRefine,mouse3c_imec0,48,good,good,good,good,good,good,good,good,good,good,good,good,good,good,good,good,good,good
u3,UnitRefine,mouse3c_imec0,49,mua,mua,mua,mua,mua,mua,mua,mua,mua,mua,mua,mua,mua,mua,mua,mua,mua,mua
u3,UnitRefine,mouse3c_imec0,50,good,mua,mua,mua,mua,mua,mua,good,mua,good,good,good,mua,mua,good,good,good,mua
u3,UnitRefine,mouse3c_imec0,51,good,good,good,mua,good,mua,mua,good,mua,mua,mua,mua,mua,mua,good,mua,mua,good
u3,UnitRefine,mouse3c_imec0,52,mua,good,good,good,good,good,good,mua,mua,mua,good,mua,mua,mua,mua,mua,mua,mua
u3,UnitRefine,mouse3c_imec0,53,mua,mua,noise,mua,noise,noise,noise,noise,mua,mua,noise,mua,mua,mua,mua,mua,mua,mua
u3,UnitRefine,mouse3c_imec0,54,noise,mua,mua,mua,mua,mua,mua,mua,mua,mua,mua,mua,mua,mua,mua,mua,mua,mua
u3,UnitRefine,mouse3c_imec0,55,mua,mua,mua,mua,mua,mua,mua,mua,mua,mua,mua,mua,mua,mua,mua,mua,mua,mua
u3,UnitRefine,mouse3c_imec0,56,mua,noise,mua,mua,noise,mua,noise,noise,mua,noise,noise,noise,noise,noise,noise,noise,noise,noise
u3,UnitRefine,mouse3c_imec0,57,mua,mua,mua,mua,mua,good,good,mua,mua,mua,good,mua,mua,mua,mua,good,mua,mua
u3,UnitRefine,mouse3c_imec0,58,good,good,good,good,good,good,good,good,good,good,good,good,good,good,good,good,good,good
u3,UnitRefine,mouse3c_imec0,59,noise,mua,mua,mua,mua,mua,mua,mua,mua,mua,mua,mua,mua,mua,mua,mua,mua,mua
u3,UnitRefine,mouse3c_imec0,60,good,good,good,good,good,good,good,good,good,good,good,good,good,good,good,good,good,good
u3,UnitRefine,mouse3c_imec0,61,mua,mua,mua,mua,mua,mua,mua,mua,mua,mua,mua,mua,mua,mua,mua,mua,mua,mua
u3,UnitRefine,mouse3c_imec0,63,good,good,good,good,good,good,good,good,good,good,good,good,good,good,good,good,good,good
u3,UnitRefine,mouse3c_imec0,64,good,good,good,good,good,good,good,good,good,good,good,good,good,good,good,good,good,good
u3,UnitRefine,mouse3c_imec0,65,mua,good,good,good,good,good,good,good,good,good,good,good,good,good,good,good,good,good
u3,UnitRefine,mouse3c_imec0,66,good,good,good,good,good,good,good,good,good,good,good,good,good,good,good,good,good,good
u3,UnitRefine,mouse3c_imec0,67,mua,good,mua,mua,good,mua,good,mua,mua,mua,mua,mua,mua,mua,mua,mua,mua,mua
u3,UnitRefine,mouse3c_imec0,68,good,good,good,good,good,good,good,good,good,good,good,good,good,good,good,good,good,good
u3,UnitRefine,mouse3c_imec0,69,mua,mua,mua,mua,mua,mua,mua,mua,mua,mua,mua,mua,mua,mua,mua,mua,mua,mua
u3,UnitRefine,mouse3c_imec0,70,mua,good,good,good,good,mua,good,good,good,good,good,good,good,mua,good,mua,good,good
u3,UnitRefine,mouse3c_imec0,71,good,good,good,good,good,good,good,good,good,good,good,good,good,good,good,good,good,good
u3,UnitRefine,mouse3c_imec0,72,mua,good,good,good,good,good,good,good,good,good,good,good,good,mua,good,good,good,good
u3,UnitRefine,mouse3c_imec0,73,good,good,good,good,good,good,good,good,good,good,good,good,good,good,good,good,good,good
u3,UnitRefine,mouse3c_imec0,74,mua,mua,mua,mua,mua,mua,mua,mua,mua,mua,mua,mua,mua,mua,mua,mua,mua,mua
u3,UnitRefine,mouse3c_imec0,76,mua,good,good,good,good,good,good,mua,mua,good,mua,good,good,good,good,good,good,mua
u3,UnitRefine,mouse3c_imec0,77,noise,mua,mua,mua,good,good,good,mua,mua,good,good,good,good,mua,good,good,good,good
u3,UnitRefine,mouse3c_imec0,78,good,good,good,good,good,good,good,good,good,good,good,good,good,good,good,good,good,good
u3,UnitRefine,mouse3c_imec0,79,noise,noise,noise,noise,noise,noise,noise,noise,noise,noise,noise,noise,noise,noise,noise,noise,noise,noise
u3,UnitRefine,mouse3c_imec0,80,noise,noise,noise,noise,noise,noise,noise,noise,noise,noise,noise,noise,noise,noise,noise,noise,noise,noise
u3,UnitRefine,mouse3c_imec0,81,noise,noise,noise,noise,noise,noise,noise,noise,noise,noise,noise,noise,noise,noise,noise,noise,noise,noise
u3,UnitRefine,mouse3c_imec0,82,mua,mua,mua,mua,mua,mua,mua,mua,mua,mua,mua,mua,mua,mua,mua,mua,mua,mua
u3,UnitRefine,mouse3c_imec0,83,good,mua,mua,mua,mua,mua,mua,mua,mua,mua,mua,mua,mua,mua,mua,mua,mua,mua
u3,UnitRefine,mouse3c_imec0,84,mua,mua,mua,mua,mua,mua,mua,mua,mua,mua,mua,mua,mua,mua,mua,mua,mua,mua
u3,UnitRefine,mouse3c_imec0,85,good,good,good,good,good,good,good,good,good,good,good,good,good,good,good,good,good,good
u3,UnitRefine,mouse3c_imec0,89,good,good,good,good,good,good,good,good,good,good,good,good,good,good,good,good,good,good
u3,UnitRefine,mouse3c_imec0,91,mua,mua,mua,mua,mua,mua,mua,mua,mua,mua,mua,mua,mua,mua,mua,mua,mua,mua
u3,UnitRefine,mouse3c_imec0,92,mua,mua,mua,mua,mua,good,mua,mua,mua,mua,good,mua,mua,mua,mua,good,mua,mua
u3,UnitRefine,mouse3c_imec0,94,mua,mua,mua,mua,mua,mua,mua,mua,mua,mua,mua,mua,mua,mua,mua,mua,mua,mua
u3,UnitRefine,mouse3c_imec0,96,mua,mua,mua,mua,mua,good,mua,mua,mua,mua,good,mua,mua,mua,mua,good,mua,mua
u3,UnitRefine,mouse3c_imec0,97,mua,mua,mua,mua,mua,mua,mua,mua,mua,mua,mua,mua,mua,mua,mua,mua,mua,mua
u3,UnitRefine,mouse3c_imec0,99,mua,good,good,good,good,good,good,good,good,good,good,good,good,mua,good,good,good,good
u3,UnitRefine,mouse3c_imec0,100,mua,mua,mua,mua,mua,mua,mua,mua,mua,mua,mua,mua,mua,mua,mua,mua,mua,mua
u3,UnitRefine,mouse3c_imec0,101,mua,mua,mua,mua,mua,mua,mua,mua,mua,mua,good,mua,mua,mua,mua,good,mua,mua
u3,UnitRefine,mouse3c_imec0,102,good,good,mua,good,good,good,good,good,good,good,good,good,good,good,good,good,good,good
u3,UnitRefine,mouse3c_imec0,105,mua,mua,mua,mua,mua,mua,mua,mua,mua,mua,mua,mua,mua,mua,mua,mua,mua,mua
u3,UnitRefine,mouse3c_imec0,106,mua,mua,mua,mua,mua,mua,mua,mua,mua,mua,mua,mua,mua,mua,mua,mua,mua,mua
u3,UnitRefine,mouse3c_imec0,108,good,mua,mua,mua,mua,mua,mua,mua,mua,mua,mua,mua,mua,mua,mua,mua,mua,mua
u3,UnitRefine,mouse3c_imec0,109,good,good,good,good,good,good,good,good,good,good,good,good,good,good,good,good,good,good
u3,UnitRefine,mouse3c_imec0,110,good,mua,mua,mua,mua,good,mua,mua,mua,mua,good,mua,mua,mua,mua,good,mua,good
u3,UnitRefine,mouse3c_imec0,111,good,mua,mua,mua,mua,good,mua,mua,mua,mua,good,mua,mua,mua,mua,good,good,good
u3,UnitRefine,mouse3c_imec0,112,mua,mua,mua,mua,mua,mua,mua,mua,mua,mua,mua,mua,mua,mua,mua,mua,mua,mua
u3,UnitRefine,mouse3c_imec0,113,good,mua,mua,mua,mua,mua,mua,mua,mua,mua,mua,mua,mua,mua,mua,mua,mua,mua
u3,UnitRefine,mouse3c_imec0,114,good,good,mua,mua,good,good,good,mua,mua,mua,good,mua,good,good,good,good,good,good
u3,UnitRefine,mouse3c_imec0,117,good,mua,mua,mua,mua,mua,mua,good,mua,good,good,good,good,good,good,mua,good,mua
u3,UnitRefine,mouse3c_imec0,118,mua,mua,mua,mua,good,good,good,good,mua,good,good,good,good,good,good,good,good,good
u3,UnitRefine,mouse3c_imec0,119,mua,good,good,mua,good,mua,good,mua,good,good,mua,good,good,good,mua,good,good,good
u3,UnitRefine,mouse3c_imec0,121,mua,mua,mua,mua,mua,mua,mua,mua,mua,mua,mua,mua,mua,mua,mua,mua,mua,good
u3,UnitRefine,mouse3c_imec0,122,mua,mua,mua,mua,mua,mua,mua,mua,mua,mua,mua,mua,mua,mua,mua,mua,mua,mua
u3,UnitRefine,mouse3c_imec0,123,mua,mua,mua,mua,mua,mua,mua,mua,mua,mua,mua,mua,mua,mua,mua,mua,mua,mua
u3,UnitRefine,mouse3c_imec0,124,mua,mua,mua,mua,mua,mua,mua,mua,mua,mua,mua,mua,mua,mua,mua,mua,mua,mua
u3,UnitRefine,mouse3c_imec0,125,good,mua,mua,mua,mua,mua,mua,mua,mua,mua,good,mua,good,good,mua,good,mua,mua
u3,UnitRefine,mouse3c_imec0,126,noise,noise,noise,mua,noise,mua,noise,noise,noise,noise,noise,noise,noise,noise,noise,noise,noise,noise
u3,UnitRefine,mouse3c_imec0,127,good,mua,mua,mua,mua,mua,mua,mua,mua,mua,mua,mua,mua,mua,mua,good,mua,mua
u3,UnitRefine,mouse3c_imec0,128,good,good,good,good,good,good,good,good,good,good,good,good,good,good,good,good,good,good
u3,UnitRefine,mouse3c_imec0,129,noise,noise,mua,mua,noise,mua,mua,noise,noise,noise,noise,noise,noise,noise,noise,noise,noise,noise
u3,UnitRefine,mouse3c_imec0,130,mua,mua,mua,mua,good,good,good,mua,mua,mua,good,mua,mua,mua,mua,good,mua,mua
u3,UnitRefine,mouse3c_imec0,131,mua,mua,mua,mua,mua,mua,mua,mua,mua,mua,mua,mua,mua,mua,mua,mua,mua,mua
u3,UnitRefine,mouse3c_imec0,132,good,mua,mua,mua,mua,good,mua,mua,mua,mua,good,mua,mua,mua,mua,good,mua,mua
u3,UnitRefine,mouse3c_imec0,133,good,mua,mua,mua,mua,mua,mua,mua,mua,mua,good,mua,mua,mua,mua,good,mua,good
u3,UnitRefine,mouse3c_imec0,134,mua,mua,mua,mua,mua,mua,mua,mua,mua,mua,good,mua,mua,mua,mua,mua,mua,mua
u3,UnitRefine,mouse3c_imec0,135,mua,mua,mua,mua,mua,mua,mua,mua,mua,mua,mua,mua,mua,mua,mua,good,mua,mua
u3,UnitRefine,mouse3c_imec0,136,mua,good,good,good,good,good,good,good,mua,good,good,good,good,good,good,good,good,good
u3,UnitRefine,mouse3c_imec0,137,good,mua,mua,mua,mua,mua,mua,mua,mua,mua,mua,mua,mua,mua,mua,mua,mua,mua
u3,UnitRefine,mouse3c_imec0,138,noise,mua,mua,mua,noise,mua,mua,mua,mua,mua,mua,mua,mua,mua,mua,mua,mua,noise
u3,UnitRefine,mouse3c_imec0,139,mua,good,good,good,good,good,good,good,mua,mua,good,mua,mua,mua,mua,mua,mua,mua
u3,UnitRefine,mouse3c_imec0,140,mua,mua,mua,mua,mua,mua,mua,mua,mua,mua,mua,mua,mua,mua,mua,mua,mua,mua
u3,UnitRefine,mouse3c_imec0,141,mua,good,good,good,good,good,good,good,good,good,good,good,good,good,good,good,good,good
u3,UnitRefine,mouse3c_imec0,143,mua,mua,mua,mua,good,mua,good,mua,mua,mua,mua,mua,mua,mua,mua,mua,mua,mua
u3,UnitRefine,mouse3c_imec0,144,mua,mua,mua,mua,mua,mua,mua,good,mua,good,good,good,mua,mua,mua,mua,mua,mua
u3,UnitRefine,mouse3c_imec0,145,mua,good,mua,mua,good,mua,good,mua,mua,good,good,good,mua,mua,good,mua,good,good
u3,UnitRefine,mouse3c_imec0,146,mua,good,good,good,good,good,good,good,mua,good,good,good,good,good,good,good,good,good
u3,UnitRefine,mouse3c_imec0,147,mua,good,good,mua,good,good,good,good,mua,good,good,good,mua,mua,good,good,good,good
u3,UnitRefine,mouse3c_imec0,148,mua,mua,mua,mua,mua,mua,mua,mua,mua,mua,mua,mua,mua,mua,mua,mua,mua,mua
u3,UnitRefine,mouse3c_imec0,149,mua,noise,mua,mua,noise,mua,mua,mua,mua,noise,mua,mua,mua,mua,mua,mua,mua,mua
u3,UnitRefine,mouse3c_imec0,150,mua,mua,mua,mua,mua,mua,mua,mua,mua,mua,mua,mua,mua,mua,mua,mua,mua,mua
u3,UnitRefine,mouse3c_imec0,151,mua,mua,mua,mua,mua,mua,mua,mua,mua,mua,mua,mua,mua,mua,mua,mua,mua,mua
u3,UnitRefine,mouse3c_imec0,152,mua,good,good,good,good,good,good,good,good,good,good,good,good,good,good,good,good,good
u3,UnitRefine,mouse3c_imec0,153,good,good,good,good,good,good,good,good,good,good,good,good,mua,mua,mua,mua,mua,mua
u3,UnitRefine,mouse3c_imec0,154,mua,mua,mua,mua,mua,mua,mua,mua,mua,mua,mua,mua,mua,mua,mua,mua,mua,mua
u3,UnitRefine,mouse3c_imec0,155,mua,good,good,mua,mua,good,good,mua,mua,mua,good,mua,mua,mua,mua,good,mua,mua
u3,UnitRefine,mouse3c_imec0,156,mua,mua,mua,mua,noise,mua,mua,mua,mua,noise,mua,mua,mua,mua,mua,mua,mua,mua
u3,UnitRefine,mouse3c_imec0,157,mua,mua,mua,mua,mua,mua,mua,mua,mua,mua,mua,mua,mua,mua,mua,mua,mua,mua
u3,UnitRefine,mouse3c_imec0,158,mua,mua,mua,mua,mua,mua,mua,mua,mua,mua,mua,mua,mua,mua,mua,mua,mua,mua
u3,UnitRefine,mouse3c_imec0,159,good,good,mua,mua,good,good,good,mua,mua,good,good,good,mua,mua,good,mua,mua,mua
u3,UnitRefine,mouse3c_imec0,160,mua,mua,mua,mua,mua,mua,mua,mua,mua,mua,mua,mua,mua,mua,mua,mua,mua,mua
u3,UnitRefine,mouse3c_imec0,161,good,good,good,good,good,good,good,good,good,good,good,good,good,mua,good,good,good,good
u3,UnitRefine,mouse3c_imec0,163,mua,mua,mua,mua,mua,good,mua,mua,mua,mua,good,good,mua,mua,good,mua,mua,mua
u3,UnitRefine,mouse3c_imec0,164,good,mua,mua,mua,mua,good,good,mua,mua,good,good,good,mua,mua,mua,good,mua,mua
u3,UnitRefine,mouse3c_imec0,165,mua,mua,mua,mua,mua,mua,mua,mua,mua,mua,mua,mua,mua,mua,mua,mua,mua,mua
u3,UnitRefine,mouse3c_imec0,166,mua,mua,mua,mua,mua,mua,mua,mua,mua,mua,good,mua,mua,mua,mua,mua,mua,mua
u3,UnitRefine,mouse3c_imec0,167,mua,mua,mua,mua,mua,mua,mua,good,mua,mua,mua,mua,mua,mua,mua,mua,mua,mua
u3,UnitRefine,mouse3c_imec0,168,mua,mua,mua,mua,mua,mua,mua,mua,mua,mua,mua,mua,mua,mua,mua,mua,mua,mua
u3,UnitRefine,mouse3c_imec0,169,good,good,good,good,good,good,good,good,good,good,good,good,mua,mua,mua,mua,mua,good
u3,UnitRefine,mouse3c_imec0,170,mua,mua,mua,mua,mua,mua,mua,mua,mua,mua,mua,mua,mua,mua,mua,mua,mua,mua
u3,UnitRefine,mouse3c_imec0,171,mua,mua,mua,mua,mua,mua,mua,mua,mua,mua,mua,mua,mua,mua,mua,mua,mua,mua
u3,UnitRefine,mouse3c_imec0,172,mua,good,mua,mua,mua,good,mua,mua,mua,mua,good,mua,mua,mua,mua,mua,mua,mua
u3,UnitRefine,mouse3c_imec0,173,good,good,good,good,good,good,good,good,good,good,good,good,good,good,good,good,good,good
u3,UnitRefine,mouse3c_imec0,175,mua,mua,mua,mua,mua,mua,mua,mua,mua,mua,mua,mua,mua,mua,mua,mua,mua,mua
u3,UnitRefine,mouse3c_imec0,176,mua,mua,mua,mua,mua,mua,mua,mua,mua,mua,mua,mua,mua,mua,mua,mua,mua,mua
u3,UnitRefine,mouse3c_imec0,177,mua,mua,mua,mua,mua,mua,mua,mua,mua,mua,mua,mua,mua,mua,mua,mua,mua,mua
u3,UnitRefine,mouse3c_imec0,178,good,mua,mua,mua,mua,mua,mua,mua,mua,mua,mua,mua,mua,mua,mua,mua,mua,mua
u3,UnitRefine,mouse3c_imec0,179,mua,noise,mua,mua,noise,mua,noise,noise,mua,noise,noise,noise,noise,noise,noise,noise,noise,noise
u3,UnitRefine,mouse3c_imec0,180,mua,mua,mua,mua,mua,mua,mua,mua,mua,mua,mua,mua,mua,mua,mua,mua,mua,mua
u3,UnitRefine,mouse3c_imec0,181,good,good,good,good,good,good,good,good,good,good,good,good,good,good,good,good,good,good
u3,UnitRefine,mouse3c_imec0,182,good,mua,mua,mua,mua,mua,mua,mua,mua,mua,mua,mua,mua,mua,mua,mua,mua,mua
u3,UnitRefine,mouse3c_imec0,184,mua,mua,mua,mua,mua,mua,mua,mua,mua,mua,mua,mua,mua,mua,mua,mua,mua,mua
u3,UnitRefine,mouse3c_imec0,185,mua,mua,mua,mua,mua,mua,mua,mua,mua,mua,mua,mua,mua,mua,mua,mua,mua,mua
u3,UnitRefine,mouse3c_imec0,186,mua,noise,noise,noise,noise,noise,noise,noise,noise,noise,noise,noise,noise,noise,noise,noise,noise,noise
u3,UnitRefine,mouse3c_imec0,188,good,good,good,good,good,mua,good,good,good,good,good,good,mua,mua,good,good,good,noise
u3,UnitRefine,mouse3c_imec0,189,mua,mua,mua,mua,mua,good,mua,mua,mua,mua,good,mua,mua,good,mua,good,mua,good
u3,UnitRefine,mouse3c_imec0,190,mua,mua,mua,mua,mua,mua,mua,mua,mua,mua,mua,mua,mua,mua,mua,mua,mua,mua
u3,UnitRefine,mouse3c_imec0,191,good,good,good,good,good,good,good,good,good,good,good,good,good,good,good,good,good,good
u3,UnitRefine,mouse3c_imec0,192,mua,mua,mua,mua,mua,mua,mua,good,mua,good,mua,good,good,mua,good,good,good,mua
u3,UnitRefine,mouse3c_imec0,193,mua,mua,mua,mua,mua,mua,mua,mua,mua,mua,mua,mua,mua,mua,mua,mua,mua,mua
u3,UnitRefine,mouse3c_imec0,194,mua,mua,mua,mua,mua,mua,mua,mua,mua,mua,mua,mua,mua,mua,mua,mua,mua,mua
u3,UnitRefine,mouse3c_imec0,195,mua,mua,mua,mua,mua,mua,mua,mua,mua,mua,mua,mua,mua,mua,mua,mua,mua,mua
u3,UnitRefine,mouse3c_imec0,196,good,mua,mua,mua,mua,mua,mua,mua,mua,mua,mua,mua,mua,mua,mua,mua,mua,mua
u3,UnitRefine,mouse3c_imec0,198,good,good,good,good,good,mua,good,good,good,good,good,good,good,good,good,mua,good,good
u3,UnitRefine,mouse3c_imec0,199,good,mua,mua,mua,mua,mua,mua,mua,mua,mua,mua,mua,mua,mua,mua,mua,mua,mua
u3,UnitRefine,mouse3c_imec0,200,good,mua,mua,mua,mua,mua,mua,mua,mua,mua,mua,mua,mua,mua,mua,mua,mua,mua
u3,UnitRefine,mouse3c_imec0,201,mua,noise,mua,mua,noise,noise,noise,noise,mua,noise,noise,noise,mua,mua,noise,mua,noise,mua
u3,UnitRefine,mouse3c_imec0,202,noise,noise,noise,noise,noise,noise,noise,noise,noise,noise,noise,noise,noise,noise,noise,noise,noise,noise
u3,UnitRefine,mouse3c_imec0,203,mua,mua,mua,mua,mua,mua,mua,mua,mua,mua,mua,mua,mua,mua,mua,mua,mua,mua
u3,UnitRefine,mouse3c_imec0,204,mua,noise,noise,mua,noise,noise,noise,noise,noise,noise,noise,noise,noise,mua,noise,noise,noise,noise
u3,UnitRefine,mouse3c_imec0,205,noise,mua,mua,mua,noise,noise,noise,mua,mua,noise,noise,noise,mua,mua,noise,noise,noise,mua
u3,UnitRefine,mouse3c_imec0,207,mua,mua,mua,mua,mua,mua,mua,mua,mua,mua,mua,mua,mua,mua,mua,mua,mua,mua
u3,UnitRefine,mouse3c_imec0,208,noise,noise,noise,noise,noise,noise,noise,noise,noise,noise,noise,noise,noise,noise,noise,noise,noise,noise
u3,UnitRefine,mouse3c_imec0,209,mua,mua,mua,mua,mua,mua,mua,mua,mua,mua,mua,mua,mua,mua,mua,mua,mua,mua
u3,UnitRefine,mouse3c_imec0,210,good,mua,mua,mua,good,good,good,mua,mua,good,good,good,good,good,good,good,good,good
u3,UnitRefine,mouse3c_imec0,211,mua,mua,mua,mua,mua,mua,mua,mua,mua,mua,mua,mua,mua,mua,mua,mua,mua,mua
u3,UnitRefine,mouse3c_imec0,212,mua,good,good,good,good,good,good,mua,mua,mua,good,mua,good,good,good,good,good,good
u3,UnitRefine,mouse3c_imec0,213,good,mua,mua,mua,mua,mua,mua,mua,mua,mua,mua,mua,mua,mua,mua,mua,mua,mua
u3,UnitRefine,mouse3c_imec0,214,mua,mua,mua,mua,mua,mua,mua,mua,mua,mua,mua,mua,mua,mua,mua,mua,mua,mua
u3,UnitRefine,mouse3c_imec0,215,mua,noise,noise,noise,noise,noise,noise,noise,mua,noise,noise,noise,mua,mua,noise,mua,noise,noise
u3,UnitRefine,mouse3c_imec0,216,mua,mua,mua,mua,mua,mua,mua,mua,mua,mua,mua,mua,mua,mua,mua,mua,mua,mua
u3,UnitRefine,mouse3c_imec0,217,mua,mua,mua,mua,mua,mua,mua,mua,mua,mua,mua,mua,mua,mua,mua,mua,mua,mua
u3,UnitRefine,mouse3c_imec0,218,mua,mua,mua,mua,mua,mua,mua,mua,mua,mua,mua,mua,mua,mua,mua,mua,mua,mua
u3,UnitRefine,mouse3c_imec0,219,noise,noise,noise,noise,noise,noise,noise,noise,noise,noise,noise,noise,noise,noise,noise,noise,noise,noise
u3,UnitRefine,mouse3c_imec0,220,noise,mua,mua,mua,mua,mua,mua,mua,mua,mua,mua,mua,mua,mua,mua,mua,mua,mua
u3,UnitRefine,mouse3c_imec0,221,noise,mua,mua,mua,mua,mua,mua,mua,mua,mua,mua,mua,mua,mua,mua,mua,mua,mua
u3,UnitRefine,mouse3c_imec0,222,good,mua,mua,mua,mua,mua,mua,mua,mua,mua,mua,mua,mua,mua,mua,mua,mua,mua
u3,UnitRefine,mouse3c_imec0,223,mua,mua,mua,mua,mua,mua,mua,mua,mua,mua,mua,mua,mua,mua,mua,mua,mua,mua
u3,UnitRefine,mouse3c_imec0,224,mua,mua,mua,mua,mua,mua,mua,mua,mua,mua,mua,mua,mua,mua,mua,mua,mua,mua
u3,UnitRefine,mouse3c_imec0,226,mua,mua,mua,mua,mua,mua,mua,mua,mua,mua,mua,mua,mua,mua,mua,mua,mua,mua
u3,UnitRefine,mouse3c_imec0,227,mua,mua,mua,mua,mua,mua,mua,mua,mua,mua,mua,mua,mua,mua,mua,noise,mua,mua
u3,UnitRefine,mouse3c_imec0,228,noise,noise,noise,noise,noise,mua,noise,noise,noise,noise,mua,noise,noise,noise,noise,noise,noise,noise
u3,UnitRefine,mouse3c_imec0,231,mua,mua,mua,mua,mua,mua,mua,mua,mua,mua,mua,mua,mua,mua,mua,mua,mua,mua
u3,UnitRefine,mouse3c_imec0,232,mua,mua,mua,mua,mua,mua,mua,mua,mua,mua,mua,mua,mua,mua,mua,mua,mua,mua
u3,UnitRefine,mouse3c_imec0,233,noise,noise,noise,noise,noise,mua,noise,noise,noise,noise,noise,noise,noise,noise,noise,noise,noise,noise
u3,UnitRefine,mouse3c_imec0,234,noise,noise,noise,noise,noise,noise,noise,noise,noise,noise,noise,noise,noise,noise,noise,noise,noise,noise
u3,UnitRefine,mouse3c_imec0,236,good,mua,mua,mua,mua,mua,mua,mua,mua,mua,mua,mua,mua,mua,mua,mua,mua,mua
u3,UnitRefine,mouse3c_imec0,237,good,mua,mua,mua,mua,mua,mua,mua,mua,mua,mua,mua,mua,mua,mua,mua,mua,mua
u3,UnitRefine,mouse3c_imec0,238,mua,noise,noise,mua,noise,mua,noise,noise,mua,noise,mua,noise,noise,mua,noise,mua,noise,noise
u3,UnitRefine,mouse3c_imec0,239,mua,mua,mua,mua,mua,mua,mua,mua,mua,mua,mua,mua,mua,mua,mua,mua,mua,mua
u3,UnitRefine,mouse3c_imec0,241,mua,mua,mua,mua,mua,mua,mua,mua,mua,mua,mua,mua,mua,mua,mua,mua,mua,mua
u3,UnitRefine,mouse3c_imec0,242,noise,noise,noise,noise,noise,noise,noise,noise,noise,noise,noise,noise,noise,noise,noise,noise,noise,noise
u3,UnitRefine,mouse3c_imec0,244,noise,noise,noise,noise,noise,noise,noise,noise,noise,noise,noise,noise,noise,noise,noise,noise,noise,noise
u3,UnitRefine,mouse3c_imec0,245,noise,noise,noise,noise,noise,noise,noise,noise,noise,noise,noise,noise,noise,noise,noise,noise,noise,noise
u3,UnitRefine,mouse3c_imec0,246,noise,noise,noise,noise,noise,noise,noise,noise,noise,noise,noise,noise,noise,noise,noise,noise,noise,noise
u3,UnitRefine,mouse3c_imec0,248,good,good,good,good,good,good,good,good,good,good,good,good,good,good,good,good,good,good
u3,UnitRefine,mouse3c_imec0,249,good,good,good,mua,good,mua,good,good,mua,good,mua,good,mua,mua,mua,mua,mua,mua
u3,UnitRefine,mouse3c_imec0,250,good,good,good,good,good,good,good,good,good,good,good,good,good,good,good,good,good,good
u3,UnitRefine,mouse3c_imec0,251,noise,good,good,good,good,good,good,good,good,good,good,good,good,good,good,good,good,good
u3,UnitRefine,mouse3c_imec0,252,good,good,good,good,good,good,good,good,good,good,good,good,good,good,good,good,good,good
u3,UnitRefine,mouse3c_imec0,253,good,good,good,good,good,good,good,good,good,good,good,good,good,good,good,good,good,good
u3,UnitRefine,mouse3c_imec0,254,good,good,good,good,good,good,good,good,good,good,good,good,good,good,good,good,good,good
u3,UnitRefine,mouse3c_imec0,255,good,good,good,good,good,good,good,good,good,good,good,good,good,good,good,good,good,good
u3,UnitRefine,mouse3c_imec0,257,good,good,good,good,good,noise,good,good,good,good,good,good,good,good,good,good,good,good
u3,UnitRefine,mouse3c_imec0,258,good,good,good,good,good,good,good,good,good,good,good,good,good,good,good,good,good,good
u3,UnitRefine,mouse3c_imec0,259,good,good,good,good,good,good,good,good,good,good,good,good,good,good,good,good,good,good
u3,UnitRefine,mouse3c_imec0,260,good,good,good,good,good,good,good,good,good,good,good,good,good,good,good,good,good,good
u3,UnitRefine,mouse3c_imec0,261,mua,mua,mua,mua,mua,mua,mua,mua,mua,mua,mua,mua,mua,mua,mua,mua,mua,mua
u3,UnitRefine,mouse3c_imec0,262,mua,mua,mua,mua,mua,mua,mua,mua,mua,mua,mua,mua,mua,mua,mua,mua,mua,noise
u3,UnitRefine,mouse3c_imec0,263,mua,good,good,good,good,good,good,mua,mua,good,good,good,mua,mua,mua,mua,mua,mua
u3,UnitRefine,mouse3c_imec0,265,mua,good,good,good,good,good,good,good,mua,good,good,good,good,mua,good,good,good,good
u3,UnitRefine,mouse3c_imec0,266,good,good,good,good,good,good,good,good,good,good,good,good,good,good,good,good,good,good
u3,UnitRefine,mouse3c_imec0,267,good,good,good,good,good,good,good,good,good,mua,good,good,good,mua,good,good,good,mua
u3,UnitRefine,mouse3c_imec0,268,good,good,good,good,good,good,good,good,good,good,good,good,good,good,good,good,good,good
u3,UnitRefine,mouse3c_imec0,269,noise,noise,noise,noise,noise,noise,noise,noise,noise,noise,noise,noise,noise,noise,noise,noise,noise,noise
u3,UnitRefine,mouse3c_imec0,270,mua,good,good,mua,good,good,good,good,good,good,good,good,good,good,good,good,good,good
u3,UnitRefine,mouse3c_imec0,271,good,good,good,good,good,good,good,good,good,good,good,good,good,good,good,good,good,good
u3,UnitRefine,mouse3c_imec0,272,good,good,good,good,good,good,good,good,good,good,good,good,good,good,good,good,good,good
u3,UnitRefine,mouse3c_imec0,274,mua,mua,mua,mua,mua,mua,mua,mua,mua,mua,mua,mua,mua,mua,mua,mua,mua,mua
u3,UnitRefine,mouse3c_imec0,275,good,mua,mua,mua,mua,mua,mua,mua,mua,mua,mua,mua,mua,mua,mua,mua,mua,mua
u3,UnitRefine,mouse3c_imec0,276,good,good,good,good,good,good,good,good,good,good,good,good,good,good,good,good,good,good
u3,UnitRefine,mouse3c_imec0,277,mua,good,good,good,good,good,good,good,good,good,good,good,good,mua,good,good,good,good
u3,UnitRefine,mouse3c_imec0,278,good,good,good,mua,good,good,good,mua,mua,good,good,good,good,good,good,good,good,good
u3,UnitRefine,mouse3c_imec0,279,good,mua,mua,mua,mua,good,mua,mua,mua,mua,good,mua,good,good,good,good,good,good
u3,UnitRefine,mouse3c_imec0,280,good,good,good,good,good,good,good,good,good,good,good,good,good,good,good,good,good,good
u3,UnitRefine,mouse3c_imec0,281,good,good,good,good,good,good,good,good,good,good,mua,good,good,good,good,good,good,good
u3,UnitRefine,mouse3c_imec0,283,good,good,good,good,good,good,good,good,good,good,good,good,good,good,good,good,good,good
u3,UnitRefine,mouse3c_imec0,284,mua,mua,mua,mua,mua,good,mua,mua,mua,mua,mua,mua,mua,mua,mua,mua,mua,mua
u3,UnitRefine,mouse3c_imec0,287,mua,mua,mua,mua,mua,mua,mua,mua,mua,mua,mua,mua,mua,mua,mua,mua,mua,mua
u3,UnitRefine,mouse3c_imec0,289,good,good,mua,mua,good,good,good,mua,mua,good,good,good,good,good,good,good,good,good
u3,UnitRefine,mouse3c_imec0,291,mua,mua,mua,mua,mua,mua,mua,mua,mua,mua,mua,mua,mua,mua,mua,mua,mua,mua
u3,UnitRefine,mouse3c_imec0,292,good,good,good,good,good,good,good,good,good,good,good,good,good,good,good,good,good,good
u3,UnitRefine,mouse3c_imec0,293,good,good,good,mua,good,mua,good,good,mua,mua,mua,mua,good,mua,good,mua,good,mua
u3,UnitRefine,mouse3c_imec0,294,mua,good,good,mua,good,good,good,good,mua,good,good,good,good,mua,good,mua,good,good
u3,UnitRefine,mouse3c_imec0,295,mua,mua,mua,mua,mua,mua,mua,mua,mua,mua,mua,mua,mua,mua,mua,mua,mua,mua
u3,UnitRefine,mouse3c_imec0,296,good,good,good,good,good,good,good,good,good,good,good,good,good,good,good,good,good,good
u3,UnitRefine,mouse3c_imec0,297,good,good,good,good,good,good,good,good,mua,good,good,good,good,mua,good,good,good,good
u3,UnitRefine,mouse3c_imec0,298,good,good,good,good,good,good,good,good,good,good,good,good,good,good,good,good,good,good
u3,UnitRefine,mouse3c_imec0,299,good,good,good,good,good,good,good,good,good,good,good,good,good,good,good,good,good,good
u3,UnitRefine,mouse3c_imec0,300,mua,mua,mua,mua,mua,mua,mua,mua,mua,mua,mua,mua,mua,mua,mua,mua,mua,mua
u3,UnitRefine,mouse3c_imec0,301,mua,good,good,good,good,mua,good,good,good,good,good,good,good,good,good,good,good,good
u3,UnitRefine,mouse3c_imec0,302,good,good,good,good,good,mua,good,good,good,good,good,good,good,mua,good,good,good,good
u3,UnitRefine,mouse3c_imec0,303,mua,good,good,good,good,good,good,good,good,good,good,good,mua,mua,good,good,good,good
u3,UnitRefine,mouse3c_imec0,304,mua,mua,mua,good,mua,mua,mua,mua,mua,mua,mua,mua,mua,mua,mua,mua,mua,mua
u3,UnitRefine,mouse3c_imec0,307,mua,good,good,good,good,mua,good,good,good,good,mua,good,mua,mua,mua,good,mua,noise
u3,UnitRefine,mouse3c_imec0,308,good,good,good,good,good,good,good,good,good,good,good,good,good,good,good,good,good,good
u3,UnitRefine,mouse3c_imec0,309,good,mua,mua,mua,mua,mua,mua,mua,mua,mua,mua,mua,mua,mua,mua,mua,mua,mua
u3,UnitRefine,mouse3c_imec0,310,mua,good,good,good,good,good,good,good,good,good,good,good,mua,good,good,good,good,mua
u3,UnitRefine,mouse3c_imec0,311,mua,mua,mua,mua,mua,mua,mua,mua,mua,mua,mua,mua,mua,mua,mua,mua,mua,mua
u3,UnitRefine,mouse3c_imec0,313,mua,noise,noise,mua,noise,mua,noise,mua,mua,mua,mua,mua,mua,mua,mua,mua,mua,mua
u3,UnitRefine,mouse3c_imec0,314,mua,good,mua,mua,good,good,good,mua,mua,good,good,good,mua,mua,good,good,good,good
u3,UnitRefine,mouse3c_imec0,316,noise,noise,noise,mua,noise,mua,noise,noise,noise,noise,noise,noise,noise,noise,noise,noise,noise,noise
u3,UnitRefine,mouse3c_imec0,317,noise,noise,noise,noise,noise,noise,noise,noise,noise,noise,noise,noise,noise,noise,noise,noise,noise,noise
u3,UnitRefine,mouse3c_imec0,318,good,good,good,good,good,good,good,good,good,good,good,good,good,good,good,good,good,good
u3,UnitRefine,mouse3c_imec0,319,good,good,good,good,good,good,good,good,good,good,good,good,good,good,good,good,good,good
u3,UnitRefine,mouse3c_imec0,320,good,good,good,good,good,good,good,mua,mua,good,good,good,mua,mua,good,good,good,mua
u3,UnitRefine,mouse3c_imec0,321,good,good,good,good,good,good,good,good,good,good,good,good,good,good,good,good,good,good
u3,UnitRefine,mouse3c_imec0,322,good,mua,mua,mua,good,good,good,mua,mua,good,good,mua,mua,mua,mua,good,mua,good
u3,UnitRefine,mouse3c_imec0,323,mua,good,good,good,good,good,good,good,good,good,good,good,good,good,good,good,good,good
u3,UnitRefine,mouse3c_imec0,324,mua,mua,mua,mua,mua,mua,mua,mua,mua,mua,mua,mua,mua,mua,mua,mua,mua,mua
u3,UnitRefine,mouse3c_imec0,326,good,mua,mua,mua,mua,good,mua,good,good,good,good,good,good,good,mua,good,good,mua
u3,UnitRefine,mouse3c_imec0,327,mua,good,mua,mua,good,mua,mua,good,mua,good,mua,good,mua,mua,mua,mua,mua,mua
u3,UnitRefine,mouse3c_imec0,328,good,good,good,good,good,good,good,good,good,good,good,good,good,good,good,good,good,good
u3,UnitRefine,mouse3c_imec0,329,mua,good,good,good,good,good,good,mua,mua,mua,good,mua,good,good,good,good,good,good
u3,UnitRefine,mouse3c_imec0,330,mua,mua,mua,mua,mua,mua,mua,mua,mua,mua,mua,mua,mua,mua,mua,mua,mua,mua
u3,UnitRefine,mouse3c_imec0,331,mua,mua,mua,mua,mua,mua,mua,mua,mua,mua,mua,mua,mua,mua,mua,mua,mua,mua
u3,UnitRefine,mouse3c_imec0,332,mua,mua,mua,mua,mua,good,mua,good,good,good,good,good,good,good,good,mua,good,good
u7,UnitRefine,mouse4_imec0,0,noise,noise,noise,noise,noise,good,noise,noise,noise,noise,mua,noise,noise,noise,noise,mua,noise,noise
u7,UnitRefine,mouse4_imec0,1,noise,noise,noise,noise,noise,noise,noise,noise,noise,noise,mua,noise,noise,noise,noise,noise,noise,noise
u7,UnitRefine,mouse4_imec0,2,noise,noise,noise,noise,noise,noise,noise,noise,noise,noise,mua,noise,noise,noise,noise,mua,noise,noise
u7,UnitRefine,mouse4_imec0,3,noise,noise,mua,mua,noise,noise,noise,mua,noise,noise,mua,noise,noise,noise,noise,mua,noise,noise
u7,UnitRefine,mouse4_imec0,4,noise,mua,mua,mua,mua,noise,mua,mua,mua,mua,mua,mua,mua,mua,mua,mua,mua,mua
u7,UnitRefine,mouse4_imec0,5,noise,noise,noise,noise,noise,noise,noise,noise,noise,noise,mua,noise,noise,noise,noise,mua,noise,noise
u7,UnitRefine,mouse4_imec0,6,noise,noise,noise,noise,noise,noise,noise,noise,noise,noise,mua,noise,noise,noise,noise,mua,noise,noise
u7,UnitRefine,mouse4_imec0,7,noise,noise,noise,noise,noise,noise,noise,noise,noise,noise,mua,noise,noise,noise,noise,mua,noise,noise
u7,UnitRefine,mouse4_imec0,8,noise,noise,noise,noise,noise,noise,noise,noise,noise,noise,mua,noise,noise,noise,noise,mua,noise,noise
u7,UnitRefine,mouse4_imec0,9,noise,noise,noise,noise,noise,noise,noise,noise,noise,noise,noise,noise,noise,noise,noise,noise,noise,noise
u7,UnitRefine,mouse4_imec0,10,noise,noise,noise,noise,noise,noise,noise,noise,noise,noise,noise,noise,mua,mua,noise,noise,noise,mua
u7,UnitRefine,mouse4_imec0,11,noise,noise,mua,mua,noise,noise,noise,noise,noise,noise,mua,noise,noise,noise,noise,mua,noise,noise
u7,UnitRefine,mouse4_imec0,12,good,good,mua,mua,good,good,good,good,mua,good,good,good,mua,good,good,good,good,mua
u7,UnitRefine,mouse4_imec0,13,noise,noise,noise,noise,noise,noise,noise,noise,noise,noise,mua,noise,noise,noise,noise,noise,noise,noise
u7,UnitRefine,mouse4_imec0,14,noise,noise,noise,noise,noise,noise,noise,noise,noise,noise,mua,noise,noise,noise,noise,mua,noise,noise
u7,UnitRefine,mouse4_imec0,15,noise,noise,noise,noise,noise,noise,noise,noise,noise,noise,mua,noise,noise,noise,noise,mua,noise,noise
u7,UnitRefine,mouse4_imec0,16,noise,noise,noise,noise,noise,noise,noise,noise,noise,noise,mua,noise,noise,noise,noise,mua,noise,noise
u7,UnitRefine,mouse4_imec0,17,noise,noise,noise,noise,noise,noise,noise,noise,noise,noise,mua,noise,noise,noise,noise,mua,noise,noise
u7,UnitRefine,mouse4_imec0,18,noise,noise,noise,noise,noise,noise,noise,noise,noise,noise,mua,noise,noise,noise,noise,mua,noise,noise
u7,UnitRefine,mouse4_imec0,19,noise,noise,noise,noise,noise,noise,noise,noise,noise,noise,mua,noise,noise,noise,noise,noise,noise,noise
u7,UnitRefine,mouse4_imec0,20,good,good,good,good,good,good,good,good,good,good,good,good,good,good,good,good,good,good
u7,UnitRefine,mouse4_imec0,21,noise,noise,mua,mua,noise,noise,noise,mua,mua,noise,mua,noise,noise,mua,noise,mua,noise,noise
u7,UnitRefine,mouse4_imec0,22,mua,mua,mua,mua,mua,good,mua,mua,mua,mua,mua,mua,mua,mua,mua,noise,mua,mua
u7,UnitRefine,mouse4_imec0,23,mua,good,good,good,good,good,good,good,good,good,good,good,good,mua,mua,good,mua,mua
u7,UnitRefine,mouse4_imec0,24,noise,noise,noise,noise,noise,noise,noise,noise,noise,noise,mua,noise,noise,noise,noise,mua,noise,noise
u7,UnitRefine,mouse4_imec0,25,mua,mua,mua,mua,mua,mua,mua,mua,mua,mua,mua,mua,mua,mua,mua,mua,mua,mua
u7,UnitRefine,mouse4_imec0,26,mua,mua,mua,mua,mua,noise,noise,mua,mua,mua,mua,mua,mua,mua,mua,mua,mua,noise
u7,UnitRefine,mouse4_imec0,27,mua,mua,mua,mua,mua,mua,mua,mua,mua,mua,mua,mua,mua,mua,mua,mua,mua,mua
u7,UnitRefine,mouse4_imec0,28,mua,mua,mua,mua,mua,good,mua,mua,mua,mua,good,good,mua,mua,mua,good,mua,good
u7,UnitRefine,mouse4_imec0,29,mua,good,good,good,good,good,good,good,good,good,good,good,good,good,good,good,good,good
u7,UnitRefine,mouse4_imec0,30,mua,good,good,good,good,good,good,good,good,good,good,good,good,mua,mua,good,mua,good
u7,UnitRefine,mouse4_imec0,31,mua,mua,mua,mua,mua,mua,mua,mua,mua,mua,mua,mua,mua,mua,mua,mua,mua,mua
u7,UnitRefine,mouse4_imec0,33,mua,good,good,mua,good,good,good,good,good,good,good,good,mua,mua,mua,good,mua,mua
u7,UnitRefine,mouse4_imec0,34,noise,noise,noise,noise,noise,noise,noise,noise,noise,noise,mua,noise,noise,noise,noise,mua,noise,noise
u7,UnitRefine,mouse4_imec0,35,mua,mua,mua,mua,good,good,good,mua,mua,good,good,good,mua,mua,mua,mua,mua,mua
u7,UnitRefine,mouse4_imec0,36,noise,noise,mua,mua,noise,noise,noise,mua,mua,mua,mua,mua,noise,mua,noise,mua,mua,noise
u7,UnitRefine,mouse4_imec0,37,mua,mua,mua,mua,good,good,good,good,mua,good,good,good,good,good,good,good,good,good
u7,UnitRefine,mouse4_imec0,38,mua,mua,mua,mua,mua,mua,mua,mua,mua,mua,mua,mua,mua,mua,mua,mua,mua,mua
u7,UnitRefine,mouse4_imec0,39,mua,noise,noise,noise,noise,noise,noise,noise,noise,noise,noise,noise,noise,noise,noise,noise,noise,noise
u7,UnitRefine,mouse4_imec0,40,mua,mua,mua,mua,mua,mua,mua,mua,mua,mua,mua,mua,mua,mua,mua,mua,mua,mua
u7,UnitRefine,mouse4_imec0,41,mua,noise,noise,noise,noise,noise,noise,noise,noise,noise,mua,mua,mua,mua,mua,mua,mua,noise
u7,UnitRefine,mouse4_imec0,42,mua,mua,mua,mua,mua,noise,mua,mua,mua,mua,mua,mua,mua,mua,mua,noise,mua,mua
u7,UnitRefine,mouse4_imec0,43,mua,mua,mua,mua,mua,noise,mua,mua,mua,mua,mua,mua,mua,mua,mua,noise,mua,mua
u7,UnitRefine,mouse4_imec0,44,mua,mua,mua,mua,mua,mua,mua,mua,mua,mua,mua,mua,mua,mua,mua,mua,mua,mua
u7,UnitRefine,mouse4_imec0,45,mua,noise,noise,noise,mua,noise,mua,noise,mua,noise,noise,noise,mua,mua,noise,mua,mua,mua
u7,UnitRefine,mouse4_imec0,46,mua,mua,mua,mua,mua,noise,mua,mua,mua,mua,mua,mua,mua,mua,mua,mua,mua,mua
u7,UnitRefine,mouse4_imec0,47,mua,noise,noise,mua,noise,noise,noise,noise,mua,noise,mua,noise,noise,noise,noise,mua,noise,noise
u7,UnitRefine,mouse4_imec0,48,mua,good,good,good,good,good,good,good,good,good,good,good,good,good,good,good,good,good
u7,UnitRefine,mouse4_imec0,49,mua,mua,mua,mua,mua,good,mua,mua,mua,mua,good,mua,mua,mua,mua,mua,mua,mua
u7,UnitRefine,mouse4_imec0,50,mua,mua,mua,mua,mua,mua,mua,mua,mua,mua,mua,mua,mua,mua,mua,mua,mua,mua
u7,UnitRefine,mouse4_imec0,51,noise,noise,noise,noise,noise,good,noise,noise,noise,noise,mua,noise,noise,noise,noise,mua,noise,noise
u7,UnitRefine,mouse4_imec0,53,noise,noise,noise,noise,noise,noise,noise,noise,noise,noise,mua,noise,noise,noise,noise,mua,noise,noise
u7,UnitRefine,mouse4_imec0,54,mua,noise,mua,mua,mua,noise,mua,noise,mua,mua,mua,mua,mua,mua,mua,mua,mua,noise
u7,UnitRefine,mouse4_imec0,55,mua,mua,mua,mua,mua,noise,mua,mua,mua,mua,mua,mua,mua,mua,mua,mua,mua,noise
u7,UnitRefine,mouse4_imec0,56,mua,mua,mua,mua,mua,noise,mua,mua,mua,mua,noise,mua,mua,mua,mua,mua,mua,mua
u7,UnitRefine,mouse4_imec0,57,good,good,good,good,good,good,good,good,good,good,good,good,good,good,good,good,good,good
u7,UnitRefine,mouse4_imec0,58,mua,mua,mua,mua,noise,noise,noise,mua,mua,noise,mua,mua,noise,mua,noise,mua,noise,noise
u7,UnitRefine,mouse4_imec0,59,mua,good,good,good,good,good,good,good,good,good,good,good,mua,mua,mua,mua,mua,mua
u7,UnitRefine,mouse4_imec0,60,mua,noise,noise,mua,noise,noise,noise,noise,mua,mua,noise,noise,mua,mua,noise,mua,mua,noise
u7,UnitRefine,mouse4_imec0,61,mua,noise,noise,noise,noise,noise,noise,noise,mua,noise,noise,noise,noise,noise,noise,mua,noise,noise
u7,UnitRefine,mouse4_imec0,62,mua,mua,mua,mua,mua,mua,mua,mua,mua,mua,mua,mua,mua,mua,mua,mua,mua,mua
u7,UnitRefine,mouse4_imec0,63,noise,mua,mua,mua,good,good,good,mua,mua,mua,good,mua,good,good,mua,good,good,good
u7,UnitRefine,mouse4_imec0,64,mua,mua,mua,mua,good,good,good,good,good,good,good,good,mua,good,mua,mua,mua,mua
u7,UnitRefine,mouse4_imec0,65,mua,good,good,good,good,good,good,good,good,good,good,good,good,good,good,good,good,good
u7,UnitRefine,mouse4_imec0,66,good,good,good,good,good,good,good,good,good,good,good,good,good,good,good,good,good,good
u7,UnitRefine,mouse4_imec0,67,mua,mua,mua,mua,mua,mua,mua,mua,mua,mua,mua,mua,mua,good,mua,mua,mua,mua
u7,UnitRefine,mouse4_imec0,68,good,good,good,good,good,good,good,good,good,good,good,good,good,good,good,good,good,good
u7,UnitRefine,mouse4_imec0,69,mua,mua,mua,mua,mua,mua,mua,mua,mua,mua,mua,mua,mua,mua,mua,mua,mua,mua
u7,UnitRefine,mouse4_imec0,70,mua,noise,noise,mua,noise,noise,noise,noise,mua,noise,mua,noise,mua,mua,noise,mua,noise,noise
u7,UnitRefine,mouse4_imec0,71,mua,good,mua,mua,good,good,good,good,mua,good,good,good,mua,mua,mua,good,mua,mua
u7,UnitRefine,mouse4_imec0,72,noise,good,good,good,good,noise,good,good,good,good,good,good,good,good,mua,mua,mua,mua
u7,UnitRefine,mouse4_imec0,73,mua,noise,mua,mua,mua,noise,mua,noise,mua,noise,mua,noise,noise,mua,noise,noise,noise,noise
u7,UnitRefine,mouse4_imec0,74,mua,mua,mua,mua,mua,mua,mua,mua,mua,mua,mua,mua,mua,mua,mua,mua,mua,mua
u7,UnitRefine,mouse4_imec0,75,mua,good,good,good,good,good,good,good,good,good,good,good,good,good,good,good,good,good
u7,UnitRefine,mouse4_imec0,76,mua,mua,mua,mua,mua,good,mua,mua,mua,mua,mua,mua,mua,mua,mua,mua,mua,mua
u7,UnitRefine,mouse4_imec0,77,noise,noise,noise,noise,noise,noise,noise,noise,mua,noise,noise,noise,mua,mua,noise,mua,noise,noise
u7,UnitRefine,mouse4_imec0,78,mua,mua,mua,mua,mua,mua,mua,mua,mua,mua,mua,mua,mua,mua,mua,mua,mua,mua
u7,UnitRefine,mouse4_imec0,79,mua,mua,mua,mua,mua,noise,mua,mua,mua,mua,noise,mua,mua,mua,mua,mua,mua,mua
u7,UnitRefine,mouse4_imec0,80,mua,mua,mua,mua,mua,mua,mua,mua,mua,mua,mua,mua,mua,mua,mua,mua,mua,mua
u7,UnitRefine,mouse4_imec0,81,mua,good,good,good,good,good,good,good,good,good,good,good,good,good,good,good,good,good
u7,UnitRefine,mouse4_imec0,82,mua,mua,mua,good,good,mua,mua,mua,good,mua,mua,mua,mua,good,good,mua,mua,mua
u7,UnitRefine,mouse4_imec0,83,noise,mua,mua,mua,mua,mua,mua,mua,mua,mua,mua,mua,mua,mua,mua,mua,mua,mua
u7,UnitRefine,mouse4_imec0,85,mua,mua,mua,mua,good,good,good,mua,mua,mua,good,mua,mua,mua,mua,good,mua,mua
u7,UnitRefine,mouse4_imec0,86,mua,noise,noise,noise,mua,noise,mua,noise,mua,mua,noise,mua,mua,mua,mua,noise,mua,mua
u7,UnitRefine,mouse4_imec0,87,mua,noise,noise,noise,noise,noise,noise,mua,mua,noise,noise,noise,mua,mua,noise,mua,noise,noise
u7,UnitRefine,mouse4_imec0,88,noise,mua,mua,mua,mua,noise,mua,mua,mua,noise,noise,noise,noise,noise,noise,noise,noise,noise
u7,UnitRefine,mouse4_imec0,90,mua,mua,mua,mua,mua,mua,mua,mua,mua,mua,mua,mua,mua,mua,mua,mua,mua,mua
u7,UnitRefine,mouse4_imec0,91,noise,noise,noise,noise,noise,noise,noise,noise,noise,noise,mua,noise,noise,mua,mua,mua,mua,noise
u7,UnitRefine,mouse4_imec0,92,good,good,good,good,good,good,good,good,good,good,good,good,good,good,good,good,good,good
u7,UnitRefine,mouse4_imec0,94,mua,mua,mua,mua,mua,noise,mua,mua,mua,mua,mua,mua,mua,mua,mua,mua,mua,mua
u7,UnitRefine,mouse4_imec0,95,mua,good,good,good,good,mua,good,good,good,good,mua,good,good,good,good,mua,good,mua
u7,UnitRefine,mouse4_imec0,96,mua,mua,mua,mua,mua,mua,mua,mua,mua,mua,mua,mua,mua,mua,mua,mua,mua,mua
u7,UnitRefine,mouse4_imec0,97,noise,mua,mua,mua,mua,mua,mua,mua,mua,mua,mua,mua,mua,mua,mua,mua,mua,mua
u7,UnitRefine,mouse4_imec0,98,noise,noise,noise,noise,noise,noise,noise,noise,noise,noise,mua,noise,noise,noise,noise,mua,noise,noise
u7,UnitRefine,mouse4_imec0,99,noise,noise,mua,mua,noise,noise,noise,noise,mua,noise,noise,noise,noise,noise,noise,mua,noise,noise
u7,UnitRefine,mouse4_imec0,100,noise,mua,mua,mua,mua,noise,mua,mua,mua,mua,mua,mua,mua,mua,noise,noise,noise,noise
u7,UnitRefine,mouse4_imec0,101,mua,noise,mua,mua,mua,noise,mua,mua,mua,mua,mua,mua,mua,mua,mua,noise,mua,mua
u7,UnitRefine,mouse4_imec0,102,mua,noise,noise,mua,noise,noise,noise,noise,mua,noise,noise,noise,mua,mua,noise,mua,noise,noise
u7,UnitRefine,mouse4_imec0,103,mua,mua,mua,mua,mua,noise,mua,mua,mua,mua,mua,mua,mua,mua,mua,mua,mua,mua
u7,UnitRefine,mouse4_imec0,104,mua,mua,mua,mua,mua,mua,mua,mua,mua,mua,mua,mua,mua,mua,mua,mua,mua,mua
u7,UnitRefine,mouse4_imec0,105,good,good,good,good,good,good,good,good,good,good,good,good,good,good,good,good,good,good
u7,UnitRefine,mouse4_imec0,106,good,good,good,good,good,good,good,good,good,good,good,good,good,good,good,good,good,good
u7,UnitRefine,mouse4_imec0,107,mua,mua,mua,mua,mua,mua,mua,mua,mua,mua,mua,mua,mua,mua,mua,mua,mua,mua
u7,UnitRefine,mouse4_imec0,108,mua,mua,mua,mua,mua,mua,mua,mua,mua,mua,mua,mua,mua,mua,mua,mua,mua,mua
u7,UnitRefine,mouse4_imec0,109,mua,noise,noise,mua,noise,noise,noise,noise,mua,noise,noise,noise,noise,noise,noise,noise,noise,noise
u7,UnitRefine,mouse4_imec0,110,noise,noise,noise,mua,noise,noise,noise,noise,mua,noise,mua,noise,noise,mua,mua,noise,mua,noise
u7,UnitRefine,mouse4_imec0,111,mua,mua,mua,mua,mua,noise,mua,mua,mua,mua,noise,noise,mua,mua,mua,mua,mua,mua
u7,UnitRefine,mouse4_imec0,112,mua,mua,mua,mua,mua,mua,mua,mua,mua,mua,mua,mua,mua,mua,mua,mua,mua,noise
u7,UnitRefine,mouse4_imec0,113,mua,mua,mua,good,mua,good,good,mua,mua,mua,mua,mua,mua,mua,mua,mua,mua,mua
u7,UnitRefine,mouse4_imec0,114,mua,mua,mua,mua,mua,noise,mua,mua,mua,mua,mua,mua,mua,mua,mua,mua,mua,mua
u7,UnitRefine,mouse4_imec0,115,mua,mua,mua,mua,mua,mua,mua,mua,mua,mua,mua,mua,mua,mua,mua,noise,mua,mua
u7,UnitRefine,mouse4_imec0,116,mua,mua,mua,mua,mua,mua,mua,mua,mua,mua,mua,mua,mua,mua,mua,mua,mua,mua
u7,UnitRefine,mouse4_imec0,117,mua,mua,mua,mua,mua,noise,mua,mua,mua,noise,mua,mua,mua,mua,mua,mua,mua,mua
u7,UnitRefine,mouse4_imec0,118,mua,mua,mua,mua,mua,noise,mua,mua,mua,mua,mua,mua,noise,mua,noise,noise,noise,noise
u7,UnitRefine,mouse4_imec0,119,good,good,good,good,good,good,good,good,good,good,good,good,good,good,good,good,good,good
u7,UnitRefine,mouse4_imec0,120,mua,mua,mua,mua,mua,noise,mua,mua,mua,mua,noise,mua,mua,mua,mua,mua,mua,noise
u7,UnitRefine,mouse4_imec0,121,mua,noise,noise,noise,noise,noise,noise,noise,noise,noise,noise,noise,noise,noise,mua,noise,noise,noise
u7,UnitRefine,mouse4_imec0,122,mua,mua,mua,mua,mua,mua,mua,mua,mua,mua,mua,mua,mua,mua,mua,mua,mua,mua
u7,UnitRefine,mouse4_imec0,123,mua,mua,mua,mua,mua,mua,mua,mua,mua,mua,mua,mua,mua,mua,good,mua,good,mua
u7,UnitRefine,mouse4_imec0,124,mua,mua,mua,mua,mua,noise,noise,noise,mua,mua,mua,mua,mua,mua,mua,mua,mua,mua
u7,UnitRefine,mouse4_imec0,125,mua,noise,noise,noise,noise,noise,noise,noise,noise,noise,noise,noise,mua,mua,noise,mua,noise,noise
u7,UnitRefine,mouse4_imec0,126,mua,mua,mua,mua,mua,mua,mua,mua,mua,mua,mua,mua,mua,mua,mua,mua,mua,mua
u7,UnitRefine,mouse4_imec0,127,noise,noise,noise,noise,noise,noise,noise,noise,mua,mua,mua,mua,noise,mua,noise,mua,noise,noise
u7,UnitRefine,mouse4_imec0,128,mua,mua,mua,mua,mua,mua,mua,mua,mua,mua,mua,mua,mua,mua,mua,mua,mua,mua
u7,UnitRefine,mouse4_imec0,129,mua,mua,mua,mua,mua,mua,mua,mua,mua,mua,mua,mua,mua,mua,mua,mua,mua,noise
u7,UnitRefine,mouse4_imec0,130,mua,mua,mua,mua,mua,mua,mua,mua,mua,mua,mua,mua,mua,mua,mua,mua,mua,mua
u7,UnitRefine,mouse4_imec0,131,mua,mua,mua,mua,mua,mua,mua,mua,mua,mua,mua,mua,mua,mua,mua,noise,mua,mua
u7,UnitRefine,mouse4_imec0,132,mua,noise,noise,noise,noise,noise,noise,noise,noise,mua,noise,noise,noise,noise,noise,noise,noise,noise
u7,UnitRefine,mouse4_imec0,133,mua,noise,noise,noise,noise,noise,noise,noise,noise,noise,noise,noise,noise,mua,noise,noise,noise,noise
u7,UnitRefine,mouse4_imec0,134,mua,mua,mua,mua,mua,mua,mua,mua,mua,mua,mua,mua,mua,mua,mua,mua,mua,mua
u7,UnitRefine,mouse4_imec0,135,mua,mua,mua,mua,mua,mua,mua,mua,mua,mua,mua,mua,mua,mua,mua,mua,mua,mua
u7,UnitRefine,mouse4_imec0,136,mua,mua,mua,mua,mua,noise,mua,mua,mua,mua,noise,mua,noise,noise,mua,noise,noise,noise
u7,UnitRefine,mouse4_imec0,137,mua,noise,mua,mua,mua,noise,mua,noise,mua,noise,noise,noise,mua,mua,mua,mua,mua,noise
u7,UnitRefine,mouse4_imec0,138,mua,mua,mua,mua,mua,mua,mua,mua,mua,mua,mua,mua,mua,mua,mua,mua,mua,mua
u7,UnitRefine,mouse4_imec0,139,mua,mua,mua,mua,mua,mua,mua,mua,mua,mua,mua,mua,mua,mua,mua,mua,mua,noise
u7,UnitRefine,mouse4_imec0,140,mua,mua,mua,mua,mua,mua,mua,mua,mua,mua,mua,mua,mua,mua,mua,mua,mua,mua
u7,UnitRefine,mouse4_imec0,141,mua,mua,mua,mua,mua,mua,mua,mua,mua,mua,mua,mua,mua,mua,mua,noise,mua,mua
u7,UnitRefine,mouse4_imec0,142,mua,mua,mua,mua,mua,good,mua,mua,mua,mua,good,mua,mua,mua,mua,good,mua,mua
u7,UnitRefine,mouse4_imec0,143,mua,mua,mua,mua,mua,mua,mua,mua,mua,mua,mua,mua,mua,mua,mua,mua,mua,mua
u7,UnitRefine,mouse4_imec0,144,mua,mua,mua,mua,mua,mua,mua,mua,mua,mua,mua,mua,mua,mua,mua,mua,mua,mua
u7,UnitRefine,mouse4_imec0,145,mua,noise,noise,mua,noise,noise,noise,noise,mua,noise,mua,noise,mua,mua,mua,noise,mua,mua
u7,UnitRefine,mouse4_imec0,146,mua,noise,mua,mua,mua,noise,noise,mua,mua,noise,mua,mua,mua,mua,noise,noise,noise,noise
u7,UnitRefine,mouse4_imec0,147,mua,mua,mua,mua,mua,mua,mua,mua,mua,mua,mua,mua,mua,mua,mua,mua,mua,mua
u7,UnitRefine,mouse4_imec0,148,mua,good,good,good,good,good,good,good,good,good,good,good,good,good,good,good,good,good
u7,UnitRefine,mouse4_imec0,149,mua,noise,noise,mua,mua,noise,noise,noise,noise,noise,mua,noise,mua,mua,noise,mua,noise,noise
u7,UnitRefine,mouse4_imec0,150,mua,mua,mua,mua,mua,mua,mua,mua,mua,mua,mua,mua,mua,mua,mua,mua,mua,mua
u7,UnitRefine,mouse4_imec0,151,mua,mua,mua,mua,mua,mua,mua,mua,mua,mua,mua,mua,mua,mua,mua,mua,mua,mua
u7,UnitRefine,mouse4_imec0,152,mua,mua,mua,mua,mua,noise,mua,mua,mua,mua,mua,mua,mua,mua,mua,noise,noise,mua
u7,UnitRefine,mouse4_imec0,153,mua,mua,mua,mua,mua,mua,mua,mua,mua,mua,mua,mua,mua,mua,mua,mua,mua,mua
u7,UnitRefine,mouse4_imec0,154,noise,noise,noise,noise,noise,noise,noise,noise,mua,noise,mua,noise,noise,mua,noise,mua,noise,mua
u7,UnitRefine,mouse4_imec0,155,good,good,good,good,good,good,good,good,good,good,good,good,good,good,good,good,good,good
u7,UnitRefine,mouse4_imec0,156,mua,noise,noise,mua,noise,noise,noise,mua,mua,noise,noise,noise,noise,noise,noise,noise,noise,noise
u7,UnitRefine,mouse4_imec0,157,mua,mua,mua,mua,mua,mua,mua,mua,mua,mua,mua,mua,mua,mua,mua,mua,mua,mua
u7,UnitRefine,mouse4_imec0,158,mua,mua,mua,mua,mua,noise,mua,mua,mua,noise,mua,noise,noise,mua,noise,mua,mua,noise
u7,UnitRefine,mouse4_imec0,159,mua,mua,mua,mua,mua,mua,mua,mua,mua,noise,mua,noise,mua,mua,noise,mua,noise,noise
u7,UnitRefine,mouse4_imec0,160,good,good,good,good,good,good,good,good,good,good,good,good,good,good,good,good,good,good
u7,UnitRefine,mouse4_imec0,161,mua,noise,noise,noise,noise,noise,noise,noise,noise,noise,noise,noise,noise,noise,noise,noise,noise,noise
u7,UnitRefine,mouse4_imec0,162,mua,mua,mua,mua,mua,mua,mua,mua,mua,mua,mua,mua,mua,mua,mua,mua,mua,mua
u7,UnitRefine,mouse4_imec0,163,mua,mua,mua,mua,mua,noise,mua,mua,mua,mua,mua,mua,mua,mua,mua,mua,mua,mua
u7,UnitRefine,mouse4_imec0,164,mua,noise,noise,mua,mua,noise,mua,noise,mua,mua,noise,mua,mua,mua,mua,noise,noise,noise
u7,UnitRefine,mouse4_imec0,165,mua,mua,mua,mua,mua,mua,mua,mua,mua,mua,mua,mua,mua,mua,mua,mua,mua,mua
u7,UnitRefine,mouse4_imec0,166,mua,noise,mua,mua,mua,noise,mua,noise,mua,noise,mua,mua,noise,mua,noise,noise,noise,noise
u7,UnitRefine,mouse4_imec0,167,mua,noise,noise,mua,mua,noise,mua,noise,mua,mua,mua,mua,mua,mua,mua,mua,mua,mua
u7,UnitRefine,mouse4_imec0,168,mua,mua,mua,mua,mua,mua,mua,mua,mua,mua,mua,mua,mua,mua,mua,mua,mua,mua
u7,UnitRefine,mouse4_imec0,169,mua,mua,mua,mua,mua,mua,mua,mua,mua,mua,mua,mua,mua,mua,mua,mua,mua,mua
u7,UnitRefine,mouse4_imec0,170,mua,mua,mua,mua,mua,mua,mua,mua,mua,mua,mua,mua,mua,mua,mua,mua,mua,mua
u7,UnitRefine,mouse4_imec0,171,mua,mua,good,mua,good,good,good,good,good,good,good,good,mua,mua,good,good,good,mua
u7,UnitRefine,mouse4_imec0,172,mua,noise,noise,mua,mua,mua,mua,noise,noise,noise,mua,noise,noise,mua,noise,mua,noise,noise
u7,UnitRefine,mouse4_imec0,173,mua,mua,mua,mua,mua,mua,mua,mua,mua,mua,mua,mua,mua,mua,mua,mua,mua,mua
u7,UnitRefine,mouse4_imec0,174,good,good,good,good,good,good,good,good,good,good,good,good,good,good,good,good,good,good
u7,UnitRefine,mouse4_imec0,175,mua,noise,noise,mua,noise,noise,noise,noise,mua,mua,noise,mua,mua,mua,mua,mua,mua,mua
u7,UnitRefine,mouse4_imec0,176,mua,mua,mua,mua,mua,mua,mua,mua,mua,mua,mua,mua,mua,mua,mua,mua,mua,mua
u7,UnitRefine,mouse4_imec0,177,mua,mua,mua,mua,mua,mua,mua,mua,mua,mua,mua,mua,mua,mua,mua,mua,mua,mua
u7,UnitRefine,mouse4_imec0,178,mua,mua,mua,mua,mua,mua,mua,mua,mua,mua,mua,mua,mua,mua,mua,mua,mua,mua
u7,UnitRefine,mouse4_imec0,179,mua,mua,mua,mua,mua,mua,mua,mua,mua,mua,mua,mua,mua,mua,mua,mua,mua,mua
u7,UnitRefine,mouse4_imec0,180,mua,mua,mua,mua,mua,mua,mua,mua,mua,mua,mua,mua,mua,mua,mua,mua,mua,mua
u7,UnitRefine,mouse4_imec0,181,good,mua,mua,mua,mua,mua,mua,good,mua,good,mua,good,good,good,good,good,good,good
u7,UnitRefine,mouse4_imec0,182,mua,mua,mua,mua,mua,mua,mua,mua,mua,mua,mua,mua,mua,mua,mua,mua,mua,mua
u7,UnitRefine,mouse4_imec0,183,mua,mua,mua,mua,mua,mua,mua,mua,mua,mua,mua,mua,mua,mua,mua,mua,mua,mua
u7,UnitRefine,mouse4_imec0,184,mua,mua,mua,mua,mua,noise,mua,mua,mua,mua,mua,mua,mua,mua,mua,noise,mua,mua
u7,UnitRefine,mouse4_imec0,185,mua,mua,mua,mua,mua,mua,mua,mua,mua,mua,mua,mua,mua,mua,mua,mua,mua,mua
u7,UnitRefine,mouse4_imec0,186,mua,mua,mua,mua,mua,mua,mua,mua,mua,mua,mua,mua,mua,mua,mua,mua,mua,mua
u7,UnitRefine,mouse4_imec0,187,mua,mua,mua,mua,mua,mua,mua,mua,mua,mua,mua,mua,mua,mua,mua,mua,mua,mua
u7,UnitRefine,mouse4_imec0,188,mua,noise,mua,mua,mua,mua,mua,mua,mua,mua,mua,mua,mua,mua,mua,mua,mua,mua
u7,UnitRefine,mouse4_imec0,189,mua,mua,mua,mua,mua,mua,mua,mua,mua,mua,mua,mua,mua,mua,mua,mua,mua,mua
u7,UnitRefine,mouse4_imec0,190,good,good,good,good,good,good,good,good,good,good,good,good,good,good,good,good,good,good
u7,UnitRefine,mouse4_imec0,191,mua,mua,mua,mua,mua,mua,mua,mua,mua,mua,mua,mua,mua,mua,mua,mua,mua,mua
u7,UnitRefine,mouse4_imec0,192,mua,mua,mua,mua,mua,mua,mua,mua,mua,mua,mua,mua,mua,mua,mua,mua,mua,mua
u7,UnitRefine,mouse4_imec0,193,mua,mua,mua,mua,mua,mua,mua,mua,mua,mua,mua,mua,mua,mua,mua,mua,mua,mua
u7,UnitRefine,mouse4_imec0,194,noise,mua,mua,mua,mua,noise,mua,noise,noise,noise,noise,noise,noise,noise,noise,noise,noise,noise
u7,UnitRefine,mouse4_imec0,195,good,mua,mua,mua,mua,mua,mua,good,mua,good,mua,good,mua,mua,mua,good,mua,mua
u7,UnitRefine,mouse4_imec0,196,mua,mua,mua,mua,mua,mua,mua,mua,mua,mua,mua,mua,mua,mua,mua,mua,mua,mua
u7,UnitRefine,mouse4_imec0,197,mua,mua,mua,mua,mua,mua,mua,mua,mua,mua,noise,mua,mua,mua,mua,noise,mua,mua
u7,UnitRefine,mouse4_imec0,198,good,good,good,good,good,good,good,good,good,good,good,good,good,good,good,good,good,good
u7,UnitRefine,mouse4_imec0,199,good,mua,mua,mua,mua,good,mua,mua,mua,mua,mua,mua,mua,mua,mua,mua,mua,mua
u7,UnitRefine,mouse4_imec0,201,mua,mua,mua,mua,mua,mua,mua,mua,mua,mua,mua,mua,mua,mua,mua,mua,mua,mua
u7,UnitRefine,mouse4_imec0,202,mua,mua,mua,mua,mua,mua,mua,mua,mua,mua,mua,mua,mua,mua,mua,mua,mua,mua
u7,UnitRefine,mouse4_imec0,203,noise,noise,noise,noise,noise,noise,noise,noise,noise,noise,noise,noise,noise,noise,noise,noise,noise,noise
u7,UnitRefine,mouse4_imec0,204,mua,noise,noise,noise,noise,noise,noise,noise,noise,noise,noise,noise,noise,noise,noise,noise,noise,noise
u7,UnitRefine,mouse4_imec0,205,mua,mua,mua,mua,mua,mua,mua,mua,mua,mua,mua,mua,mua,mua,mua,mua,mua,mua
u7,UnitRefine,mouse4_imec0,206,mua,mua,mua,mua,mua,noise,mua,mua,mua,mua,noise,mua,mua,mua,mua,noise,mua,mua
u7,UnitRefine,mouse4_imec0,207,mua,noise,noise,mua,noise,mua,noise,noise,mua,noise,mua,noise,mua,mua,noise,mua,noise,mua
u7,UnitRefine,mouse4_imec0,208,mua,noise,noise,noise,noise,noise,noise,noise,noise,noise,noise,noise,noise,mua,noise,noise,noise,noise
u7,UnitRefine,mouse4_imec0,209,mua,noise,noise,noise,noise,noise,noise,noise,mua,mua,mua,mua,noise,mua,mua,mua,mua,noise
u7,UnitRefine,mouse4_imec0,210,noise,noise,noise,noise,mua,noise,mua,noise,noise,noise,noise,noise,noise,mua,noise,noise,noise,noise
u7,UnitRefine,mouse4_imec0,211,mua,mua,mua,mua,mua,mua,mua,mua,mua,mua,mua,mua,mua,mua,mua,mua,mua,mua
u7,UnitRefine,mouse4_imec0,212,mua,mua,mua,mua,mua,mua,mua,mua,mua,mua,mua,mua,mua,mua,mua,mua,mua,mua
u7,UnitRefine,mouse4_imec0,213,noise,mua,mua,mua,noise,noise,noise,mua,mua,mua,mua,mua,mua,mua,mua,mua,mua,mua
u7,UnitRefine,mouse4_imec0,214,good,good,good,good,good,good,good,good,good,good,good,good,good,good,good,good,good,good
u7,UnitRefine,mouse4_imec0,215,noise,noise,noise,noise,noise,noise,noise,noise,noise,noise,noise,noise,noise,noise,noise,noise,noise,noise
u7,UnitRefine,mouse4_imec0,216,mua,mua,mua,mua,mua,good,mua,mua,mua,mua,good,mua,mua,mua,mua,mua,mua,mua
u7,UnitRefine,mouse4_imec0,217,mua,mua,mua,mua,mua,good,mua,mua,mua,mua,good,mua,good,mua,mua,good,good,mua
u7,UnitRefine,mouse4_imec0,218,mua,good,good,good,good,good,good,good,good,good,good,good,good,good,good,good,good,good
u7,UnitRefine,mouse4_imec0,219,noise,noise,mua,mua,noise,noise,noise,noise,noise,noise,mua,noise,noise,noise,noise,noise,noise,noise
u7,UnitRefine,mouse4_imec0,220,good,good,mua,good,good,good,good,mua,good,good,good,good,good,good,good,good,good,good
u7,UnitRefine,mouse4_imec0,221,mua,mua,mua,mua,mua,mua,mua,mua,mua,mua,mua,mua,mua,mua,mua,mua,mua,mua
u7,UnitRefine,mouse4_imec0,222,mua,mua,mua,mua,mua,mua,mua,mua,mua,mua,mua,mua,mua,mua,mua,mua,mua,mua
u7,UnitRefine,mouse4_imec0,223,good,mua,mua,good,good,good,good,mua,good,good,good,good,good,good,good,good,good,good
u7,UnitRefine,mouse4_imec0,224,mua,mua,mua,mua,mua,mua,mua,mua,mua,mua,mua,mua,mua,mua,mua,mua,mua,mua
u7,UnitRefine,mouse4_imec0,225,good,good,good,good,good,good,good,good,good,good,good,good,good,good,good,good,good,good
u7,UnitRefine,mouse4_imec0,226,noise,good,good,good,good,good,good,good,good,good,good,good,good,good,good,good,good,good
u7,UnitRefine,mouse4_imec0,227,good,good,good,good,good,good,good,good,good,good,good,good,good,good,good,good,good,good
u7,UnitRefine,mouse4_imec0,228,good,good,good,good,good,good,good,good,good,good,good,good,good,good,good,good,good,good
u7,UnitRefine,mouse4_imec0,229,noise,mua,mua,mua,mua,mua,mua,mua,mua,mua,mua,mua,mua,mua,mua,mua,mua,mua
u7,UnitRefine,mouse4_imec0,230,mua,mua,mua,mua,mua,noise,mua,mua,mua,mua,mua,mua,mua,mua,mua,mua,mua,mua
u7,UnitRefine,mouse4_imec0,231,mua,good,good,mua,good,good,good,good,mua,good,good,good,mua,mua,good,mua,good,mua
u7,UnitRefine,mouse4_imec0,232,mua,mua,mua,mua,mua,mua,mua,mua,mua,mua,mua,mua,mua,mua,mua,mua,mua,mua
u7,UnitRefine,mouse4_imec0,233,mua,mua,mua,mua,mua,mua,mua,mua,mua,mua,mua,mua,mua,mua,mua,mua,mua,mua
u7,UnitRefine,mouse4_imec0,234,mua,good,good,good,good,good,good,mua,mua,mua,mua,mua,mua,mua,mua,good,mua,mua
u7,UnitRefine,mouse4_imec0,235,mua,mua,mua,mua,mua,mua,mua,mua,mua,mua,noise,mua,mua,mua,mua,mua,mua,mua
u7,UnitRefine,mouse4_imec0,236,noise,noise,noise,noise,noise,noise,noise,noise,mua,noise,mua,mua,noise,mua,mua,mua,mua,mua
u7,UnitRefine,mouse4_imec0,237,mua,mua,mua,mua,mua,mua,mua,mua,mua,mua,mua,mua,mua,mua,mua,mua,mua,mua
u7,UnitRefine,mouse4_imec0,238,mua,mua,mua,mua,mua,mua,mua,mua,mua,mua,mua,mua,mua,mua,mua,mua,mua,mua
u7,UnitRefine,mouse4_imec0,239,good,good,good,good,good,good,good,good,good,good,good,good,good,good,good,good,good,good
u7,UnitRefine,mouse4_imec0,241,good,good,good,good,good,mua,good,good,good,good,mua,good,good,good,good,good,good,good
u7,UnitRefine,mouse4_imec0,242,good,good,good,good,good,good,good,good,good,good,good,good,good,good,good,good,good,good
u7,UnitRefine,mouse4_imec0,243,mua,mua,mua,mua,mua,mua,mua,mua,mua,mua,mua,mua,mua,mua,good,mua,mua,mua
u7,UnitRefine,mouse4_imec0,244,mua,mua,mua,mua,mua,mua,mua,mua,mua,mua,mua,mua,mua,mua,mua,mua,mua,mua
u7,UnitRefine,mouse4_imec0,245,good,good,good,good,good,good,good,good,good,good,good,good,good,good,good,good,good,good
u7,UnitRefine,mouse4_imec0,246,mua,good,mua,mua,mua,good,mua,mua,mua,mua,good,mua,good,mua,mua,good,good,good
u7,UnitRefine,mouse4_imec0,247,good,good,good,good,good,good,good,good,good,good,good,good,good,good,good,good,good,good
u7,UnitRefine,mouse4_imec0,248,good,good,good,good,good,good,good,good,good,good,good,good,good,good,good,good,good,good
u7,UnitRefine,mouse4_imec0,249,good,mua,mua,mua,mua,good,mua,mua,mua,good,good,good,mua,mua,mua,good,mua,mua
u7,UnitRefine,mouse4_imec0,250,good,mua,mua,mua,mua,mua,mua,mua,mua,mua,mua,mua,mua,mua,mua,good,mua,mua
u7,UnitRefine,mouse4_imec0,251,good,good,good,good,good,good,good,good,good,good,good,good,good,good,good,mua,good,good
u7,UnitRefine,mouse4_imec0,252,noise,noise,noise,noise,noise,good,noise,noise,mua,noise,good,noise,good,good,noise,noise,noise,good
u7,UnitRefine,mouse4_imec0,253,noise,noise,noise,noise,noise,noise,noise,noise,noise,noise,mua,noise,noise,noise,noise,noise,noise,noise
u7,UnitRefine,mouse4_imec0,254,good,good,good,good,good,good,good,good,good,good,good,good,good,good,good,mua,good,good
u7,UnitRefine,mouse4_imec0,255,good,good,good,good,good,good,good,good,good,good,good,good,good,good,good,good,good,good
u7,UnitRefine,mouse4_imec0,256,good,mua,mua,mua,mua,mua,mua,mua,mua,mua,mua,mua,mua,mua,mua,mua,mua,mua
u7,UnitRefine,mouse4_imec0,257,mua,good,good,mua,good,good,good,good,good,mua,good,good,good,mua,mua,mua,mua,mua
u7,UnitRefine,mouse4_imec0,258,mua,mua,mua,mua,mua,mua,mua,mua,mua,mua,mua,mua,mua,mua,mua,mua,mua,mua
u7,UnitRefine,mouse4_imec0,259,good,mua,mua,mua,mua,good,mua,mua,mua,mua,good,mua,mua,mua,mua,mua,mua,mua
u7,UnitRefine,mouse4_imec0,261,mua,noise,mua,mua,noise,noise,noise,mua,mua,mua,mua,mua,mua,mua,mua,mua,mua,mua
u7,UnitRefine,mouse4_imec0,262,mua,mua,mua,mua,mua,noise,mua,mua,mua,mua,mua,mua,mua,mua,mua,mua,mua,mua
u7,UnitRefine,mouse4_imec0,263,mua,mua,mua,mua,mua,noise,mua,mua,mua,mua,mua,mua,mua,mua,mua,mua,mua,mua
u7,UnitRefine,mouse4_imec0,264,mua,mua,mua,mua,good,noise,good,mua,mua,mua,good,mua,mua,mua,mua,mua,mua,mua
u7,UnitRefine,mouse4_imec0,265,mua,noise,mua,mua,noise,noise,noise,noise,noise,noise,mua,noise,mua,mua,mua,mua,mua,mua
u7,UnitRefine,mouse4_imec0,266,mua,mua,mua,mua,mua,good,mua,mua,mua,mua,good,mua,mua,mua,mua,noise,mua,mua
u7,UnitRefine,mouse4_imec0,267,noise,noise,noise,noise,noise,noise,noise,noise,noise,noise,mua,noise,noise,noise,noise,mua,noise,noise
u7,UnitRefine,mouse4_imec0,268,good,good,good,good,good,good,good,good,good,good,good,good,good,good,good,mua,good,good
u7,UnitRefine,mouse4_imec0,269,mua,mua,mua,noise,noise,noise,noise,mua,noise,mua,mua,mua,mua,mua,mua,mua,mua,noise
u7,UnitRefine,mouse4_imec0,270,mua,noise,noise,noise,noise,noise,noise,noise,noise,noise,mua,noise,noise,mua,noise,mua,noise,mua
u7,UnitRefine,mouse4_imec0,271,mua,mua,mua,mua,mua,noise,mua,mua,mua,mua,mua,mua,mua,mua,mua,mua,mua,mua
u7,UnitRefine,mouse4_imec0,272,mua,mua,mua,mua,mua,mua,mua,mua,mua,mua,mua,mua,mua,mua,mua,mua,mua,mua
u7,UnitRefine,mouse4_imec0,273,mua,good,mua,good,good,good,good,mua,mua,good,good,good,good,mua,good,good,good,mua
u7,UnitRefine,mouse4_imec0,274,mua,mua,mua,mua,mua,noise,noise,mua,mua,noise,mua,mua,mua,mua,noise,mua,mua,noise
u7,UnitRefine,mouse4_imec0,275,mua,mua,mua,mua,mua,good,mua,mua,mua,mua,good,mua,mua,mua,mua,good,mua,mua
u7,UnitRefine,mouse4_imec0,276,good,good,good,mua,good,good,good,good,good,good,good,good,good,good,good,good,good,good
u7,UnitRefine,mouse4_imec0,277,mua,mua,mua,mua,mua,mua,mua,mua,mua,mua,mua,mua,mua,mua,mua,mua,mua,mua
u7,UnitRefine,mouse4_imec0,278,noise,noise,noise,noise,noise,noise,noise,noise,noise,noise,mua,noise,noise,noise,noise,mua,noise,noise
u7,UnitRefine,mouse4_imec0,279,mua,mua,mua,mua,mua,good,mua,mua,mua,mua,mua,mua,mua,mua,mua,mua,mua,good
u7,UnitRefine,mouse4_imec0,280,good,good,good,good,good,good,good,good,good,good,good,good,good,good,good,good,good,good
u7,UnitRefine,mouse4_imec0,281,mua,good,good,good,good,good,good,good,good,good,good,good,good,good,good,mua,good,mua
u7,UnitRefine,mouse4_imec0,282,mua,noise,noise,noise,noise,noise,noise,noise,noise,mua,mua,mua,noise,mua,noise,mua,mua,noise
u7,UnitRefine,mouse4_imec0,283,mua,mua,mua,mua,mua,noise,mua,mua,mua,mua,mua,mua,mua,mua,mua,mua,mua,mua
u7,UnitRefine,mouse4_imec0,284,noise,noise,noise,mua,noise,noise,noise,mua,mua,noise,mua,mua,noise,mua,noise,mua,mua,noise
u7,UnitRefine,mouse4_imec0,285,mua,mua,mua,mua,mua,mua,mua,mua,mua,mua,mua,mua,mua,mua,mua,mua,mua,mua
u7,UnitRefine,mouse4_imec0,286,mua,mua,good,good,mua,good,mua,good,good,mua,good,good,mua,mua,mua,mua,mua,mua
u7,UnitRefine,mouse4_imec0,287,mua,mua,mua,mua,mua,mua,mua,mua,mua,mua,mua,mua,mua,mua,mua,mua,mua,mua
u7,UnitRefine,mouse4_imec0,288,noise,noise,noise,noise,noise,noise,noise,noise,noise,noise,mua,noise,noise,noise,noise,noise,noise,noise
u7,UnitRefine,mouse4_imec0,289,noise,noise,noise,noise,noise,noise,noise,noise,noise,noise,noise,noise,noise,noise,noise,noise,noise,noise
u7,UnitRefine,mouse4_imec0,290,mua,mua,mua,mua,mua,noise,mua,mua,mua,mua,mua,mua,mua,mua,mua,mua,mua,mua
u7,UnitRefine,mouse4_imec0,291,noise,noise,mua,mua,mua,noise,mua,mua,mua,mua,mua,mua,mua,mua,mua,mua,mua,mua
u7,UnitRefine,mouse4_imec0,292,mua,mua,mua,mua,mua,mua,mua,mua,mua,mua,mua,mua,mua,mua,mua,mua,mua,mua
u7,UnitRefine,mouse4_imec0,293,mua,good,good,good,good,good,good,good,good,good,good,good,good,good,good,noise,good,good
u7,UnitRefine,mouse4_imec0,294,mua,good,good,good,good,good,good,good,good,good,good,good,good,good,good,good,good,good
u7,UnitRefine,mouse4_imec0,295,noise,noise,noise,noise,noise,noise,noise,noise,noise,noise,mua,noise,noise,noise,noise,mua,noise,noise
u7,UnitRefine,mouse4_imec0,296,mua,good,good,good,good,good,good,good,good,good,good,good,mua,mua,mua,good,good,mua
u7,UnitRefine,mouse4_imec0,297,noise,noise,noise,noise,noise,noise,noise,noise,noise,noise,noise,noise,noise,noise,noise,noise,noise,noise
u7,UnitRefine,mouse4_imec0,298,noise,noise,noise,noise,noise,noise,noise,noise,noise,noise,mua,noise,noise,noise,noise,mua,noise,noise
u7,UnitRefine,mouse4_imec0,299,noise,noise,noise,noise,noise,noise,noise,noise,noise,noise,mua,noise,noise,noise,noise,mua,noise,noise
u7,UnitRefine,mouse4_imec0,300,mua,mua,mua,mua,mua,mua,mua,mua,mua,mua,mua,mua,mua,mua,mua,mua,mua,mua
u7,UnitRefine,mouse4_imec0,301,mua,mua,mua,mua,mua,mua,mua,mua,mua,mua,mua,mua,mua,mua,mua,mua,mua,mua
u7,UnitRefine,mouse4_imec0,302,noise,noise,noise,noise,noise,noise,noise,noise,noise,noise,mua,noise,noise,noise,noise,mua,noise,noise
u7,UnitRefine,mouse4_imec0,303,mua,mua,mua,mua,mua,mua,mua,mua,mua,mua,mua,mua,mua,mua,mua,mua,mua,mua
u7,UnitRefine,mouse4_imec0,304,mua,mua,mua,mua,mua,mua,mua,mua,mua,mua,mua,mua,mua,mua,mua,mua,mua,mua
u7,UnitRefine,mouse4_imec0,305,mua,mua,mua,mua,mua,mua,mua,mua,mua,mua,mua,mua,mua,mua,mua,mua,mua,mua
u7,UnitRefine,mouse4_imec0,306,mua,mua,mua,mua,mua,mua,mua,mua,mua,mua,mua,mua,mua,mua,mua,mua,mua,mua
u7,UnitRefine,mouse4_imec0,307,noise,noise,noise,noise,noise,noise,noise,noise,noise,noise,noise,noise,noise,noise,noise,noise,noise,noise
u7,UnitRefine,mouse4_imec0,308,mua,mua,mua,mua,mua,mua,mua,mua,mua,mua,mua,mua,mua,mua,mua,mua,mua,mua
u7,UnitRefine,mouse4_imec0,309,mua,noise,noise,noise,noise,mua,noise,noise,noise,noise,mua,noise,noise,mua,noise,mua,mua,noise
u7,UnitRefine,mouse4_imec0,310,mua,noise,mua,mua,mua,mua,mua,mua,mua,mua,mua,mua,mua,mua,mua,mua,mua,mua
u7,UnitRefine,mouse4_imec0,311,noise,noise,noise,noise,noise,noise,noise,noise,noise,noise,noise,noise,noise,noise,noise,noise,noise,noise
u7,UnitRefine,mouse4_imec0,312,mua,mua,mua,mua,noise,noise,noise,noise,mua,noise,mua,noise,mua,mua,mua,mua,mua,mua
u7,UnitRefine,mouse4_imec0,313,mua,mua,mua,mua,mua,noise,mua,mua,mua,mua,noise,mua,mua,mua,mua,noise,mua,noise
u7,UnitRefine,mouse4_imec0,314,mua,mua,mua,noise,noise,noise,noise,mua,mua,mua,noise,mua,mua,mua,mua,noise,mua,mua
u7,UnitRefine,mouse4_imec0,315,mua,mua,mua,mua,mua,mua,mua,mua,mua,mua,mua,mua,mua,mua,mua,mua,mua,mua
u7,UnitRefine,mouse4_imec0,316,noise,noise,noise,noise,noise,noise,noise,noise,noise,noise,noise,noise,noise,noise,noise,noise,noise,noise
u7,UnitRefine,mouse4_imec0,317,mua,mua,mua,mua,mua,mua,mua,mua,mua,mua,mua,mua,mua,mua,mua,mua,mua,mua
u7,UnitRefine,mouse4_imec0,318,noise,noise,noise,noise,noise,noise,noise,noise,noise,noise,noise,noise,noise,noise,noise,noise,noise,noise
u7,UnitRefine,mouse4_imec0,319,noise,noise,noise,noise,noise,noise,noise,noise,noise,noise,mua,noise,noise,noise,noise,noise,noise,noise
u7,UnitRefine,mouse4_imec0,320,mua,mua,mua,mua,mua,mua,mua,mua,mua,mua,mua,mua,mua,mua,mua,mua,mua,mua
u7,UnitRefine,mouse4_imec0,321,mua,mua,mua,mua,mua,mua,mua,mua,mua,mua,mua,mua,mua,mua,mua,mua,mua,mua
u7,UnitRefine,mouse4_imec0,322,noise,noise,noise,noise,noise,noise,noise,noise,noise,noise,mua,noise,noise,noise,noise,mua,noise,noise
u7,UnitRefine,mouse4_imec0,323,mua,mua,mua,mua,mua,mua,mua,mua,mua,mua,mua,mua,mua,mua,mua,mua,mua,mua
u7,UnitRefine,mouse4_imec0,324,noise,noise,noise,noise,noise,noise,noise,noise,noise,noise,noise,noise,noise,noise,noise,noise,noise,noise
u7,UnitRefine,mouse4_imec0,325,mua,noise,noise,mua,mua,mua,mua,mua,mua,mua,mua,mua,mua,mua,mua,mua,mua,mua
u7,UnitRefine,mouse4_imec0,326,mua,noise,noise,noise,noise,noise,noise,noise,noise,noise,noise,noise,mua,mua,noise,mua,noise,mua
u7,UnitRefine,mouse4_imec0,327,noise,noise,noise,noise,noise,noise,noise,noise,noise,noise,mua,noise,noise,noise,noise,noise,noise,noise
u7,UnitRefine,mouse4_imec0,328,noise,noise,noise,noise,noise,noise,noise,noise,noise,noise,mua,noise,noise,noise,noise,noise,noise,noise
u7,UnitRefine,mouse4_imec0,329,mua,mua,mua,mua,noise,noise,noise,noise,mua,mua,noise,noise,mua,mua,mua,mua,mua,mua
u7,UnitRefine,mouse4_imec0,330,good,good,good,good,good,noise,good,good,good,good,good,good,good,good,good,noise,good,good
u7,UnitRefine,mouse4_imec0,331,mua,mua,mua,mua,mua,noise,mua,mua,mua,mua,noise,mua,mua,mua,mua,mua,mua,mua
u7,UnitRefine,mouse4_imec0,332,mua,mua,mua,mua,mua,mua,mua,mua,mua,mua,mua,mua,mua,mua,mua,noise,mua,mua
u7,UnitRefine,mouse4_imec0,333,mua,mua,mua,mua,mua,noise,mua,mua,mua,mua,mua,mua,mua,mua,mua,mua,mua,mua
u7,UnitRefine,mouse4_imec0,334,mua,noise,noise,mua,noise,noise,noise,noise,noise,noise,mua,noise,noise,mua,noise,noise,noise,mua
u7,UnitRefine,mouse4_imec0,335,mua,noise,mua,mua,noise,noise,noise,mua,mua,mua,noise,mua,mua,mua,mua,noise,mua,mua
u7,UnitRefine,mouse4_imec0,336,mua,mua,mua,mua,mua,mua,mua,mua,mua,mua,mua,mua,mua,mua,mua,mua,mua,mua
u7,UnitRefine,mouse4_imec0,337,good,good,good,good,good,good,good,good,good,good,good,good,good,good,good,good,good,good
u7,UnitRefine,mouse4_imec0,338,mua,mua,mua,mua,mua,mua,mua,mua,mua,mua,mua,mua,mua,mua,mua,mua,mua,mua
u7,UnitRefine,mouse4_imec0,339,mua,mua,mua,mua,mua,good,mua,mua,mua,mua,mua,mua,mua,mua,mua,mua,mua,mua
u7,UnitRefine,mouse4_imec0,340,mua,mua,mua,mua,mua,mua,mua,mua,mua,mua,mua,mua,mua,mua,mua,mua,mua,mua
u7,UnitRefine,mouse4_imec0,341,mua,mua,mua,mua,mua,mua,mua,mua,mua,mua,mua,mua,mua,mua,mua,mua,mua,mua
u7,UnitRefine,mouse4_imec0,342,mua,mua,mua,mua,mua,mua,mua,mua,mua,mua,mua,mua,mua,mua,mua,mua,mua,mua
u7,UnitRefine,mouse4_imec0,343,noise,noise,noise,noise,noise,mua,noise,noise,mua,noise,mua,noise,noise,noise,mua,mua,mua,mua
u7,UnitRefine,mouse4_imec0,344,mua,mua,mua,mua,mua,mua,mua,mua,mua,mua,mua,mua,mua,mua,mua,mua,mua,mua
u7,UnitRefine,mouse4_imec0,345,noise,noise,noise,noise,noise,noise,noise,noise,noise,noise,noise,noise,noise,noise,noise,noise,noise,noise
u7,UnitRefine,mouse4_imec0,346,mua,mua,mua,mua,mua,mua,mua,mua,mua,mua,mua,mua,mua,mua,mua,mua,mua,mua
u7,UnitRefine,mouse4_imec0,347,mua,mua,mua,mua,mua,mua,mua,mua,mua,mua,mua,mua,mua,mua,mua,mua,mua,mua
u7,UnitRefine,mouse4_imec0,348,mua,mua,mua,mua,noise,mua,noise,mua,mua,mua,mua,mua,mua,mua,mua,mua,mua,noise
u7,UnitRefine,mouse4_imec0,349,mua,noise,noise,noise,noise,noise,noise,noise,mua,noise,mua,mua,mua,mua,mua,mua,mua,mua
u7,UnitRefine,mouse4_imec0,350,mua,mua,mua,mua,mua,mua,mua,mua,mua,mua,mua,mua,mua,mua,mua,mua,mua,mua
u7,UnitRefine,mouse4_imec0,351,mua,mua,mua,mua,mua,mua,mua,mua,mua,mua,mua,mua,mua,mua,mua,mua,mua,mua
u7,UnitRefine,mouse4_imec0,352,mua,mua,mua,mua,mua,mua,mua,mua,mua,mua,mua,mua,mua,mua,mua,mua,mua,mua
u7,UnitRefine,mouse4_imec0,353,good,mua,mua,mua,mua,good,mua,mua,mua,mua,good,mua,good,good,good,good,good,good
u7,UnitRefine,mouse4_imec0,354,mua,mua,mua,mua,mua,good,mua,mua,mua,good,good,good,mua,mua,mua,mua,mua,mua
u7,UnitRefine,mouse4_imec0,355,mua,noise,noise,noise,noise,noise,noise,noise,mua,noise,mua,noise,noise,noise,noise,mua,noise,noise
u7,UnitRefine,mouse4_imec0,356,noise,noise,noise,noise,noise,noise,noise,noise,noise,noise,mua,noise,noise,noise,noise,noise,noise,noise
u7,UnitRefine,mouse4_imec0,357,mua,mua,mua,mua,mua,mua,mua,mua,mua,mua,mua,mua,mua,mua,mua,mua,mua,mua
u7,UnitRefine,mouse4_imec0,358,mua,noise,noise,mua,noise,noise,noise,noise,mua,noise,mua,noise,noise,noise,noise,noise,noise,noise
u7,UnitRefine,mouse4_imec0,359,mua,noise,noise,noise,noise,noise,noise,noise,mua,mua,mua,mua,mua,mua,noise,mua,mua,mua
u7,UnitRefine,mouse4_imec0,360,noise,noise,noise,noise,noise,mua,noise,noise,mua,noise,mua,noise,mua,mua,mua,mua,mua,mua
u7,UnitRefine,mouse4_imec0,361,mua,mua,mua,mua,mua,mua,mua,mua,mua,mua,mua,mua,mua,mua,mua,mua,mua,mua
u7,UnitRefine,mouse4_imec0,362,mua,mua,mua,mua,mua,mua,mua,mua,mua,mua,mua,mua,mua,mua,mua,mua,mua,mua
u7,UnitRefine,mouse4_imec0,363,mua,mua,mua,mua,noise,mua,noise,mua,mua,mua,mua,mua,mua,mua,mua,mua,mua,mua
u7,UnitRefine,mouse4_imec0,364,mua,mua,mua,mua,mua,mua,mua,mua,mua,mua,mua,mua,mua,mua,mua,mua,mua,mua
u7,UnitRefine,mouse4_imec0,365,mua,noise,noise,noise,noise,mua,noise,noise,noise,noise,mua,noise,noise,noise,mua,mua,mua,mua
u7,UnitRefine,mouse4_imec0,367,noise,noise,noise,mua,mua,noise,mua,noise,noise,mua,mua,mua,noise,mua,mua,mua,mua,noise
u7,UnitRefine,mouse4_imec0,368,noise,noise,noise,noise,noise,noise,noise,noise,noise,noise,noise,noise,noise,noise,noise,noise,noise,noise
u7,UnitRefine,mouse4_imec0,369,noise,noise,noise,noise,noise,noise,noise,noise,noise,noise,noise,noise,noise,mua,noise,noise,noise,noise
u7,UnitRefine,mouse4_imec0,370,noise,mua,noise,good,noise,mua,noise,noise,good,noise,mua,noise,noise,mua,noise,mua,noise,noise
u7,UnitRefine,mouse4_imec0,371,noise,mua,noise,noise,noise,good,noise,mua,noise,noise,mua,noise,noise,noise,noise,mua,noise,noise
u7,UnitRefine,mouse4_imec0,372,noise,noise,noise,noise,noise,noise,noise,noise,noise,noise,noise,noise,noise,noise,noise,noise,noise,noise
u7,UnitRefine,mouse4_imec0,373,mua,mua,mua,mua,mua,mua,mua,mua,mua,mua,mua,mua,mua,mua,mua,mua,mua,mua
u7,UnitRefine,mouse4_imec0,374,noise,noise,mua,noise,mua,noise,mua,noise,noise,noise,mua,noise,noise,noise,noise,noise,noise,noise
u7,UnitRefine,mouse4_imec0,375,mua,noise,noise,noise,noise,noise,noise,noise,noise,noise,mua,noise,noise,noise,noise,noise,noise,noise
u7,UnitRefine,mouse4_imec0,376,mua,noise,noise,noise,noise,noise,noise,noise,noise,noise,mua,noise,noise,noise,noise,noise,noise,noise
u7,UnitRefine,mouse4_imec0,377,noise,noise,noise,noise,noise,noise,noise,noise,noise,noise,noise,noise,noise,noise,noise,noise,noise,noise
u7,UnitRefine,mouse4_imec0,378,mua,noise,noise,noise,noise,mua,noise,noise,mua,noise,mua,mua,mua,mua,mua,mua,mua,mua
u7,UnitRefine,mouse4_imec0,379,noise,noise,noise,mua,noise,noise,noise,noise,mua,mua,mua,mua,mua,mua,mua,mua,mua,mua
u7,UnitRefine,mouse4_imec0,380,mua,noise,noise,noise,noise,noise,noise,noise,noise,noise,mua,noise,noise,noise,noise,noise,noise,noise
u7,UnitRefine,mouse4_imec0,381,mua,mua,mua,mua,mua,noise,mua,mua,mua,mua,mua,mua,mua,mua,mua,mua,mua,mua
u7,UnitRefine,mouse4_imec0,382,noise,noise,noise,noise,noise,noise,noise,noise,noise,noise,noise,noise,noise,noise,noise,noise,noise,noise
u7,UnitRefine,mouse4_imec0,383,mua,mua,mua,mua,mua,mua,mua,mua,mua,mua,mua,mua,mua,mua,mua,mua,mua,mua
u7,UnitRefine,mouse4_imec0,384,mua,mua,mua,mua,mua,mua,mua,mua,mua,mua,mua,mua,mua,mua,mua,mua,mua,mua
u7,UnitRefine,mouse4_imec0,385,mua,mua,mua,mua,mua,mua,mua,mua,mua,good,mua,good,mua,mua,mua,good,mua,good
u7,UnitRefine,mouse4_imec0,386,mua,mua,mua,mua,mua,mua,mua,mua,mua,mua,mua,mua,mua,mua,mua,mua,mua,mua
u7,UnitRefine,mouse4_imec0,387,mua,noise,noise,noise,noise,noise,noise,noise,mua,noise,mua,noise,noise,noise,noise,mua,noise,noise
u7,UnitRefine,mouse4_imec0,388,noise,noise,noise,noise,noise,noise,noise,noise,noise,noise,noise,noise,noise,noise,noise,noise,noise,noise
u7,UnitRefine,mouse4_imec0,389,noise,noise,noise,noise,noise,noise,noise,noise,noise,noise,noise,noise,noise,noise,noise,noise,noise,noise
u7,UnitRefine,mouse4_imec0,390,mua,mua,mua,mua,mua,mua,mua,mua,mua,mua,mua,mua,mua,mua,mua,mua,mua,mua
u7,UnitRefine,mouse4_imec0,391,noise,noise,noise,noise,noise,noise,noise,noise,noise,noise,mua,noise,noise,noise,noise,noise,noise,noise
u7,UnitRefine,mouse4_imec0,392,noise,noise,noise,noise,noise,noise,noise,noise,noise,noise,noise,noise,noise,noise,noise,noise,noise,noise
u7,UnitRefine,mouse4_imec0,393,mua,mua,mua,mua,mua,mua,mua,mua,mua,mua,mua,mua,mua,mua,mua,mua,mua,mua
u7,UnitRefine,mouse4_imec0,394,mua,mua,mua,mua,mua,noise,mua,noise,mua,noise,noise,noise,mua,mua,noise,noise,noise,mua
u7,UnitRefine,mouse4_imec0,395,mua,mua,mua,mua,mua,mua,mua,mua,mua,mua,mua,mua,mua,mua,mua,mua,mua,mua
u7,UnitRefine,mouse4_imec0,396,mua,noise,noise,mua,mua,mua,mua,noise,mua,noise,mua,noise,noise,noise,noise,mua,noise,noise
u7,UnitRefine,mouse4_imec0,397,mua,noise,noise,noise,noise,mua,noise,noise,mua,noise,mua,noise,noise,mua,noise,mua,noise,mua
u7,UnitRefine,mouse4_imec0,398,mua,noise,noise,mua,noise,mua,mua,noise,mua,noise,mua,mua,noise,mua,mua,mua,mua,mua
u7,UnitRefine,mouse4_imec0,399,noise,noise,noise,noise,noise,noise,noise,noise,noise,noise,noise,noise,noise,noise,noise,noise,noise,noise
u7,UnitRefine,mouse4_imec0,400,mua,mua,mua,mua,mua,mua,mua,mua,mua,mua,mua,mua,mua,mua,mua,mua,mua,mua
u7,UnitRefine,mouse4_imec0,401,mua,mua,mua,mua,mua,mua,mua,mua,mua,mua,mua,mua,mua,mua,mua,mua,mua,mua
u7,UnitRefine,mouse4_imec0,402,mua,noise,mua,mua,mua,mua,mua,mua,mua,mua,mua,mua,mua,mua,mua,mua,mua,mua
u7,UnitRefine,mouse4_imec0,403,mua,mua,noise,mua,mua,mua,mua,mua,mua,mua,mua,mua,mua,mua,mua,mua,mua,mua
u7,UnitRefine,mouse4_imec0,404,mua,mua,mua,mua,mua,noise,mua,mua,mua,mua,mua,mua,mua,mua,mua,mua,mua,mua
u7,UnitRefine,mouse4_imec0,405,noise,noise,noise,noise,noise,noise,noise,noise,noise,noise,noise,noise,noise,noise,noise,noise,noise,noise
u7,UnitRefine,mouse4_imec0,406,noise,noise,noise,noise,noise,noise,noise,noise,noise,noise,mua,noise,noise,noise,noise,noise,noise,noise
u7,UnitRefine,mouse4_imec0,407,mua,noise,noise,mua,noise,mua,noise,noise,mua,noise,mua,mua,noise,mua,noise,mua,noise,noise
u7,UnitRefine,mouse4_imec0,408,mua,noise,noise,noise,noise,noise,noise,noise,mua,noise,noise,noise,noise,noise,noise,noise,noise,noise
u7,UnitRefine,mouse4_imec0,409,mua,noise,noise,noise,noise,noise,noise,noise,noise,noise,noise,noise,noise,noise,noise,mua,noise,noise
u7,UnitRefine,mouse4_imec0,410,noise,noise,noise,noise,noise,noise,noise,noise,noise,noise,noise,noise,noise,noise,noise,noise,noise,noise
u7,UnitRefine,mouse4_imec0,411,mua,noise,mua,mua,mua,mua,mua,mua,mua,mua,mua,mua,mua,mua,mua,mua,mua,mua
u7,UnitRefine,mouse4_imec0,412,noise,noise,noise,noise,noise,noise,noise,noise,noise,noise,noise,noise,noise,noise,noise,noise,noise,noise
u7,UnitRefine,mouse4_imec0,413,noise,noise,noise,noise,noise,noise,noise,noise,noise,noise,mua,noise,noise,noise,noise,mua,noise,noise
u7,UnitRefine,mouse4_imec0,414,mua,noise,noise,noise,noise,noise,noise,noise,noise,noise,noise,noise,noise,noise,noise,noise,noise,noise
u7,UnitRefine,mouse4_imec0,415,mua,noise,noise,noise,noise,mua,noise,noise,noise,noise,mua,noise,noise,noise,noise,mua,mua,mua
u7,UnitRefine,mouse4_imec0,416,mua,mua,mua,mua,mua,mua,mua,mua,mua,mua,mua,mua,mua,mua,mua,mua,mua,mua
u7,UnitRefine,mouse4_imec0,417,noise,noise,noise,noise,noise,noise,noise,noise,noise,noise,noise,noise,noise,noise,noise,noise,noise,noise
u7,UnitRefine,mouse4_imec0,418,mua,noise,noise,mua,noise,noise,noise,noise,noise,noise,mua,noise,noise,noise,noise,mua,noise,noise
u7,UnitRefine,mouse4_imec0,419,mua,noise,noise,noise,noise,noise,noise,noise,noise,noise,mua,noise,noise,noise,noise,noise,noise,noise
u7,UnitRefine,mouse4_imec0,420,mua,noise,noise,noise,noise,noise,noise,noise,noise,noise,noise,noise,noise,noise,noise,noise,noise,noise
u7,UnitRefine,mouse4_imec0,421,mua,mua,mua,mua,mua,mua,mua,mua,mua,mua,mua,mua,mua,mua,mua,mua,mua,mua
u7,UnitRefine,mouse4_imec0,422,mua,noise,noise,mua,noise,mua,noise,noise,mua,noise,mua,noise,mua,mua,noise,mua,mua,noise
u7,UnitRefine,mouse4_imec0,423,mua,mua,mua,mua,noise,mua,noise,mua,mua,mua,mua,mua,mua,mua,mua,mua,mua,mua
u7,UnitRefine,mouse4_imec0,424,mua,noise,noise,mua,noise,noise,noise,mua,mua,mua,mua,mua,mua,mua,noise,mua,noise,mua
u7,UnitRefine,mouse4_imec0,425,noise,noise,noise,noise,noise,noise,noise,noise,noise,noise,noise,noise,noise,noise,noise,noise,noise,noise
u7,UnitRefine,mouse4_imec0,426,noise,noise,noise,noise,noise,noise,noise,noise,noise,noise,noise,noise,noise,mua,noise,noise,noise,noise
u7,UnitRefine,mouse4_imec0,427,mua,noise,noise,noise,noise,noise,noise,noise,noise,noise,noise,noise,noise,noise,noise,noise,noise,noise
u7,UnitRefine,mouse4_imec0,428,mua,noise,noise,mua,noise,mua,noise,mua,mua,noise,mua,mua,mua,mua,mua,mua,mua,mua
u7,UnitRefine,mouse4_imec0,429,mua,noise,noise,mua,noise,mua,noise,noise,mua,noise,mua,noise,noise,mua,noise,mua,noise,noise
u7,UnitRefine,mouse4_imec0,430,mua,noise,noise,noise,noise,mua,noise,noise,mua,noise,mua,noise,noise,mua,noise,mua,noise,noise
u7,UnitRefine,mouse4_imec0,431,mua,noise,noise,noise,noise,noise,noise,noise,noise,mua,mua,mua,noise,mua,mua,mua,mua,mua
u7,UnitRefine,mouse4_imec0,432,mua,mua,mua,mua,mua,mua,mua,mua,mua,mua,mua,mua,mua,mua,mua,mua,mua,mua
u7,UnitRefine,mouse4_imec0,433,mua,noise,noise,noise,noise,noise,noise,noise,noise,noise,mua,noise,noise,noise,noise,mua,noise,noise
u7,UnitRefine,mouse4_imec0,434,noise,noise,noise,noise,noise,noise,noise,noise,noise,noise,noise,noise,noise,noise,noise,noise,noise,noise
u7,UnitRefine,mouse4_imec0,435,noise,noise,noise,noise,noise,noise,noise,noise,noise,noise,mua,noise,noise,noise,noise,mua,noise,noise
u7,UnitRefine,mouse4_imec0,436,mua,noise,noise,mua,mua,mua,mua,mua,mua,mua,mua,mua,mua,mua,mua,mua,mua,mua
u7,UnitRefine,mouse4_imec0,437,noise,noise,noise,noise,noise,noise,noise,noise,noise,noise,noise,noise,noise,noise,noise,noise,noise,noise
u7,UnitRefine,mouse4_imec0,438,noise,noise,noise,noise,noise,noise,noise,noise,noise,noise,noise,noise,noise,noise,noise,noise,noise,noise
u7,UnitRefine,mouse4_imec0,439,mua,noise,mua,mua,mua,mua,mua,mua,mua,mua,mua,mua,mua,mua,mua,mua,mua,mua
u7,UnitRefine,mouse4_imec0,440,noise,noise,noise,noise,noise,noise,noise,noise,noise,noise,noise,noise,noise,noise,noise,noise,noise,noise
u7,UnitRefine,mouse4_imec0,441,noise,noise,noise,noise,noise,noise,noise,noise,noise,noise,noise,noise,noise,noise,noise,noise,noise,noise
u7,UnitRefine,mouse4_imec0,442,mua,noise,noise,noise,noise,noise,noise,noise,noise,noise,noise,noise,noise,mua,noise,noise,noise,noise
u7,UnitRefine,mouse4_imec0,443,mua,noise,noise,noise,noise,noise,noise,noise,mua,noise,mua,noise,noise,mua,noise,mua,noise,noise
u7,UnitRefine,mouse4_imec0,444,mua,noise,noise,noise,noise,mua,noise,noise,noise,noise,mua,noise,noise,mua,noise,mua,noise,noise
u7,UnitRefine,mouse4_imec0,445,noise,noise,noise,noise,noise,noise,noise,noise,noise,noise,noise,noise,noise,noise,noise,noise,noise,noise
u7,UnitRefine,mouse4_imec0,446,mua,noise,noise,noise,noise,noise,noise,noise,mua,noise,noise,noise,noise,mua,noise,noise,noise,noise
u7,UnitRefine,mouse4_imec0,447,mua,mua,mua,mua,mua,mua,mua,mua,mua,mua,mua,mua,mua,mua,mua,mua,mua,mua
u7,UnitRefine,mouse4_imec0,448,mua,mua,mua,mua,mua,mua,mua,mua,mua,mua,mua,mua,mua,mua,mua,mua,mua,mua
u7,UnitRefine,mouse4_imec0,449,noise,noise,noise,noise,noise,noise,noise,noise,noise,noise,noise,noise,noise,noise,noise,noise,noise,noise
u7,UnitRefine,mouse4_imec0,450,noise,noise,noise,noise,noise,noise,noise,noise,noise,noise,noise,noise,noise,noise,noise,noise,noise,noise
u7,UnitRefine,mouse4_imec0,451,noise,noise,noise,noise,noise,noise,noise,noise,noise,noise,noise,noise,noise,noise,noise,noise,noise,noise
u7,UnitRefine,mouse4_imec0,452,mua,noise,noise,noise,noise,noise,noise,noise,noise,noise,mua,noise,noise,noise,noise,mua,noise,noise
u7,UnitRefine,mouse4_imec0,453,noise,noise,noise,noise,noise,noise,noise,noise,noise,noise,noise,noise,noise,noise,noise,mua,noise,noise
u7,UnitRefine,mouse4_imec0,454,noise,noise,noise,noise,noise,noise,noise,noise,noise,noise,noise,noise,noise,noise,noise,noise,noise,noise
u7,UnitRefine,mouse4_imec0,455,noise,noise,noise,noise,noise,noise,noise,noise,noise,noise,noise,noise,noise,noise,noise,noise,noise,noise
u7,UnitRefine,mouse4_imec0,456,noise,noise,noise,noise,noise,noise,noise,noise,noise,noise,noise,noise,noise,noise,noise,noise,noise,noise
u7,UnitRefine,mouse4_imec0,457,noise,noise,noise,mua,noise,noise,noise,noise,noise,noise,noise,noise,noise,noise,noise,noise,noise,noise
u7,UnitRefine,mouse4_imec0,458,mua,noise,noise,mua,noise,mua,noise,mua,mua,mua,mua,mua,mua,mua,mua,mua,mua,mua
u7,UnitRefine,mouse4_imec0,459,noise,noise,noise,noise,noise,noise,noise,noise,noise,noise,noise,noise,noise,noise,noise,noise,noise,noise
u7,UnitRefine,mouse4_imec0,460,mua,noise,noise,noise,noise,noise,noise,noise,noise,noise,noise,noise,noise,noise,noise,noise,noise,noise
u7,UnitRefine,mouse4_imec0,461,noise,noise,noise,noise,noise,noise,noise,noise,noise,noise,noise,noise,noise,noise,noise,noise,noise,noise
u7,UnitRefine,mouse4_imec0,462,noise,noise,noise,noise,noise,noise,noise,noise,noise,noise,noise,noise,noise,noise,noise,noise,noise,noise
u7,UnitRefine,mouse4_imec0,463,mua,noise,noise,mua,noise,noise,noise,noise,noise,noise,noise,noise,noise,mua,noise,noise,noise,noise
u7,UnitRefine,mouse4_imec0,464,mua,noise,noise,noise,noise,noise,noise,noise,mua,noise,mua,noise,noise,noise,noise,noise,noise,noise
u7,UnitRefine,mouse4_imec0,465,noise,noise,noise,noise,noise,noise,noise,noise,noise,noise,noise,noise,noise,noise,noise,noise,noise,noise
u7,UnitRefine,mouse4_imec0,466,mua,noise,noise,mua,noise,mua,noise,noise,mua,mua,mua,mua,mua,mua,mua,mua,mua,mua
u7,UnitRefine,mouse4_imec0,467,noise,noise,noise,noise,noise,noise,noise,noise,noise,noise,noise,noise,noise,mua,noise,noise,noise,noise
u7,UnitRefine,mouse4_imec0,468,noise,noise,noise,noise,noise,noise,noise,noise,noise,noise,noise,noise,mua,mua,noise,mua,noise,noise
u7,UnitRefine,mouse4_imec0,469,mua,mua,mua,mua,mua,mua,mua,mua,mua,mua,mua,mua,mua,mua,mua,mua,mua,mua
u7,UnitRefine,mouse4_imec0,470,noise,noise,noise,noise,noise,noise,noise,noise,noise,noise,mua,noise,noise,noise,noise,mua,noise,noise
u7,UnitRefine,mouse4_imec0,471,mua,noise,noise,noise,noise,noise,noise,noise,noise,noise,noise,noise,noise,noise,noise,noise,noise,noise
u7,UnitRefine,mouse4_imec0,472,mua,mua,mua,mua,mua,mua,mua,mua,mua,mua,mua,mua,mua,mua,mua,mua,mua,mua
u7,UnitRefine,mouse4_imec0,473,mua,noise,noise,mua,noise,noise,noise,noise,mua,noise,mua,noise,noise,mua,noise,mua,noise,noise
u7,UnitRefine,mouse4_imec0,475,noise,noise,noise,noise,noise,noise,noise,noise,noise,noise,noise,noise,noise,noise,noise,noise,noise,noise
u7,UnitRefine,mouse4_imec0,476,mua,noise,noise,noise,noise,noise,noise,noise,noise,noise,noise,noise,noise,mua,noise,mua,noise,noise
u7,UnitRefine,mouse4_imec0,477,mua,noise,noise,mua,noise,noise,noise,noise,mua,noise,noise,noise,noise,mua,mua,mua,mua,noise
u7,UnitRefine,mouse4_imec0,478,noise,noise,noise,noise,noise,noise,noise,noise,noise,noise,noise,noise,noise,noise,noise,noise,noise,noise
u7,UnitRefine,mouse4_imec0,479,noise,noise,noise,noise,noise,noise,noise,noise,noise,noise,noise,noise,noise,noise,noise,mua,noise,noise
u7,UnitRefine,mouse4_imec0,480,noise,noise,noise,noise,noise,noise,noise,noise,noise,noise,noise,noise,noise,noise,noise,noise,noise,noise
u7,UnitRefine,mouse4_imec0,481,noise,noise,noise,mua,noise,noise,noise,noise,noise,noise,noise,noise,noise,noise,noise,noise,noise,noise
u7,UnitRefine,mouse4_imec0,482,mua,noise,noise,mua,noise,mua,noise,mua,mua,noise,mua,noise,mua,mua,mua,mua,mua,mua
u7,UnitRefine,mouse4_imec0,483,noise,noise,noise,noise,noise,noise,noise,noise,noise,noise,noise,noise,noise,noise,noise,noise,noise,noise
u7,UnitRefine,mouse4_imec0,484,mua,noise,noise,noise,noise,noise,noise,noise,noise,noise,mua,noise,noise,mua,noise,mua,noise,mua
u7,UnitRefine,mouse4_imec0,485,noise,noise,noise,noise,noise,noise,noise,noise,noise,noise,mua,noise,noise,noise,noise,mua,noise,noise
u7,UnitRefine,mouse4_imec0,486,noise,noise,noise,mua,noise,noise,noise,noise,noise,noise,mua,noise,noise,mua,noise,mua,noise,mua
u7,UnitRefine,mouse4_imec0,487,noise,noise,noise,noise,noise,noise,noise,noise,noise,noise,noise,noise,noise,noise,noise,noise,noise,noise
u7,UnitRefine,mouse4_imec0,488,mua,noise,noise,noise,noise,noise,noise,noise,noise,noise,noise,noise,noise,noise,noise,mua,noise,noise
u7,UnitRefine,mouse4_imec0,489,noise,noise,noise,noise,noise,noise,noise,noise,noise,noise,noise,noise,noise,noise,noise,noise,noise,noise
u7,UnitRefine,mouse4_imec0,490,noise,noise,noise,noise,noise,noise,noise,noise,noise,noise,noise,noise,noise,noise,noise,noise,noise,noise
u7,UnitRefine,mouse4_imec0,491,mua,noise,noise,noise,noise,noise,noise,noise,mua,noise,mua,mua,noise,mua,noise,mua,noise,mua
u7,UnitRefine,mouse4_imec0,492,noise,noise,noise,noise,noise,noise,noise,noise,noise,noise,mua,noise,noise,noise,noise,noise,noise,noise
u7,UnitRefine,mouse4_imec0,493,noise,noise,noise,mua,noise,noise,noise,noise,noise,noise,noise,noise,noise,noise,noise,noise,noise,noise
u7,UnitRefine,mouse4_imec0,494,noise,noise,noise,noise,noise,noise,noise,noise,noise,noise,noise,noise,noise,noise,noise,noise,noise,noise
u7,UnitRefine,mouse4_imec0,495,noise,noise,noise,noise,noise,noise,noise,noise,noise,noise,noise,noise,noise,noise,noise,noise,noise,noise
u7,UnitRefine,mouse4_imec0,496,mua,noise,noise,mua,mua,mua,mua,mua,mua,noise,mua,mua,mua,mua,mua,mua,mua,mua
u7,UnitRefine,mouse4_imec0,497,mua,noise,noise,noise,noise,noise,noise,noise,noise,noise,noise,noise,noise,mua,noise,noise,noise,noise
u7,UnitRefine,mouse4_imec0,498,noise,noise,noise,mua,noise,noise,noise,noise,mua,noise,mua,noise,mua,mua,noise,mua,noise,mua
u7,UnitRefine,mouse4_imec0,499,mua,mua,mua,mua,noise,mua,noise,mua,mua,mua,mua,mua,mua,mua,mua,mua,mua,mua
u7,UnitRefine,mouse4_imec0,500,mua,mua,mua,mua,mua,noise,mua,mua,mua,mua,mua,mua,mua,mua,mua,mua,mua,mua
u7,UnitRefine,mouse4_imec0,501,noise,noise,noise,noise,noise,noise,noise,noise,noise,noise,noise,noise,noise,noise,noise,noise,noise,noise
u7,UnitRefine,mouse4_imec0,502,noise,noise,noise,noise,noise,noise,noise,noise,noise,noise,noise,noise,noise,noise,noise,noise,noise,noise
u7,UnitRefine,mouse4_imec0,503,mua,mua,noise,mua,noise,noise,noise,mua,mua,noise,mua,noise,mua,mua,noise,mua,noise,mua
u7,UnitRefine,mouse4_imec0,504,noise,noise,noise,noise,noise,noise,noise,noise,noise,noise,noise,noise,noise,noise,noise,noise,noise,noise
u7,UnitRefine,mouse4_imec0,505,noise,noise,noise,mua,noise,noise,noise,noise,noise,noise,mua,noise,noise,mua,noise,mua,noise,noise
u7,UnitRefine,mouse4_imec0,506,noise,noise,noise,noise,noise,noise,noise,noise,noise,noise,noise,noise,noise,noise,noise,noise,noise,noise
u7,UnitRefine,mouse4_imec0,507,noise,noise,noise,noise,noise,noise,noise,noise,noise,noise,noise,noise,noise,mua,noise,mua,noise,noise
u7,UnitRefine,mouse4_imec0,508,noise,noise,noise,noise,noise,noise,noise,noise,noise,noise,noise,noise,noise,noise,noise,noise,noise,noise
u7,UnitRefine,mouse4_imec0,509,noise,noise,noise,noise,noise,noise,noise,noise,noise,noise,mua,noise,noise,noise,noise,noise,noise,noise
u7,UnitRefine,mouse4_imec0,510,mua,noise,noise,noise,noise,noise,noise,noise,noise,noise,noise,noise,noise,noise,noise,noise,noise,noise
u7,UnitRefine,mouse4_imec0,511,noise,noise,noise,noise,noise,noise,noise,noise,noise,noise,mua,noise,noise,noise,noise,noise,noise,noise
u7,UnitRefine,mouse4_imec0,512,noise,noise,noise,noise,mua,noise,noise,mua,noise,mua,noise,mua,mua,mua,mua,noise,mua,mua
u7,UnitRefine,mouse4_imec0,513,noise,noise,noise,mua,noise,noise,noise,noise,mua,noise,noise,noise,noise,mua,noise,noise,noise,noise
u7,UnitRefine,mouse4_imec0,514,mua,noise,noise,mua,noise,noise,noise,noise,noise,noise,noise,noise,noise,noise,noise,mua,noise,noise
u7,UnitRefine,mouse4_imec0,515,noise,noise,noise,noise,noise,noise,noise,noise,noise,noise,noise,noise,noise,noise,noise,noise,noise,noise
u7,UnitRefine,mouse4_imec0,516,mua,noise,noise,noise,noise,noise,noise,noise,noise,noise,noise,noise,noise,noise,noise,noise,noise,noise
u7,UnitRefine,mouse4_imec0,517,noise,noise,noise,noise,noise,noise,noise,noise,noise,noise,noise,noise,noise,noise,noise,noise,noise,noise
u7,UnitRefine,mouse4_imec0,518,noise,noise,noise,noise,noise,noise,noise,noise,noise,noise,noise,noise,noise,noise,noise,noise,noise,noise
u7,UnitRefine,mouse4_imec0,519,mua,noise,noise,noise,noise,noise,noise,noise,noise,noise,noise,noise,noise,mua,noise,mua,noise,noise
u7,UnitRefine,mouse4_imec0,520,noise,noise,noise,noise,noise,noise,noise,noise,noise,noise,noise,noise,noise,noise,noise,noise,noise,noise
u7,UnitRefine,mouse4_imec0,521,mua,noise,noise,mua,noise,noise,noise,noise,mua,noise,noise,noise,noise,mua,noise,mua,noise,noise
u7,UnitRefine,mouse4_imec0,522,mua,noise,noise,noise,noise,noise,noise,noise,noise,noise,noise,noise,noise,noise,noise,noise,noise,noise
u7,UnitRefine,mouse4_imec0,523,mua,noise,noise,noise,noise,noise,noise,noise,noise,noise,mua,noise,noise,noise,noise,noise,noise,noise
u7,UnitRefine,mouse4_imec0,524,mua,noise,noise,noise,noise,noise,noise,noise,noise,noise,noise,noise,noise,noise,noise,mua,noise,mua
u7,UnitRefine,mouse4_imec0,525,noise,noise,noise,noise,noise,noise,noise,noise,mua,noise,noise,noise,noise,mua,noise,noise,noise,noise
u7,UnitRefine,mouse4_imec0,526,noise,noise,noise,noise,noise,noise,noise,noise,noise,noise,noise,noise,noise,mua,noise,noise,noise,noise
u7,UnitRefine,mouse4_imec0,527,noise,noise,noise,noise,noise,noise,noise,noise,noise,noise,noise,noise,noise,noise,noise,noise,noise,noise
u7,UnitRefine,mouse4_imec0,528,noise,noise,noise,noise,noise,noise,noise,noise,noise,noise,noise,noise,noise,noise,noise,noise,noise,noise
u7,UnitRefine,mouse4_imec0,529,noise,noise,noise,noise,noise,noise,noise,noise,noise,noise,noise,noise,noise,noise,noise,noise,noise,noise
u7,UnitRefine,mouse4_imec0,530,noise,noise,noise,noise,noise,noise,noise,noise,noise,noise,noise,noise,noise,noise,noise,noise,noise,noise
u7,UnitRefine,mouse4_imec0,531,mua,mua,mua,mua,mua,noise,mua,mua,mua,mua,mua,mua,mua,mua,mua,mua,mua,mua
u7,UnitRefine,mouse4_imec0,532,mua,mua,mua,mua,mua,mua,mua,mua,mua,mua,mua,mua,mua,mua,mua,mua,mua,mua
u7,UnitRefine,mouse4_imec0,533,noise,noise,noise,noise,noise,noise,noise,noise,noise,noise,noise,noise,noise,noise,noise,noise,noise,noise
u7,UnitRefine,mouse4_imec0,534,mua,noise,noise,mua,noise,noise,noise,noise,mua,noise,mua,noise,mua,mua,mua,mua,mua,mua
u7,UnitRefine,mouse4_imec0,535,noise,noise,noise,noise,noise,noise,noise,noise,noise,noise,mua,noise,noise,noise,noise,noise,noise,noise
u7,UnitRefine,mouse4_imec0,536,mua,noise,noise,noise,noise,noise,noise,noise,noise,noise,noise,noise,noise,noise,noise,noise,noise,noise
u7,UnitRefine,mouse4_imec0,537,noise,noise,noise,noise,noise,noise,noise,noise,noise,noise,noise,noise,noise,noise,noise,mua,noise,noise
u7,UnitRefine,mouse4_imec0,538,mua,mua,mua,mua,noise,mua,noise,mua,mua,mua,mua,mua,mua,mua,mua,mua,mua,mua
u7,UnitRefine,mouse4_imec0,539,mua,mua,mua,mua,good,mua,good,mua,mua,good,mua,mua,mua,mua,mua,mua,mua,mua
u7,UnitRefine,mouse4_imec0,540,noise,noise,noise,noise,noise,noise,noise,noise,noise,noise,noise,noise,noise,noise,noise,noise,noise,noise
u7,UnitRefine,mouse4_imec0,541,mua,noise,noise,noise,noise,noise,noise,noise,noise,noise,noise,noise,noise,mua,noise,mua,noise,noise
u7,UnitRefine,mouse4_imec0,542,noise,noise,noise,noise,noise,noise,noise,noise,noise,noise,noise,noise,noise,mua,noise,noise,noise,noise
u7,UnitRefine,mouse4_imec0,543,noise,noise,noise,noise,noise,noise,noise,noise,noise,noise,noise,noise,noise,noise,noise,noise,noise,noise
u7,UnitRefine,mouse4_imec0,544,mua,noise,noise,noise,noise,noise,noise,noise,noise,noise,noise,noise,noise,mua,noise,mua,noise,noise
u7,UnitRefine,mouse4_imec0,545,mua,mua,mua,mua,noise,noise,noise,mua,mua,mua,mua,mua,mua,mua,mua,mua,mua,mua
u7,UnitRefine,mouse4_imec0,546,noise,noise,noise,noise,noise,noise,noise,noise,noise,noise,noise,noise,noise,noise,noise,noise,noise,noise
u7,UnitRefine,mouse4_imec0,547,noise,noise,noise,noise,noise,noise,noise,noise,noise,noise,noise,noise,mua,mua,noise,noise,noise,noise
u7,UnitRefine,mouse4_imec0,548,noise,noise,noise,noise,noise,noise,noise,noise,noise,noise,noise,noise,noise,noise,noise,noise,noise,noise
u7,UnitRefine,mouse4_imec0,549,noise,noise,noise,noise,noise,noise,noise,noise,noise,noise,noise,noise,noise,noise,noise,noise,noise,noise
u7,UnitRefine,mouse4_imec0,550,noise,noise,noise,noise,noise,noise,noise,noise,noise,noise,noise,noise,noise,noise,noise,noise,noise,noise
u7,UnitRefine,mouse4_imec0,551,mua,noise,noise,noise,noise,noise,noise,noise,noise,noise,noise,noise,noise,noise,noise,noise,noise,noise
u7,UnitRefine,mouse4_imec0,552,mua,noise,noise,mua,noise,noise,noise,noise,mua,noise,noise,noise,mua,mua,noise,noise,noise,noise
u7,UnitRefine,mouse4_imec0,553,mua,mua,mua,mua,mua,mua,mua,mua,mua,mua,mua,mua,mua,mua,mua,mua,mua,mua
u7,UnitRefine,mouse4_imec0,554,mua,noise,noise,noise,noise,noise,noise,noise,noise,noise,noise,noise,noise,mua,noise,noise,noise,noise
u7,UnitRefine,mouse4_imec0,555,noise,noise,noise,noise,noise,noise,noise,noise,noise,noise,noise,noise,noise,noise,noise,noise,noise,noise
u7,UnitRefine,mouse4_imec0,556,noise,noise,noise,noise,noise,noise,noise,noise,noise,noise,noise,noise,noise,noise,noise,noise,noise,noise
u7,UnitRefine,mouse4_imec0,557,mua,mua,mua,mua,noise,mua,noise,mua,mua,noise,mua,mua,mua,mua,mua,mua,mua,mua
u7,UnitRefine,mouse4_imec0,558,noise,noise,noise,noise,noise,noise,noise,noise,noise,noise,noise,noise,noise,noise,noise,noise,noise,noise
u7,UnitRefine,mouse4_imec0,559,noise,noise,noise,mua,noise,noise,noise,noise,noise,noise,noise,noise,noise,mua,noise,mua,noise,noise
u7,UnitRefine,mouse4_imec0,560,noise,noise,noise,noise,noise,noise,noise,noise,noise,noise,noise,noise,noise,mua,noise,mua,noise,noise
u7,UnitRefine,mouse4_imec0,561,noise,noise,noise,noise,noise,noise,noise,noise,noise,noise,noise,noise,noise,noise,noise,noise,noise,noise
u7,UnitRefine,mouse4_imec0,562,noise,noise,noise,mua,noise,noise,noise,noise,noise,noise,noise,noise,mua,mua,noise,noise,noise,mua
u7,UnitRefine,mouse4_imec0,563,noise,noise,noise,noise,noise,noise,noise,noise,noise,noise,noise,noise,noise,mua,noise,noise,noise,mua
u7,UnitRefine,mouse4_imec0,564,noise,noise,noise,noise,noise,noise,noise,noise,noise,noise,noise,noise,noise,noise,noise,noise,noise,noise
u7,UnitRefine,mouse4_imec0,565,noise,noise,noise,noise,noise,noise,noise,noise,noise,noise,noise,noise,noise,noise,noise,noise,noise,noise
u7,UnitRefine,mouse4_imec0,566,noise,noise,noise,noise,noise,noise,noise,noise,noise,noise,noise,noise,noise,noise,noise,noise,noise,noise
u7,UnitRefine,mouse4_imec0,567,noise,noise,noise,noise,noise,noise,noise,noise,noise,noise,noise,noise,noise,noise,noise,noise,noise,noise
u7,UnitRefine,mouse4_imec0,568,noise,noise,noise,noise,noise,noise,noise,noise,noise,noise,noise,noise,noise,mua,noise,noise,noise,noise
u7,UnitRefine,mouse4_imec0,569,mua,noise,noise,mua,mua,mua,mua,mua,mua,mua,mua,mua,mua,mua,mua,mua,mua,mua
u7,UnitRefine,mouse4_imec0,570,noise,noise,noise,noise,noise,noise,noise,noise,noise,noise,noise,noise,noise,noise,noise,noise,noise,noise
u7,UnitRefine,mouse4_imec0,571,noise,mua,mua,mua,good,mua,mua,good,mua,good,mua,good,mua,mua,mua,mua,mua,mua
u7,UnitRefine,mouse4_imec0,572,noise,noise,noise,noise,noise,noise,noise,noise,noise,noise,noise,noise,noise,mua,noise,noise,noise,noise
u7,UnitRefine,mouse4_imec0,573,noise,noise,noise,noise,noise,noise,noise,noise,noise,noise,noise,noise,noise,noise,noise,noise,noise,noise
u7,UnitRefine,mouse4_imec0,574,mua,noise,noise,noise,noise,noise,noise,noise,mua,noise,mua,noise,mua,mua,noise,noise,noise,noise
u7,UnitRefine,mouse4_imec0,575,noise,noise,noise,noise,noise,noise,noise,noise,noise,noise,noise,noise,noise,noise,noise,noise,noise,noise
u7,UnitRefine,mouse4_imec0,576,mua,mua,mua,mua,mua,mua,mua,mua,mua,mua,mua,mua,mua,mua,mua,mua,mua,mua
u7,UnitRefine,mouse4_imec0,577,mua,noise,noise,noise,noise,noise,noise,noise,noise,noise,noise,noise,mua,mua,noise,noise,noise,noise
u7,UnitRefine,mouse4_imec0,578,noise,noise,noise,noise,noise,noise,noise,noise,noise,noise,noise,noise,noise,noise,noise,noise,noise,noise
u7,UnitRefine,mouse4_imec0,579,noise,noise,noise,noise,noise,noise,noise,noise,noise,noise,noise,noise,noise,noise,noise,noise,noise,noise
u7,UnitRefine,mouse4_imec0,580,noise,noise,noise,noise,noise,noise,noise,noise,noise,noise,noise,noise,noise,noise,noise,noise,noise,noise
u7,UnitRefine,mouse4_imec0,581,mua,mua,mua,mua,mua,mua,mua,mua,mua,mua,mua,mua,mua,mua,mua,mua,mua,mua
u7,UnitRefine,mouse4_imec0,582,mua,noise,noise,mua,mua,noise,mua,noise,mua,mua,noise,mua,mua,mua,mua,noise,mua,mua
u7,UnitRefine,mouse4_imec0,583,noise,noise,noise,noise,noise,noise,noise,noise,noise,noise,noise,noise,noise,noise,noise,noise,noise,noise
u7,UnitRefine,mouse4_imec0,584,mua,noise,noise,mua,mua,noise,mua,noise,mua,mua,mua,mua,mua,mua,mua,noise,mua,mua
u7,UnitRefine,mouse4_imec0,585,mua,noise,noise,mua,noise,noise,noise,noise,noise,noise,noise,noise,noise,noise,noise,noise,noise,noise
u7,UnitRefine,mouse4_imec0,586,noise,noise,noise,noise,noise,noise,noise,noise,noise,noise,noise,noise,mua,mua,noise,noise,noise,noise
u7,UnitRefine,mouse4_imec0,587,noise,noise,noise,noise,noise,noise,noise,noise,noise,noise,noise,noise,noise,noise,noise,noise,noise,noise
u7,UnitRefine,mouse4_imec0,588,mua,noise,noise,noise,noise,noise,noise,noise,noise,noise,noise,noise,noise,noise,noise,noise,noise,noise
u7,UnitRefine,mouse4_imec0,589,mua,noise,noise,mua,noise,noise,noise,noise,mua,noise,noise,noise,mua,mua,noise,noise,noise,noise
u7,UnitRefine,mouse4_imec0,590,noise,noise,noise,noise,noise,noise,noise,noise,noise,noise,noise,noise,noise,noise,noise,noise,noise,noise
u7,UnitRefine,mouse4_imec0,591,noise,noise,noise,noise,noise,noise,noise,noise,noise,noise,noise,noise,noise,noise,noise,noise,noise,noise
u7,UnitRefine,mouse4_imec0,592,noise,noise,noise,noise,noise,noise,noise,noise,noise,noise,noise,noise,noise,noise,noise,mua,noise,noise
u7,UnitRefine,mouse4_imec0,593,noise,noise,noise,noise,noise,noise,noise,noise,noise,noise,noise,noise,noise,noise,noise,noise,noise,noise
u7,UnitRefine,mouse4_imec0,594,noise,noise,noise,noise,noise,noise,noise,noise,noise,noise,noise,noise,noise,noise,noise,noise,noise,noise
u7,UnitRefine,mouse4_imec0,595,mua,noise,mua,mua,noise,noise,noise,noise,mua,noise,noise,noise,mua,mua,noise,noise,noise,noise
u7,UnitRefine,mouse4_imec0,596,mua,noise,noise,noise,noise,noise,noise,noise,noise,noise,noise,noise,noise,noise,noise,noise,noise,noise
u7,UnitRefine,mouse4_imec0,597,mua,noise,mua,mua,noise,noise,noise,mua,mua,mua,mua,mua,mua,mua,mua,noise,mua,mua
u7,UnitRefine,mouse4_imec0,598,mua,noise,noise,noise,noise,noise,noise,noise,noise,noise,noise,noise,noise,mua,mua,noise,mua,noise
u7,UnitRefine,mouse4_imec0,599,mua,noise,noise,noise,noise,noise,noise,noise,noise,noise,noise,noise,mua,mua,noise,noise,noise,noise
u7,UnitRefine,mouse4_imec0,600,mua,noise,noise,noise,noise,noise,noise,noise,noise,noise,noise,noise,noise,noise,noise,noise,noise,noise
u7,UnitRefine,mouse4_imec0,601,mua,noise,noise,noise,noise,noise,noise,noise,noise,noise,noise,noise,noise,noise,noise,noise,noise,noise
u7,UnitRefine,mouse4_imec0,602,mua,noise,noise,noise,noise,noise,noise,noise,noise,noise,noise,noise,noise,noise,noise,noise,noise,noise
u7,UnitRefine,mouse4_imec0,603,mua,noise,noise,noise,noise,noise,noise,noise,noise,noise,noise,noise,noise,noise,noise,noise,noise,noise
u7,UnitRefine,mouse4_imec0,604,mua,mua,mua,mua,mua,mua,mua,mua,mua,mua,mua,mua,mua,mua,mua,mua,mua,mua
u7,UnitRefine,mouse4_imec0,605,mua,noise,noise,noise,noise,noise,noise,noise,noise,noise,noise,noise,noise,noise,noise,noise,noise,noise
u7,UnitRefine,mouse4_imec0,606,noise,noise,noise,noise,noise,noise,noise,noise,noise,noise,noise,noise,noise,noise,noise,noise,noise,noise
u7,UnitRefine,mouse4_imec0,607,noise,noise,noise,noise,noise,noise,noise,noise,noise,noise,noise,noise,noise,noise,noise,noise,noise,noise
u7,UnitRefine,mouse4_imec0,608,noise,noise,noise,noise,noise,noise,noise,noise,noise,noise,noise,noise,noise,noise,noise,noise,noise,noise
u7,UnitRefine,mouse4_imec0,609,noise,noise,noise,noise,noise,noise,noise,noise,noise,noise,noise,noise,noise,noise,noise,noise,noise,noise
u7,UnitRefine,mouse4_imec0,610,noise,noise,noise,noise,noise,noise,noise,noise,noise,noise,noise,noise,noise,noise,noise,noise,noise,noise
u7,UnitRefine,mouse4_imec0,611,noise,noise,noise,noise,noise,noise,noise,noise,noise,noise,noise,noise,noise,noise,noise,noise,noise,noise
u7,UnitRefine,mouse4_imec0,612,noise,noise,noise,noise,noise,noise,noise,noise,noise,noise,noise,noise,noise,noise,noise,noise,noise,noise
u7,UnitRefine,mouse4_imec0,613,noise,noise,noise,noise,noise,noise,noise,noise,noise,noise,mua,noise,noise,noise,noise,noise,noise,noise
u7,UnitRefine,mouse4_imec0,614,noise,noise,noise,noise,noise,noise,noise,noise,noise,noise,mua,noise,noise,noise,noise,noise,noise,noise
u7,UnitRefine,mouse4_imec0,615,noise,noise,noise,noise,noise,noise,noise,noise,noise,noise,mua,noise,noise,noise,noise,noise,noise,noise
u7,UnitRefine,mouse4_imec0,616,noise,noise,noise,noise,noise,noise,noise,noise,noise,noise,noise,noise,noise,noise,noise,noise,noise,noise
u7,UnitRefine,mouse4_imec0,617,noise,noise,noise,noise,noise,noise,noise,noise,noise,noise,noise,noise,noise,noise,noise,noise,noise,noise
u7,UnitRefine,mouse4_imec0,618,noise,noise,noise,noise,noise,noise,noise,noise,noise,noise,noise,noise,noise,noise,noise,noise,noise,noise
u7,UnitRefine,mouse4_imec0,619,noise,noise,noise,noise,noise,noise,noise,noise,noise,noise,noise,noise,noise,noise,noise,noise,noise,noise
u7,UnitRefine,mouse4_imec0,620,noise,noise,noise,noise,noise,noise,noise,noise,noise,noise,mua,noise,noise,noise,noise,mua,noise,noise
u7,UnitRefine,mouse4_imec0,621,noise,noise,mua,mua,noise,noise,noise,noise,mua,noise,mua,noise,noise,noise,noise,noise,noise,noise
u7,UnitRefine,mouse4_imec0,622,noise,noise,noise,mua,noise,mua,noise,noise,mua,noise,noise,noise,noise,noise,noise,noise,noise,noise
u7,UnitRefine,mouse4_imec0,623,noise,noise,noise,noise,noise,noise,noise,noise,noise,noise,noise,noise,noise,noise,noise,noise,noise,noise
u7,UnitRefine,mouse4_imec0,624,noise,noise,noise,noise,noise,noise,noise,noise,noise,noise,noise,noise,noise,noise,noise,noise,noise,noise
u7,UnitRefine,mouse4_imec0,625,noise,noise,noise,noise,noise,noise,noise,noise,noise,noise,noise,noise,noise,mua,noise,noise,noise,noise
u7,UnitRefine,mouse4_imec0,626,noise,noise,noise,noise,noise,noise,noise,noise,noise,noise,mua,noise,noise,noise,noise,mua,noise,noise
u7,UnitRefine,mouse4_imec0,627,good,good,good,good,good,good,good,good,good,good,good,good,good,good,good,good,good,good
u7,UnitRefine,mouse4_imec0,628,noise,noise,noise,noise,noise,noise,noise,noise,noise,noise,mua,noise,noise,noise,noise,mua,noise,noise
u7,UnitRefine,mouse4_imec0,629,noise,noise,noise,mua,noise,noise,noise,noise,noise,noise,mua,noise,noise,noise,noise,mua,noise,noise
u7,UnitRefine,mouse4_imec0,630,noise,noise,noise,noise,noise,noise,noise,noise,noise,noise,mua,noise,noise,noise,noise,mua,noise,noise
u7,UnitRefine,mouse4_imec0,631,mua,mua,mua,mua,mua,mua,mua,mua,mua,mua,mua,mua,mua,mua,mua,noise,mua,noise
u7,UnitRefine,mouse4_imec0,632,good,good,good,good,good,good,good,good,good,good,good,good,good,good,good,good,good,good
u7,UnitRefine,mouse4_imec0,633,good,good,good,good,good,good,good,good,good,good,good,good,good,good,good,good,good,good
u7,UnitRefine,mouse4_imec0,634,mua,mua,mua,mua,mua,mua,mua,mua,mua,mua,mua,mua,mua,mua,mua,noise,mua,mua
u7,UnitRefine,mouse4_imec0,635,mua,mua,mua,good,mua,mua,mua,mua,mua,mua,mua,mua,noise,mua,mua,mua,mua,noise
u7,UnitRefine,mouse4_imec0,636,good,mua,mua,mua,good,good,good,good,good,good,good,good,good,good,good,good,good,good
u7,UnitRefine,mouse4_imec0,637,good,mua,mua,mua,mua,mua,mua,mua,mua,mua,mua,mua,mua,mua,mua,mua,mua,mua
u7,UnitRefine,mouse4_imec0,638,mua,mua,mua,mua,mua,mua,mua,mua,mua,mua,mua,mua,mua,mua,mua,mua,mua,mua
u7,UnitRefine,mouse4_imec0,639,mua,mua,mua,mua,mua,mua,mua,mua,mua,mua,mua,mua,mua,mua,mua,mua,mua,mua
u7,UnitRefine,mouse4_imec0,640,mua,mua,mua,mua,mua,noise,mua,mua,mua,mua,mua,mua,mua,mua,mua,mua,mua,mua
u7,UnitRefine,mouse4_imec0,641,mua,mua,mua,mua,mua,mua,mua,mua,mua,mua,mua,mua,mua,mua,mua,mua,mua,mua
u7,UnitRefine,mouse4_imec0,642,mua,good,good,good,good,good,good,good,good,good,good,good,good,mua,good,good,good,good
u7,UnitRefine,mouse4_imec0,643,mua,mua,mua,mua,mua,mua,mua,mua,noise,noise,mua,noise,noise,noise,noise,noise,noise,noise
u7,UnitRefine,mouse4_imec0,644,good,good,good,good,good,good,good,good,good,good,good,good,good,good,good,good,good,good
u7,UnitRefine,mouse4_imec0,645,good,good,good,good,good,good,good,good,good,good,good,good,good,good,good,good,good,good
u7,UnitRefine,mouse4_imec0,646,good,good,good,good,good,good,good,good,good,good,good,good,good,good,good,noise,good,good
u7,UnitRefine,mouse4_imec0,647,mua,mua,mua,good,mua,good,mua,mua,mua,mua,mua,mua,mua,mua,mua,mua,mua,mua
u7,UnitRefine,mouse4_imec0,649,mua,mua,mua,noise,mua,mua,mua,noise,noise,mua,noise,noise,mua,mua,mua,mua,mua,noise
u7,UnitRefine,mouse4_imec0,650,mua,noise,noise,mua,mua,mua,mua,noise,mua,mua,mua,mua,mua,mua,mua,noise,mua,mua
u7,UnitRefine,mouse4_imec0,651,mua,good,good,good,good,good,good,good,good,good,good,good,mua,mua,mua,mua,mua,mua
u7,UnitRefine,mouse4_imec0,652,mua,noise,noise,noise,noise,noise,noise,noise,noise,noise,noise,noise,mua,mua,mua,noise,noise,noise
u7,UnitRefine,mouse4_imec0,653,good,mua,mua,mua,mua,noise,mua,mua,mua,mua,mua,mua,mua,mua,mua,mua,mua,noise
u7,UnitRefine,mouse4_imec0,655,good,mua,mua,mua,mua,good,mua,mua,mua,mua,mua,mua,good,good,mua,good,good,mua
u7,UnitRefine,mouse4_imec0,656,mua,mua,mua,mua,mua,mua,mua,mua,mua,mua,mua,mua,mua,mua,mua,mua,mua,mua
u7,UnitRefine,mouse4_imec0,657,mua,noise,noise,mua,mua,mua,mua,noise,mua,mua,mua,mua,mua,mua,mua,mua,mua,mua
u7,UnitRefine,mouse4_imec0,658,good,good,mua,good,good,good,good,good,good,good,good,good,mua,mua,good,good,good,mua
u7,UnitRefine,mouse4_imec0,660,mua,mua,mua,mua,mua,noise,mua,mua,mua,mua,mua,mua,mua,mua,mua,noise,mua,mua
u7,UnitRefine,mouse4_imec0,661,mua,mua,mua,mua,mua,mua,mua,mua,mua,mua,mua,mua,mua,mua,mua,mua,mua,mua
u7,UnitRefine,mouse4_imec0,662,good,good,good,good,good,good,good,good,good,good,good,good,good,good,good,good,good,good
u7,UnitRefine,mouse4_imec0,663,mua,mua,mua,mua,mua,mua,mua,mua,mua,mua,mua,mua,mua,mua,mua,mua,mua,mua
u7,UnitRefine,mouse4_imec0,664,good,good,good,good,good,good,good,good,good,good,good,good,good,good,good,good,good,good
u7,UnitRefine,mouse4_imec0,665,mua,mua,mua,mua,mua,mua,mua,mua,mua,mua,mua,mua,mua,mua,mua,noise,mua,noise
u7,UnitRefine,mouse4_imec0,666,mua,mua,mua,mua,mua,mua,mua,mua,mua,mua,mua,mua,mua,mua,mua,mua,mua,mua
u7,UnitRefine,mouse4_imec0,667,mua,mua,mua,mua,mua,mua,mua,mua,mua,mua,mua,mua,mua,mua,mua,mua,mua,mua
u7,UnitRefine,mouse4_imec0,668,mua,mua,mua,mua,mua,mua,mua,mua,mua,mua,mua,mua,mua,mua,mua,mua,mua,mua
u7,UnitRefine,mouse4_imec0,669,good,mua,mua,mua,mua,good,mua,good,mua,good,good,good,good,good,mua,good,good,mua
u7,UnitRefine,mouse4_imec0,670,mua,mua,mua,mua,mua,noise,mua,mua,mua,mua,noise,mua,mua,mua,mua,noise,mua,mua
u7,UnitRefine,mouse4_imec0,671,mua,mua,mua,mua,mua,mua,mua,mua,mua,mua,mua,mua,mua,mua,mua,mua,mua,mua
u7,UnitRefine,mouse4_imec0,672,noise,mua,mua,mua,mua,mua,mua,mua,mua,mua,mua,mua,mua,mua,mua,mua,mua,mua
u7,UnitRefine,mouse4_imec0,673,noise,noise,noise,noise,noise,noise,noise,noise,noise,noise,noise,noise,noise,noise,noise,noise,noise,noise
u7,UnitRefine,mouse4_imec0,674,mua,mua,mua,mua,mua,mua,mua,mua,mua,mua,mua,mua,mua,mua,mua,mua,mua,mua
u7,UnitRefine,mouse4_imec0,675,mua,mua,mua,mua,mua,mua,mua,mua,mua,mua,mua,mua,mua,mua,mua,good,mua,mua
u7,UnitRefine,mouse4_imec0,676,good,good,good,mua,good,mua,good,good,mua,good,good,good,good,good,good,good,good,good
u7,UnitRefine,mouse4_imec0,677,mua,mua,mua,mua,mua,mua,mua,mua,mua,mua,mua,mua,mua,mua,mua,mua,mua,mua
u7,UnitRefine,mouse4_imec0,678,mua,mua,mua,mua,mua,good,mua,mua,mua,mua,mua,mua,mua,mua,mua,mua,mua,mua
u7,UnitRefine,mouse4_imec0,679,mua,mua,mua,mua,mua,mua,mua,mua,mua,mua,mua,mua,mua,mua,mua,mua,mua,mua
u7,UnitRefine,mouse4_imec0,680,mua,mua,mua,mua,mua,mua,mua,mua,mua,mua,mua,mua,mua,mua,mua,mua,mua,mua
u7,UnitRefine,mouse4_imec0,681,mua,mua,mua,mua,mua,mua,mua,mua,mua,mua,mua,mua,mua,mua,mua,mua,mua,mua
u7,UnitRefine,mouse4_imec0,682,mua,mua,mua,mua,mua,mua,mua,mua,mua,mua,mua,mua,mua,mua,mua,mua,mua,mua
u7,UnitRefine,mouse4_imec0,683,good,good,good,good,good,good,good,good,good,good,good,good,good,good,good,good,good,good
u7,UnitRefine,mouse4_imec0,684,mua,mua,mua,mua,mua,mua,mua,mua,mua,mua,mua,mua,mua,mua,mua,mua,mua,mua
u7,UnitRefine,mouse4_imec0,685,good,mua,mua,mua,mua,mua,mua,mua,mua,mua,mua,mua,mua,mua,mua,mua,mua,mua
u7,UnitRefine,mouse4_imec0,686,mua,mua,mua,mua,mua,mua,mua,mua,mua,mua,mua,mua,mua,mua,mua,mua,mua,mua
u7,UnitRefine,mouse4_imec0,687,mua,good,good,good,good,good,good,good,good,good,good,good,good,good,mua,good,mua,mua
u7,UnitRefine,mouse4_imec0,688,good,good,good,good,good,good,good,good,good,good,good,good,good,good,good,good,good,good
u7,UnitRefine,mouse4_imec0,689,mua,noise,noise,noise,mua,noise,mua,noise,mua,mua,mua,mua,mua,mua,mua,mua,mua,mua
u7,UnitRefine,mouse4_imec0,690,good,good,good,good,good,good,good,good,mua,good,good,good,mua,mua,mua,mua,mua,mua
u7,UnitRefine,mouse4_imec0,691,noise,mua,mua,mua,mua,mua,mua,mua,mua,mua,mua,mua,mua,mua,mua,mua,mua,mua
u7,UnitRefine,mouse4_imec0,692,noise,mua,mua,mua,mua,mua,mua,good,good,mua,good,good,mua,mua,mua,mua,mua,good
u7,UnitRefine,mouse4_imec0,693,mua,mua,mua,mua,mua,mua,mua,mua,mua,mua,mua,mua,mua,mua,mua,mua,mua,mua
u7,UnitRefine,mouse4_imec0,694,good,mua,mua,mua,good,good,good,mua,mua,good,good,good,mua,mua,mua,good,good,mua
u7,UnitRefine,mouse4_imec0,695,noise,good,good,good,good,good,good,good,good,good,good,good,good,good,good,good,good,good
u7,UnitRefine,mouse4_imec0,696,good,mua,mua,mua,good,good,good,mua,mua,good,good,good,mua,mua,good,good,good,good
u7,UnitRefine,mouse4_imec0,697,mua,good,good,good,mua,mua,mua,mua,mua,mua,mua,mua,mua,mua,mua,mua,mua,mua
u7,UnitRefine,mouse4_imec0,698,mua,good,mua,mua,good,mua,good,good,good,good,mua,good,mua,mua,mua,mua,mua,mua
u7,UnitRefine,mouse4_imec0,699,good,good,mua,mua,good,mua,good,mua,mua,good,mua,good,mua,mua,mua,mua,mua,mua
u7,UnitRefine,mouse4_imec0,700,good,good,good,good,good,good,good,good,good,good,good,good,good,mua,good,good,good,mua
u7,UnitRefine,mouse4_imec0,701,mua,mua,mua,mua,mua,mua,mua,mua,mua,mua,mua,mua,mua,mua,mua,mua,mua,mua
u7,UnitRefine,mouse4_imec0,702,good,good,mua,mua,good,good,good,good,good,good,good,good,mua,mua,mua,mua,mua,mua
u7,UnitRefine,mouse4_imec0,703,mua,noise,noise,noise,noise,noise,noise,noise,noise,noise,mua,noise,noise,mua,noise,mua,noise,noise
u7,UnitRefine,mouse4_imec0,704,noise,mua,mua,mua,mua,mua,mua,mua,mua,mua,mua,mua,mua,mua,mua,mua,mua,mua
u7,UnitRefine,mouse4_imec0,705,good,good,good,good,good,good,good,good,good,good,good,good,good,mua,good,good,good,mua
u7,UnitRefine,mouse4_imec0,706,mua,mua,mua,mua,mua,mua,mua,mua,mua,mua,mua,mua,mua,mua,mua,mua,mua,mua
u7,UnitRefine,mouse4_imec0,707,mua,mua,mua,mua,mua,mua,mua,mua,mua,mua,good,mua,mua,mua,mua,mua,mua,mua
u7,UnitRefine,mouse4_imec0,708,good,mua,good,mua,good,good,good,good,good,good,good,good,good,good,good,good,good,good
u7,UnitRefine,mouse4_imec0,709,mua,mua,mua,mua,mua,mua,mua,mua,mua,mua,mua,mua,mua,mua,mua,mua,mua,mua
u7,UnitRefine,mouse4_imec0,710,good,good,good,good,good,good,good,good,good,good,good,good,good,good,good,good,good,good
u7,UnitRefine,mouse4_imec0,711,good,good,good,good,good,good,good,mua,mua,good,good,good,mua,mua,mua,good,mua,mua
u7,UnitRefine,mouse4_imec0,712,mua,mua,mua,mua,mua,mua,mua,mua,mua,mua,mua,mua,mua,mua,mua,mua,mua,mua
u7,UnitRefine,mouse4_imec0,713,mua,mua,noise,mua,mua,mua,mua,mua,mua,mua,mua,mua,mua,mua,mua,mua,mua,mua
u7,UnitRefine,mouse4_imec0,714,mua,mua,mua,mua,mua,mua,mua,mua,mua,mua,mua,mua,mua,mua,mua,mua,mua,mua
u7,UnitRefine,mouse4_imec0,715,mua,mua,mua,mua,mua,mua,mua,mua,mua,mua,mua,mua,mua,mua,mua,mua,mua,mua
u7,UnitRefine,mouse4_imec0,716,mua,noise,noise,noise,noise,noise,noise,noise,noise,noise,mua,noise,noise,noise,noise,mua,noise,noise
u7,UnitRefine,mouse4_imec0,717,mua,mua,mua,mua,mua,mua,mua,mua,mua,mua,mua,mua,mua,mua,mua,mua,mua,mua
u7,UnitRefine,mouse4_imec0,718,mua,mua,mua,mua,mua,good,mua,mua,mua,mua,good,mua,mua,mua,mua,mua,mua,mua
u7,UnitRefine,mouse4_imec0,719,mua,mua,mua,mua,mua,mua,mua,mua,mua,mua,mua,mua,mua,mua,mua,mua,mua,mua
u7,UnitRefine,mouse4_imec0,720,mua,mua,mua,mua,mua,mua,mua,mua,mua,mua,mua,mua,mua,mua,mua,mua,mua,mua
u7,UnitRefine,mouse4_imec0,721,mua,mua,mua,mua,mua,mua,mua,mua,mua,mua,mua,mua,mua,mua,mua,mua,mua,mua
u7,UnitRefine,mouse4_imec0,722,noise,noise,noise,mua,mua,noise,noise,mua,mua,mua,mua,mua,noise,noise,noise,mua,noise,noise
u7,UnitRefine,mouse4_imec0,723,mua,noise,noise,noise,noise,mua,mua,noise,noise,noise,mua,noise,noise,mua,mua,mua,mua,mua
u7,UnitRefine,mouse4_imec0,724,noise,noise,noise,noise,noise,noise,noise,noise,noise,noise,mua,noise,noise,noise,noise,mua,noise,noise
u7,UnitRefine,mouse4_imec0,725,good,good,good,good,good,good,good,good,good,good,good,good,good,good,good,good,good,good
u7,UnitRefine,mouse4_imec0,726,mua,mua,mua,mua,mua,mua,mua,mua,mua,mua,mua,mua,mua,mua,mua,mua,mua,mua
u7,UnitRefine,mouse4_imec0,727,mua,mua,mua,mua,mua,mua,mua,mua,mua,mua,mua,mua,mua,mua,mua,mua,mua,mua
u7,UnitRefine,mouse4_imec0,728,mua,mua,mua,mua,mua,mua,mua,mua,mua,mua,mua,mua,mua,mua,mua,mua,mua,mua
u7,UnitRefine,mouse4_imec0,729,mua,mua,mua,mua,mua,mua,mua,mua,mua,mua,mua,mua,mua,mua,mua,mua,mua,mua
u7,UnitRefine,mouse4_imec0,730,good,mua,mua,mua,mua,mua,mua,mua,mua,mua,mua,mua,mua,mua,mua,mua,mua,mua
u7,UnitRefine,mouse4_imec0,731,mua,mua,mua,mua,mua,good,mua,mua,mua,good,good,good,mua,mua,good,good,good,good
u7,UnitRefine,mouse4_imec0,732,good,mua,mua,mua,mua,good,good,good,good,good,good,good,good,good,good,good,good,good
u7,UnitRefine,mouse4_imec0,733,mua,noise,noise,noise,noise,noise,noise,noise,noise,noise,noise,noise,noise,mua,noise,noise,noise,noise
u7,UnitRefine,mouse4_imec0,734,good,good,good,good,good,good,good,good,good,good,good,good,good,good,good,good,good,good
u7,UnitRefine,mouse4_imec0,735,mua,mua,mua,mua,mua,mua,mua,mua,mua,mua,mua,mua,mua,mua,mua,mua,mua,mua
u7,UnitRefine,mouse4_imec0,736,noise,noise,noise,noise,noise,noise,noise,noise,noise,noise,noise,noise,noise,noise,noise,noise,noise,noise
u7,UnitRefine,mouse4_imec0,737,mua,noise,noise,noise,noise,noise,noise,noise,mua,noise,mua,noise,noise,mua,mua,mua,mua,mua
u7,UnitRefine,mouse4_imec0,738,mua,mua,mua,mua,mua,mua,mua,mua,mua,mua,mua,mua,mua,mua,mua,mua,mua,mua
u7,UnitRefine,mouse4_imec0,739,mua,mua,mua,mua,mua,mua,mua,mua,mua,mua,mua,mua,mua,mua,mua,mua,mua,mua
u7,UnitRefine,mouse4_imec0,740,mua,mua,mua,mua,mua,mua,mua,mua,mua,mua,mua,mua,mua,mua,mua,mua,mua,mua
u7,UnitRefine,mouse4_imec0,741,mua,mua,mua,mua,mua,mua,mua,mua,mua,mua,mua,mua,mua,mua,mua,mua,mua,mua
u7,UnitRefine,mouse4_imec0,742,noise,noise,noise,noise,noise,noise,noise,noise,noise,noise,noise,noise,noise,noise,noise,noise,noise,noise
u7,UnitRefine,mouse4_imec0,743,noise,noise,noise,mua,noise,noise,noise,noise,mua,noise,mua,noise,mua,mua,noise,noise,noise,noise
u7,UnitRefine,mouse4_imec0,744,mua,noise,noise,mua,noise,noise,noise,noise,mua,noise,mua,mua,mua,mua,mua,mua,mua,mua
u7,UnitRefine,mouse4_imec0,745,mua,mua,mua,mua,mua,mua,mua,mua,mua,mua,mua,mua,mua,mua,mua,mua,mua,mua
u7,UnitRefine,mouse4_imec0,746,noise,noise,noise,mua,noise,noise,noise,noise,mua,noise,noise,noise,noise,mua,noise,noise,noise,noise
u7,UnitRefine,mouse4_imec0,747,noise,noise,noise,noise,noise,noise,noise,noise,noise,noise,noise,noise,noise,mua,noise,noise,noise,noise
u7,UnitRefine,mouse4_imec0,748,mua,mua,mua,mua,mua,noise,mua,mua,mua,mua,mua,mua,mua,mua,mua,mua,mua,mua
u7,UnitRefine,mouse4_imec0,749,noise,noise,noise,noise,noise,noise,noise,noise,noise,noise,noise,noise,noise,mua,noise,noise,noise,noise
u7,UnitRefine,mouse4_imec0,750,noise,noise,noise,noise,noise,noise,noise,noise,noise,noise,noise,noise,noise,noise,noise,noise,noise,noise
u7,UnitRefine,mouse4_imec0,751,noise,noise,noise,noise,noise,noise,noise,noise,noise,noise,noise,noise,noise,mua,noise,noise,noise,noise
u7,UnitRefine,mouse4_imec0,752,noise,noise,noise,noise,noise,noise,noise,noise,noise,noise,noise,noise,mua,mua,noise,noise,noise,noise
u7,UnitRefine,mouse4_imec0,753,mua,mua,mua,mua,mua,mua,mua,mua,mua,mua,mua,mua,mua,mua,mua,mua,mua,mua
u7,UnitRefine,mouse4_imec0,754,noise,noise,noise,noise,noise,noise,noise,noise,noise,noise,noise,noise,noise,noise,noise,noise,noise,noise
u7,UnitRefine,mouse4_imec0,755,noise,noise,noise,noise,noise,noise,noise,noise,noise,noise,noise,noise,noise,noise,noise,noise,noise,noise
u7,UnitRefine,mouse4_imec0,756,noise,noise,noise,noise,noise,noise,noise,noise,noise,noise,noise,noise,noise,noise,noise,noise,noise,noise
u7,UnitRefine,mouse4_imec0,757,noise,noise,noise,mua,noise,noise,noise,noise,noise,noise,noise,noise,noise,mua,noise,noise,noise,noise
u7,UnitRefine,mouse4_imec0,758,noise,noise,noise,noise,noise,noise,noise,noise,noise,noise,noise,noise,noise,noise,noise,noise,noise,noise
u7,UnitRefine,mouse4_imec0,759,noise,noise,noise,noise,noise,noise,noise,noise,noise,noise,mua,noise,noise,noise,noise,noise,noise,noise
u7,UnitRefine,mouse4_imec0,760,mua,mua,mua,mua,mua,noise,mua,mua,mua,mua,mua,mua,mua,mua,mua,mua,mua,good
u7,UnitRefine,mouse4_imec0,761,noise,noise,noise,noise,noise,noise,noise,noise,noise,noise,noise,noise,noise,mua,noise,noise,noise,noise
u7,UnitRefine,mouse4_imec0,762,noise,noise,noise,noise,noise,noise,noise,noise,noise,noise,noise,noise,noise,noise,noise,noise,noise,noise
u7,UnitRefine,mouse4_imec0,763,mua,mua,mua,mua,mua,mua,mua,mua,mua,mua,mua,mua,mua,mua,mua,mua,mua,mua
u7,UnitRefine,mouse4_imec0,764,mua,mua,mua,mua,mua,mua,mua,mua,mua,mua,mua,mua,mua,mua,mua,mua,mua,mua
u7,UnitRefine,mouse4_imec0,765,noise,noise,noise,noise,noise,noise,noise,noise,noise,noise,noise,noise,noise,noise,noise,noise,noise,noise
u7,UnitRefine,mouse4_imec0,766,noise,noise,noise,noise,noise,noise,noise,noise,noise,noise,noise,noise,noise,noise,noise,noise,noise,noise
u7,UnitRefine,mouse4_imec0,767,noise,noise,noise,noise,noise,noise,noise,noise,noise,noise,noise,noise,noise,noise,noise,noise,noise,noise
u7,UnitRefine,mouse4_imec0,768,noise,noise,noise,noise,noise,noise,noise,noise,noise,noise,noise,noise,mua,mua,mua,noise,mua,mua
u7,UnitRefine,mouse4_imec0,769,noise,noise,noise,noise,noise,noise,noise,noise,noise,noise,noise,noise,noise,noise,noise,noise,noise,noise
u7,UnitRefine,mouse4_imec0,770,mua,noise,noise,noise,noise,noise,noise,noise,noise,noise,noise,noise,noise,noise,noise,noise,noise,noise
u7,UnitRefine,mouse4_imec0,771,noise,noise,noise,noise,noise,noise,noise,noise,noise,noise,noise,noise,noise,noise,noise,noise,noise,noise
u7,UnitRefine,mouse4_imec0,772,noise,noise,noise,noise,noise,noise,noise,noise,noise,noise,noise,noise,noise,noise,noise,noise,noise,noise
u7,UnitRefine,mouse4_imec0,773,noise,noise,noise,noise,noise,noise,noise,noise,noise,noise,noise,noise,noise,noise,noise,noise,noise,noise
u7,UnitRefine,mouse4_imec0,774,mua,noise,noise,mua,noise,noise,noise,noise,mua,noise,noise,noise,mua,mua,mua,noise,noise,mua
u7,UnitRefine,mouse4_imec0,775,good,mua,mua,good,mua,noise,mua,good,good,good,good,good,good,good,good,mua,good,good
u7,UnitRefine,mouse4_imec0,776,noise,noise,noise,noise,noise,noise,noise,noise,noise,noise,noise,noise,noise,noise,noise,noise,noise,noise
u7,UnitRefine,mouse4_imec0,777,noise,mua,mua,noise,noise,noise,noise,mua,mua,noise,noise,noise,noise,noise,noise,noise,noise,noise
u7,UnitRefine,mouse4_imec0,779,good,mua,mua,good,mua,good,mua,mua,mua,mua,good,mua,good,good,mua,good,mua,mua
u7,UnitRefine,mouse4_imec0,780,mua,mua,mua,mua,mua,good,mua,mua,mua,mua,good,mua,mua,mua,mua,mua,mua,mua
u7,UnitRefine,mouse4_imec0,781,good,mua,mua,mua,mua,mua,mua,mua,mua,mua,mua,mua,mua,mua,mua,noise,mua,mua
u7,UnitRefine,mouse4_imec0,782,good,good,good,mua,good,noise,good,good,mua,good,mua,good,good,mua,good,noise,good,good
u7,UnitRefine,mouse4_imec0,783,good,mua,mua,mua,mua,mua,mua,mua,mua,mua,mua,mua,good,good,good,good,good,good
u7,UnitRefine,mouse4_imec0,784,mua,mua,mua,mua,mua,good,mua,mua,mua,mua,mua,mua,mua,mua,mua,mua,mua,mua
u7,UnitRefine,mouse4_imec0,785,good,good,good,good,good,good,good,good,good,good,good,good,mua,mua,good,good,good,mua
u7,UnitRefine,mouse4_imec0,786,good,good,good,good,good,good,good,good,good,good,good,good,good,good,good,good,good,good
u7,UnitRefine,mouse4_imec0,787,good,good,good,good,good,good,good,good,good,good,good,good,good,good,good,good,good,good
u7,UnitRefine,mouse4_imec0,788,mua,mua,mua,mua,mua,good,mua,mua,mua,mua,good,mua,mua,mua,mua,mua,mua,mua
u7,UnitRefine,mouse4_imec0,789,good,good,good,good,good,good,good,good,good,good,good,good,good,good,good,good,good,good
u7,UnitRefine,mouse4_imec0,790,mua,noise,noise,mua,noise,noise,noise,noise,mua,noise,noise,noise,mua,mua,noise,noise,noise,noise
u7,UnitRefine,mouse4_imec0,791,good,good,good,good,good,good,good,good,good,good,good,good,good,good,good,good,good,good
u7,UnitRefine,mouse4_imec0,792,mua,mua,mua,mua,mua,mua,mua,mua,mua,mua,mua,mua,mua,mua,mua,mua,mua,mua
u7,UnitRefine,mouse4_imec0,793,noise,noise,noise,noise,noise,noise,noise,noise,noise,noise,noise,noise,noise,noise,noise,noise,noise,noise
u7,UnitRefine,mouse4_imec0,794,noise,noise,noise,noise,noise,noise,noise,noise,noise,noise,noise,noise,noise,noise,noise,noise,noise,noise
u7,UnitRefine,mouse4_imec0,795,noise,noise,noise,noise,noise,noise,noise,noise,noise,noise,noise,noise,noise,noise,noise,noise,noise,noise
u7,UnitRefine,mouse4_imec0,796,noise,noise,noise,noise,noise,noise,noise,noise,noise,noise,noise,noise,noise,noise,noise,noise,noise,noise
u7,UnitRefine,mouse4_imec0,797,mua,mua,mua,mua,mua,good,mua,mua,mua,mua,mua,mua,mua,mua,mua,mua,mua,mua
u7,UnitRefine,mouse4_imec0,798,noise,noise,noise,noise,noise,noise,noise,noise,noise,noise,mua,noise,noise,noise,noise,noise,noise,noise
u5,UnitRefine,mouse4_imec1,0,noise,noise,noise,noise,noise,noise,noise,noise,noise,noise,noise,noise,noise,noise,noise,noise,noise,noise
u5,UnitRefine,mouse4_imec1,1,noise,noise,noise,mua,noise,mua,noise,noise,mua,noise,mua,noise,noise,noise,noise,noise,noise,noise
u5,UnitRefine,mouse4_imec1,2,noise,noise,noise,noise,noise,noise,noise,noise,mua,noise,noise,noise,noise,noise,noise,noise,noise,noise
u5,UnitRefine,mouse4_imec1,3,noise,noise,noise,noise,noise,noise,noise,noise,noise,noise,noise,noise,noise,noise,noise,noise,noise,noise
u5,UnitRefine,mouse4_imec1,4,good,mua,mua,mua,good,good,good,mua,mua,mua,good,mua,mua,mua,mua,mua,mua,mua
u5,UnitRefine,mouse4_imec1,5,noise,noise,noise,noise,noise,noise,noise,noise,noise,noise,noise,noise,noise,noise,noise,noise,noise,noise
u5,UnitRefine,mouse4_imec1,6,good,good,good,mua,good,good,good,good,good,good,good,good,good,good,good,good,good,good
u5,UnitRefine,mouse4_imec1,7,noise,noise,noise,noise,noise,noise,noise,noise,noise,noise,noise,noise,noise,noise,noise,noise,noise,noise
u5,UnitRefine,mouse4_imec1,8,good,good,good,good,good,good,good,good,good,good,good,good,good,good,good,good,good,good
u5,UnitRefine,mouse4_imec1,9,noise,noise,noise,mua,noise,mua,noise,noise,noise,noise,noise,noise,noise,noise,noise,noise,noise,noise
u5,UnitRefine,mouse4_imec1,10,mua,noise,mua,mua,noise,mua,mua,mua,mua,mua,mua,mua,mua,mua,mua,mua,mua,mua
u5,UnitRefine,mouse4_imec1,11,mua,noise,noise,mua,mua,mua,mua,mua,mua,mua,mua,mua,mua,mua,mua,mua,mua,mua
u5,UnitRefine,mouse4_imec1,12,noise,noise,noise,noise,noise,noise,noise,noise,noise,noise,noise,noise,noise,noise,noise,noise,noise,noise
u5,UnitRefine,mouse4_imec1,13,noise,noise,mua,noise,noise,noise,noise,noise,noise,noise,noise,noise,noise,noise,noise,noise,noise,noise
u5,UnitRefine,mouse4_imec1,14,noise,noise,noise,mua,noise,noise,noise,noise,noise,noise,noise,noise,noise,noise,noise,noise,noise,noise
u5,UnitRefine,mouse4_imec1,15,noise,noise,noise,noise,noise,noise,noise,noise,noise,noise,noise,noise,noise,noise,noise,noise,noise,noise
u5,UnitRefine,mouse4_imec1,16,noise,noise,noise,noise,noise,noise,noise,noise,noise,noise,noise,noise,noise,noise,noise,noise,noise,noise
u5,UnitRefine,mouse4_imec1,17,noise,noise,noise,noise,noise,noise,noise,noise,noise,noise,noise,noise,noise,noise,noise,noise,noise,noise
u5,UnitRefine,mouse4_imec1,18,noise,noise,noise,noise,noise,noise,noise,noise,noise,noise,noise,noise,noise,noise,noise,noise,noise,noise
u5,UnitRefine,mouse4_imec1,19,noise,noise,noise,noise,noise,noise,noise,noise,noise,noise,noise,noise,noise,noise,noise,noise,noise,noise
u5,UnitRefine,mouse4_imec1,20,good,good,good,good,good,good,good,good,good,good,good,good,mua,mua,good,good,good,good
u5,UnitRefine,mouse4_imec1,21,good,mua,good,mua,mua,mua,mua,mua,mua,good,mua,good,good,good,good,good,good,good
u5,UnitRefine,mouse4_imec1,22,mua,noise,noise,noise,noise,noise,noise,noise,mua,noise,noise,noise,mua,mua,mua,noise,mua,mua
u5,UnitRefine,mouse4_imec1,23,good,good,good,good,good,good,good,good,good,good,good,good,good,mua,good,good,good,good
u5,UnitRefine,mouse4_imec1,24,good,good,good,good,good,good,good,good,good,good,good,good,good,good,good,good,good,noise
u5,UnitRefine,mouse4_imec1,25,good,good,good,good,good,good,good,good,good,good,good,good,good,good,good,good,good,good
u5,UnitRefine,mouse4_imec1,26,mua,good,good,good,good,good,good,good,good,good,good,good,good,mua,good,good,good,good
u5,UnitRefine,mouse4_imec1,28,mua,mua,mua,mua,mua,mua,mua,mua,mua,mua,mua,mua,mua,mua,mua,mua,mua,mua
u5,UnitRefine,mouse4_imec1,30,good,mua,mua,mua,mua,noise,mua,mua,mua,mua,mua,mua,mua,mua,mua,mua,mua,mua
u5,UnitRefine,mouse4_imec1,31,mua,mua,mua,mua,mua,mua,mua,mua,mua,mua,mua,mua,mua,mua,mua,mua,mua,mua
u5,UnitRefine,mouse4_imec1,32,mua,mua,mua,mua,mua,mua,mua,mua,mua,mua,mua,mua,mua,mua,mua,mua,mua,mua
u5,UnitRefine,mouse4_imec1,33,good,good,mua,mua,good,good,good,good,mua,good,good,good,good,good,good,good,good,good
u5,UnitRefine,mouse4_imec1,34,mua,mua,mua,mua,mua,mua,mua,mua,mua,mua,mua,mua,mua,mua,mua,mua,mua,mua
u5,UnitRefine,mouse4_imec1,35,mua,mua,mua,mua,mua,mua,mua,mua,mua,mua,mua,mua,mua,mua,mua,mua,mua,mua
u5,UnitRefine,mouse4_imec1,36,mua,good,good,good,good,good,good,good,good,good,good,good,good,good,good,good,good,good
u5,UnitRefine,mouse4_imec1,37,mua,mua,mua,mua,mua,mua,mua,mua,mua,mua,mua,mua,mua,mua,mua,mua,mua,mua
u5,UnitRefine,mouse4_imec1,38,mua,mua,mua,mua,mua,mua,mua,mua,mua,mua,mua,mua,mua,mua,mua,mua,mua,mua
u5,UnitRefine,mouse4_imec1,39,good,good,good,good,good,good,good,good,good,good,good,good,good,good,good,good,good,good
u5,UnitRefine,mouse4_imec1,40,mua,mua,mua,mua,mua,mua,mua,mua,mua,mua,mua,mua,mua,mua,mua,mua,mua,mua
u5,UnitRefine,mouse4_imec1,41,mua,mua,mua,mua,mua,mua,mua,mua,mua,noise,mua,noise,noise,noise,noise,noise,noise,noise
u5,UnitRefine,mouse4_imec1,42,good,good,good,good,good,good,good,good,good,good,good,good,good,good,good,good,good,good
u5,UnitRefine,mouse4_imec1,43,good,mua,mua,mua,good,good,good,mua,mua,good,good,mua,good,good,good,good,good,mua
u5,UnitRefine,mouse4_imec1,44,good,good,good,mua,good,good,good,good,good,good,good,good,good,good,good,good,good,good
u5,UnitRefine,mouse4_imec1,45,mua,mua,mua,mua,mua,mua,mua,mua,mua,mua,mua,mua,mua,mua,mua,mua,mua,mua
u5,UnitRefine,mouse4_imec1,46,mua,mua,mua,mua,mua,mua,mua,mua,mua,mua,mua,mua,mua,mua,mua,mua,mua,mua
u5,UnitRefine,mouse4_imec1,47,mua,mua,mua,mua,mua,mua,mua,mua,mua,mua,mua,mua,mua,mua,mua,mua,mua,mua
u5,UnitRefine,mouse4_imec1,48,good,mua,mua,mua,mua,good,mua,mua,mua,good,good,good,good,mua,good,good,good,good
u5,UnitRefine,mouse4_imec1,49,mua,mua,mua,mua,mua,good,mua,mua,mua,mua,good,mua,good,good,good,good,good,noise
u5,UnitRefine,mouse4_imec1,50,mua,mua,mua,mua,mua,good,mua,mua,mua,mua,good,mua,mua,mua,mua,good,mua,mua
u5,UnitRefine,mouse4_imec1,51,good,good,mua,mua,good,good,good,good,mua,good,good,good,good,good,good,good,good,good
u5,UnitRefine,mouse4_imec1,52,good,mua,mua,mua,mua,good,mua,mua,mua,mua,good,mua,mua,mua,mua,good,mua,mua
u5,UnitRefine,mouse4_imec1,53,good,mua,mua,mua,good,good,good,good,mua,good,good,good,mua,mua,good,mua,good,good
u5,UnitRefine,mouse4_imec1,54,good,mua,mua,mua,mua,mua,mua,mua,mua,mua,mua,mua,mua,mua,mua,good,mua,mua
u5,UnitRefine,mouse4_imec1,55,mua,mua,mua,mua,mua,good,mua,mua,mua,mua,mua,mua,mua,mua,mua,mua,mua,mua
u5,UnitRefine,mouse4_imec1,56,mua,mua,mua,mua,mua,mua,mua,mua,mua,mua,mua,mua,mua,mua,mua,mua,mua,mua
u5,UnitRefine,mouse4_imec1,57,noise,noise,noise,noise,noise,noise,noise,noise,noise,noise,noise,noise,noise,noise,noise,noise,noise,noise
u5,UnitRefine,mouse4_imec1,58,mua,noise,mua,mua,mua,mua,mua,noise,mua,noise,noise,noise,noise,mua,noise,noise,noise,noise
u5,UnitRefine,mouse4_imec1,59,mua,noise,noise,noise,noise,noise,noise,noise,noise,noise,noise,noise,noise,mua,noise,noise,noise,noise
u5,UnitRefine,mouse4_imec1,60,mua,mua,mua,mua,mua,mua,mua,mua,mua,mua,mua,mua,mua,mua,mua,mua,mua,mua
u5,UnitRefine,mouse4_imec1,61,mua,noise,mua,mua,mua,mua,mua,mua,mua,noise,mua,noise,mua,mua,mua,noise,mua,mua
u5,UnitRefine,mouse4_imec1,62,mua,mua,mua,mua,mua,mua,mua,mua,mua,mua,mua,mua,mua,mua,mua,mua,mua,mua
u5,UnitRefine,mouse4_imec1,63,mua,mua,mua,mua,mua,mua,mua,mua,mua,mua,mua,mua,mua,mua,mua,mua,mua,mua
u5,UnitRefine,mouse4_imec1,64,mua,mua,mua,mua,mua,mua,mua,mua,mua,mua,mua,mua,mua,mua,mua,mua,mua,mua
u5,UnitRefine,mouse4_imec1,65,mua,mua,mua,mua,mua,mua,mua,mua,mua,mua,mua,mua,mua,mua,mua,mua,mua,mua
u5,UnitRefine,mouse4_imec1,66,noise,noise,noise,noise,noise,noise,noise,noise,noise,noise,noise,noise,noise,noise,noise,noise,noise,noise
u5,UnitRefine,mouse4_imec1,67,noise,noise,noise,noise,noise,noise,noise,noise,noise,noise,noise,noise,noise,mua,noise,noise,noise,noise
u5,UnitRefine,mouse4_imec1,68,noise,noise,noise,noise,noise,noise,noise,noise,noise,noise,noise,noise,noise,noise,noise,noise,noise,noise
u5,UnitRefine,mouse4_imec1,69,noise,noise,noise,noise,noise,noise,noise,noise,noise,noise,noise,noise,noise,noise,noise,noise,noise,noise
u5,UnitRefine,mouse4_imec1,70,noise,noise,noise,noise,noise,noise,noise,noise,noise,noise,noise,noise,noise,noise,noise,noise,noise,noise
u5,UnitRefine,mouse4_imec1,71,noise,noise,noise,noise,noise,noise,noise,noise,noise,noise,noise,noise,noise,mua,noise,noise,noise,noise
u5,UnitRefine,mouse4_imec1,72,noise,noise,noise,mua,noise,noise,noise,noise,noise,noise,noise,noise,noise,noise,noise,noise,noise,noise
u5,UnitRefine,mouse4_imec1,73,mua,good,good,good,good,good,good,good,good,good,good,good,good,good,good,good,good,good
u5,UnitRefine,mouse4_imec1,74,noise,noise,noise,mua,noise,noise,noise,noise,noise,noise,noise,noise,noise,noise,noise,noise,noise,noise
u5,UnitRefine,mouse4_imec1,75,mua,mua,mua,mua,mua,mua,mua,mua,mua,mua,mua,mua,mua,mua,mua,mua,mua,mua
u5,UnitRefine,mouse4_imec1,77,mua,mua,mua,mua,good,good,good,good,good,good,good,good,good,good,good,good,good,good
u5,UnitRefine,mouse4_imec1,78,noise,noise,noise,noise,noise,noise,noise,noise,mua,noise,noise,noise,noise,mua,noise,noise,noise,noise
u5,UnitRefine,mouse4_imec1,79,good,mua,mua,good,good,good,good,mua,mua,good,good,good,mua,good,mua,good,mua,mua
u5,UnitRefine,mouse4_imec1,80,noise,noise,noise,noise,noise,noise,noise,noise,noise,noise,noise,noise,noise,noise,noise,noise,noise,noise
u5,UnitRefine,mouse4_imec1,81,noise,noise,noise,mua,noise,noise,noise,noise,noise,noise,noise,noise,noise,noise,noise,noise,noise,noise
u5,UnitRefine,mouse4_imec1,82,good,good,good,good,good,good,good,good,good,good,good,good,good,good,good,good,good,good
u5,UnitRefine,mouse4_imec1,83,noise,noise,noise,noise,noise,noise,noise,noise,noise,noise,noise,noise,noise,noise,noise,noise,noise,noise
u5,UnitRefine,mouse4_imec1,84,noise,noise,noise,noise,noise,noise,noise,noise,noise,noise,noise,noise,noise,noise,noise,noise,noise,noise
u5,UnitRefine,mouse4_imec1,85,noise,noise,noise,noise,noise,noise,noise,noise,noise,noise,noise,noise,noise,noise,noise,noise,noise,noise
u5,UnitRefine,mouse4_imec1,86,noise,noise,noise,mua,noise,noise,noise,noise,noise,noise,noise,noise,noise,noise,noise,noise,noise,noise
u5,UnitRefine,mouse4_imec1,87,mua,noise,noise,noise,noise,noise,noise,noise,noise,noise,noise,noise,noise,mua,noise,noise,noise,noise
u5,UnitRefine,mouse4_imec1,88,noise,noise,noise,noise,noise,mua,noise,noise,noise,noise,mua,noise,noise,noise,noise,mua,noise,noise
u5,UnitRefine,mouse4_imec1,89,good,good,good,good,good,good,good,good,good,good,good,good,good,good,good,good,good,good
u5,UnitRefine,mouse4_imec1,90,mua,mua,mua,mua,mua,good,mua,mua,mua,mua,good,mua,good,good,mua,good,mua,mua
u5,UnitRefine,mouse4_imec1,91,mua,noise,noise,mua,noise,mua,noise,mua,mua,mua,mua,mua,mua,mua,mua,mua,mua,mua
u5,UnitRefine,mouse4_imec1,92,mua,mua,mua,mua,mua,mua,mua,mua,mua,mua,mua,mua,mua,mua,mua,mua,mua,mua
u5,UnitRefine,mouse4_imec1,93,mua,mua,mua,mua,mua,mua,mua,mua,mua,mua,mua,mua,mua,mua,mua,mua,mua,mua
u5,UnitRefine,mouse4_imec1,94,noise,noise,noise,noise,noise,noise,noise,noise,noise,noise,noise,noise,noise,noise,noise,noise,noise,noise
u5,UnitRefine,mouse4_imec1,95,noise,noise,noise,noise,noise,noise,noise,noise,noise,noise,noise,noise,noise,noise,noise,noise,noise,noise
u5,UnitRefine,mouse4_imec1,96,noise,noise,noise,noise,noise,noise,noise,noise,noise,noise,noise,noise,noise,noise,noise,noise,noise,noise
u5,UnitRefine,mouse4_imec1,97,noise,noise,noise,noise,noise,noise,noise,noise,noise,noise,noise,noise,noise,noise,noise,noise,noise,noise
u5,UnitRefine,mouse4_imec1,98,noise,noise,noise,noise,noise,noise,noise,noise,noise,noise,noise,noise,noise,noise,noise,noise,noise,noise
u5,UnitRefine,mouse4_imec1,99,noise,noise,noise,noise,noise,noise,noise,noise,noise,noise,noise,noise,noise,noise,noise,noise,noise,noise
u5,UnitRefine,mouse4_imec1,100,noise,noise,noise,noise,noise,noise,noise,noise,noise,noise,noise,noise,noise,noise,noise,noise,noise,noise
u5,UnitRefine,mouse4_imec1,101,mua,noise,noise,noise,mua,noise,noise,noise,noise,mua,noise,noise,mua,mua,mua,mua,mua,mua
u5,UnitRefine,mouse4_imec1,102,mua,mua,mua,mua,mua,good,mua,mua,mua,mua,good,mua,mua,mua,mua,good,mua,mua
u5,UnitRefine,mouse4_imec1,103,noise,noise,mua,mua,noise,noise,noise,mua,noise,noise,noise,noise,noise,noise,noise,noise,noise,noise
u5,UnitRefine,mouse4_imec1,104,mua,mua,mua,mua,mua,mua,mua,mua,mua,mua,mua,mua,mua,mua,mua,mua,mua,mua
u5,UnitRefine,mouse4_imec1,105,noise,noise,noise,noise,noise,noise,noise,noise,noise,noise,noise,noise,noise,noise,noise,noise,noise,noise
u5,UnitRefine,mouse4_imec1,106,mua,mua,mua,mua,mua,mua,mua,mua,mua,mua,mua,mua,mua,mua,mua,mua,mua,mua
u5,UnitRefine,mouse4_imec1,107,noise,noise,noise,mua,noise,noise,noise,noise,noise,noise,noise,noise,noise,noise,noise,noise,noise,noise
u5,UnitRefine,mouse4_imec1,108,noise,noise,noise,mua,noise,noise,noise,noise,noise,noise,noise,noise,noise,noise,noise,noise,noise,noise
u5,UnitRefine,mouse4_imec1,109,noise,mua,mua,mua,mua,mua,mua,mua,mua,mua,mua,mua,mua,mua,mua,mua,mua,mua
u5,UnitRefine,mouse4_imec1,110,mua,noise,mua,mua,mua,mua,mua,noise,mua,mua,noise,mua,mua,mua,mua,noise,mua,mua
u5,UnitRefine,mouse4_imec1,111,mua,noise,noise,mua,noise,mua,noise,mua,mua,mua,mua,mua,mua,mua,mua,mua,mua,mua
u5,UnitRefine,mouse4_imec1,112,good,mua,mua,mua,mua,mua,mua,mua,mua,mua,mua,mua,mua,mua,mua,mua,mua,mua
u5,UnitRefine,mouse4_imec1,113,noise,noise,noise,noise,noise,noise,noise,noise,noise,noise,noise,noise,noise,noise,noise,noise,noise,noise
u5,UnitRefine,mouse4_imec1,114,noise,noise,noise,mua,noise,noise,noise,noise,noise,noise,noise,noise,noise,noise,noise,noise,noise,noise
u5,UnitRefine,mouse4_imec1,115,mua,mua,mua,mua,mua,mua,mua,mua,mua,mua,mua,mua,mua,mua,mua,mua,mua,mua
u5,UnitRefine,mouse4_imec1,116,good,mua,mua,mua,mua,mua,mua,mua,mua,mua,mua,mua,good,mua,good,good,good,mua
u5,UnitRefine,mouse4_imec1,117,mua,mua,mua,mua,mua,mua,mua,mua,mua,mua,mua,mua,mua,mua,mua,mua,mua,mua
u5,UnitRefine,mouse4_imec1,118,good,mua,mua,mua,mua,good,mua,mua,mua,mua,mua,mua,mua,mua,mua,good,mua,mua
u5,UnitRefine,mouse4_imec1,119,noise,noise,noise,noise,noise,noise,noise,noise,noise,noise,noise,noise,noise,noise,noise,noise,noise,noise
u5,UnitRefine,mouse4_imec1,120,noise,noise,noise,noise,noise,noise,noise,noise,noise,noise,noise,noise,noise,noise,noise,noise,noise,noise
u5,UnitRefine,mouse4_imec1,121,noise,noise,noise,mua,noise,noise,noise,noise,noise,noise,noise,noise,noise,noise,noise,noise,noise,noise
u5,UnitRefine,mouse4_imec1,122,noise,noise,noise,noise,noise,noise,noise,noise,noise,noise,noise,noise,noise,noise,noise,noise,noise,noise
u5,UnitRefine,mouse4_imec1,123,noise,noise,noise,noise,noise,noise,noise,noise,noise,noise,noise,noise,noise,noise,noise,noise,noise,noise
u5,UnitRefine,mouse4_imec1,124,mua,noise,mua,mua,mua,mua,mua,noise,mua,mua,mua,mua,mua,mua,mua,mua,mua,mua
u5,UnitRefine,mouse4_imec1,125,noise,noise,noise,noise,noise,noise,noise,noise,noise,noise,noise,noise,noise,noise,noise,noise,noise,noise
u5,UnitRefine,mouse4_imec1,126,mua,mua,mua,mua,mua,mua,mua,mua,mua,mua,mua,mua,noise,mua,mua,mua,mua,noise
u5,UnitRefine,mouse4_imec1,127,mua,mua,mua,mua,mua,mua,mua,mua,mua,mua,mua,mua,mua,mua,mua,mua,mua,mua
u5,UnitRefine,mouse4_imec1,128,noise,noise,noise,mua,noise,mua,noise,noise,mua,noise,mua,noise,noise,mua,noise,mua,noise,mua
u5,UnitRefine,mouse4_imec1,129,noise,noise,noise,noise,noise,noise,noise,noise,mua,noise,noise,noise,noise,mua,noise,noise,noise,noise
u5,UnitRefine,mouse4_imec1,130,mua,noise,mua,mua,noise,mua,mua,mua,mua,mua,mua,mua,mua,mua,noise,mua,mua,mua
u5,UnitRefine,mouse4_imec1,131,mua,mua,mua,mua,mua,mua,mua,mua,mua,mua,mua,mua,mua,mua,mua,mua,mua,mua
u5,UnitRefine,mouse4_imec1,132,noise,noise,noise,noise,noise,noise,noise,noise,noise,noise,noise,noise,noise,noise,noise,noise,noise,noise
u5,UnitRefine,mouse4_imec1,133,noise,noise,noise,noise,noise,noise,noise,noise,noise,noise,noise,noise,noise,noise,noise,noise,noise,noise
u5,UnitRefine,mouse4_imec1,134,noise,noise,noise,noise,noise,noise,noise,noise,noise,noise,noise,noise,noise,noise,noise,noise,noise,noise
u5,UnitRefine,mouse4_imec1,135,noise,noise,noise,noise,noise,noise,noise,noise,noise,noise,noise,noise,noise,noise,noise,noise,noise,noise
u5,UnitRefine,mouse4_imec1,136,good,mua,mua,mua,mua,mua,mua,mua,mua,mua,mua,mua,mua,mua,good,good,good,mua
u5,UnitRefine,mouse4_imec1,137,noise,noise,noise,noise,noise,noise,noise,noise,noise,noise,noise,noise,noise,noise,noise,noise,noise,noise
u5,UnitRefine,mouse4_imec1,138,noise,noise,noise,noise,noise,noise,noise,noise,noise,noise,noise,noise,noise,noise,noise,noise,noise,noise
u5,UnitRefine,mouse4_imec1,139,noise,noise,noise,mua,noise,noise,noise,noise,noise,noise,noise,noise,noise,noise,noise,noise,noise,noise
u5,UnitRefine,mouse4_imec1,140,noise,noise,noise,noise,noise,noise,noise,noise,noise,noise,noise,noise,noise,noise,noise,noise,noise,noise
u5,UnitRefine,mouse4_imec1,141,noise,noise,noise,mua,noise,noise,noise,noise,noise,mua,noise,noise,noise,noise,noise,noise,noise,noise
u5,UnitRefine,mouse4_imec1,142,noise,noise,noise,noise,noise,noise,noise,noise,noise,noise,noise,noise,noise,noise,noise,noise,noise,noise
u5,UnitRefine,mouse4_imec1,143,mua,noise,noise,mua,noise,noise,noise,noise,mua,noise,mua,noise,noise,noise,noise,noise,noise,noise
u5,UnitRefine,mouse4_imec1,144,mua,noise,noise,noise,noise,noise,noise,noise,noise,noise,noise,noise,noise,noise,noise,noise,noise,noise
u5,UnitRefine,mouse4_imec1,145,noise,noise,noise,mua,noise,noise,noise,noise,noise,noise,noise,noise,noise,noise,noise,noise,noise,noise
u5,UnitRefine,mouse4_imec1,146,mua,mua,mua,mua,mua,mua,mua,mua,mua,mua,mua,mua,mua,mua,mua,mua,mua,mua
u5,UnitRefine,mouse4_imec1,147,mua,noise,mua,mua,noise,mua,noise,noise,mua,noise,mua,noise,noise,noise,noise,noise,noise,noise
u5,UnitRefine,mouse4_imec1,148,noise,noise,noise,noise,noise,noise,noise,noise,noise,noise,noise,noise,noise,noise,noise,noise,noise,noise
u5,UnitRefine,mouse4_imec1,149,mua,noise,mua,mua,mua,mua,mua,mua,mua,mua,mua,mua,mua,mua,mua,mua,mua,mua
u5,UnitRefine,mouse4_imec1,150,noise,noise,noise,noise,noise,noise,noise,noise,noise,noise,noise,noise,mua,mua,noise,noise,noise,noise
u5,UnitRefine,mouse4_imec1,151,mua,mua,mua,mua,mua,mua,mua,mua,mua,mua,mua,mua,noise,mua,mua,mua,mua,noise
u5,UnitRefine,mouse4_imec1,152,mua,mua,mua,mua,mua,mua,mua,mua,mua,mua,mua,mua,mua,mua,mua,mua,mua,mua
u5,UnitRefine,mouse4_imec1,153,mua,noise,mua,mua,mua,mua,mua,noise,mua,mua,mua,noise,noise,mua,mua,mua,mua,mua
u5,UnitRefine,mouse4_imec1,154,mua,mua,mua,mua,mua,mua,mua,mua,mua,mua,mua,mua,mua,mua,mua,mua,mua,mua
u5,UnitRefine,mouse4_imec1,155,mua,mua,mua,mua,mua,mua,mua,mua,mua,mua,mua,mua,mua,mua,mua,mua,mua,mua
u5,UnitRefine,mouse4_imec1,156,mua,noise,noise,noise,noise,noise,noise,noise,noise,noise,noise,noise,noise,noise,noise,noise,noise,noise
u5,UnitRefine,mouse4_imec1,157,mua,noise,mua,noise,noise,noise,noise,noise,noise,mua,noise,noise,noise,noise,noise,noise,noise,mua
u5,UnitRefine,mouse4_imec1,158,mua,mua,mua,mua,mua,mua,mua,mua,mua,mua,mua,mua,mua,mua,mua,mua,mua,mua
u5,UnitRefine,mouse4_imec1,159,mua,mua,mua,mua,mua,mua,mua,mua,mua,mua,mua,mua,mua,mua,mua,mua,mua,mua
u5,UnitRefine,mouse4_imec1,160,mua,noise,mua,mua,mua,mua,mua,mua,mua,mua,mua,mua,noise,mua,mua,noise,noise,noise
u5,UnitRefine,mouse4_imec1,161,mua,noise,noise,mua,noise,noise,noise,noise,mua,noise,noise,noise,noise,mua,noise,noise,noise,noise
u5,UnitRefine,mouse4_imec1,162,mua,noise,noise,mua,noise,mua,noise,mua,mua,mua,mua,mua,mua,mua,mua,noise,mua,mua
u5,UnitRefine,mouse4_imec1,163,mua,mua,mua,mua,mua,mua,mua,noise,mua,mua,mua,mua,noise,noise,noise,noise,noise,noise
u5,UnitRefine,mouse4_imec1,165,mua,noise,mua,mua,mua,mua,mua,noise,mua,mua,mua,mua,noise,mua,noise,noise,noise,noise
u5,UnitRefine,mouse4_imec1,166,mua,mua,mua,mua,mua,mua,mua,mua,mua,mua,mua,mua,mua,mua,mua,mua,mua,mua
u5,UnitRefine,mouse4_imec1,167,mua,noise,mua,mua,mua,mua,mua,mua,mua,mua,mua,mua,mua,mua,mua,mua,mua,mua
u5,UnitRefine,mouse4_imec1,168,noise,noise,mua,mua,noise,mua,noise,noise,mua,noise,noise,noise,mua,mua,noise,noise,noise,noise
u5,UnitRefine,mouse4_imec1,169,noise,noise,noise,mua,mua,noise,noise,noise,noise,noise,noise,noise,noise,noise,noise,noise,noise,noise
u5,UnitRefine,mouse4_imec1,170,noise,noise,noise,noise,noise,noise,noise,noise,noise,noise,noise,noise,noise,noise,noise,noise,noise,noise
u5,UnitRefine,mouse4_imec1,171,noise,noise,noise,mua,mua,noise,noise,noise,mua,mua,mua,mua,noise,mua,mua,mua,noise,noise
u5,UnitRefine,mouse4_imec1,172,noise,mua,mua,mua,mua,mua,mua,mua,mua,mua,mua,mua,mua,mua,mua,mua,mua,mua
u5,UnitRefine,mouse4_imec1,173,noise,noise,mua,mua,noise,noise,noise,noise,noise,noise,noise,noise,noise,mua,noise,mua,noise,noise
u5,UnitRefine,mouse4_imec1,174,mua,mua,mua,mua,mua,mua,mua,mua,mua,mua,mua,mua,mua,mua,mua,mua,mua,mua
u5,UnitRefine,mouse4_imec1,175,mua,noise,noise,noise,noise,mua,noise,noise,noise,noise,noise,noise,noise,noise,mua,noise,noise,mua
u5,UnitRefine,mouse4_imec1,176,mua,mua,mua,mua,mua,mua,mua,mua,mua,mua,mua,mua,mua,mua,mua,mua,mua,mua
u5,UnitRefine,mouse4_imec1,177,mua,mua,mua,mua,mua,mua,mua,mua,mua,mua,noise,mua,mua,mua,mua,noise,mua,mua
u5,UnitRefine,mouse4_imec1,178,noise,noise,noise,noise,noise,noise,noise,noise,noise,noise,noise,noise,noise,noise,noise,noise,noise,noise
u5,UnitRefine,mouse4_imec1,179,good,mua,good,mua,good,good,good,mua,good,good,good,good,good,good,good,good,good,good
u5,UnitRefine,mouse4_imec1,180,good,good,good,mua,good,good,good,good,mua,good,good,good,good,good,good,good,good,good
u5,UnitRefine,mouse4_imec1,181,noise,noise,noise,noise,noise,noise,noise,noise,noise,noise,noise,noise,noise,noise,noise,noise,noise,noise
u5,UnitRefine,mouse4_imec1,182,noise,noise,noise,noise,noise,noise,noise,noise,noise,noise,noise,noise,noise,noise,noise,noise,noise,noise
u5,UnitRefine,mouse4_imec1,183,noise,noise,noise,noise,noise,noise,noise,noise,noise,noise,noise,noise,noise,noise,noise,noise,noise,noise
u5,UnitRefine,mouse4_imec1,184,noise,noise,noise,noise,noise,noise,noise,noise,noise,noise,noise,noise,noise,noise,noise,noise,noise,noise
u5,UnitRefine,mouse4_imec1,185,noise,noise,noise,noise,noise,noise,noise,noise,noise,noise,noise,noise,noise,noise,noise,noise,noise,noise
u5,UnitRefine,mouse4_imec1,186,noise,noise,noise,noise,noise,noise,noise,noise,noise,noise,noise,noise,noise,noise,noise,noise,noise,noise
u5,UnitRefine,mouse4_imec1,187,noise,noise,noise,noise,noise,noise,noise,noise,noise,noise,noise,noise,noise,noise,noise,noise,noise,noise
u5,UnitRefine,mouse4_imec1,188,noise,noise,noise,noise,noise,noise,noise,noise,noise,noise,noise,noise,noise,noise,noise,noise,noise,noise
u5,UnitRefine,mouse4_imec1,189,noise,noise,noise,noise,noise,noise,noise,noise,noise,noise,noise,noise,noise,noise,noise,noise,noise,noise
u5,UnitRefine,mouse4_imec1,190,noise,noise,noise,noise,noise,noise,noise,noise,noise,noise,noise,noise,noise,noise,noise,noise,noise,noise
u5,UnitRefine,mouse4_imec1,191,noise,noise,noise,noise,noise,noise,noise,noise,noise,noise,noise,noise,noise,noise,noise,noise,noise,noise
u5,UnitRefine,mouse4_imec1,192,noise,noise,noise,noise,noise,noise,noise,noise,noise,noise,noise,noise,noise,noise,noise,noise,noise,noise
u5,UnitRefine,mouse4_imec1,193,noise,noise,noise,noise,noise,noise,noise,noise,noise,noise,noise,noise,noise,noise,noise,noise,noise,noise
u5,UnitRefine,mouse4_imec1,194,noise,noise,noise,noise,noise,noise,noise,noise,noise,noise,noise,noise,noise,noise,noise,noise,noise,noise
u5,UnitRefine,mouse4_imec1,195,noise,noise,noise,noise,noise,noise,noise,noise,noise,noise,noise,noise,noise,noise,noise,noise,noise,noise
u5,UnitRefine,mouse4_imec1,196,noise,noise,noise,noise,noise,noise,noise,noise,noise,noise,noise,noise,noise,noise,noise,noise,noise,noise
u5,UnitRefine,mouse4_imec1,197,noise,noise,noise,noise,noise,noise,noise,noise,noise,noise,noise,noise,noise,noise,noise,noise,noise,noise
u5,UnitRefine,mouse4_imec1,198,noise,noise,noise,noise,noise,noise,noise,noise,noise,noise,noise,noise,noise,noise,noise,noise,noise,noise
u5,UnitRefine,mouse4_imec1,199,mua,noise,noise,noise,noise,noise,noise,noise,noise,noise,noise,noise,noise,mua,noise,noise,noise,noise
u5,UnitRefine,mouse4_imec1,200,noise,noise,noise,noise,noise,noise,noise,noise,noise,noise,noise,noise,noise,noise,noise,noise,noise,noise
u5,UnitRefine,mouse4_imec1,201,noise,noise,noise,mua,noise,noise,noise,noise,mua,noise,noise,noise,noise,mua,noise,noise,noise,mua
u5,UnitRefine,mouse4_imec1,202,noise,noise,noise,mua,noise,noise,noise,noise,mua,noise,noise,noise,noise,noise,noise,noise,noise,noise
u5,UnitRefine,mouse4_imec1,203,noise,noise,noise,noise,noise,noise,noise,noise,noise,noise,noise,noise,noise,noise,noise,noise,noise,noise
u5,UnitRefine,mouse4_imec1,204,noise,noise,noise,noise,noise,noise,noise,noise,noise,noise,noise,noise,noise,noise,noise,noise,noise,noise
u5,UnitRefine,mouse4_imec1,205,noise,noise,noise,noise,noise,noise,noise,noise,noise,noise,noise,noise,noise,noise,noise,noise,noise,noise
u5,UnitRefine,mouse4_imec1,206,noise,noise,noise,noise,noise,noise,noise,noise,noise,noise,noise,noise,noise,mua,noise,noise,noise,noise
u5,UnitRefine,mouse4_imec1,207,noise,noise,noise,noise,noise,noise,noise,noise,noise,noise,noise,noise,noise,mua,noise,noise,noise,noise
u5,UnitRefine,mouse4_imec1,208,noise,noise,noise,noise,noise,noise,noise,noise,noise,noise,noise,noise,noise,noise,noise,noise,noise,noise
u5,UnitRefine,mouse4_imec1,209,noise,noise,noise,noise,noise,noise,noise,noise,noise,noise,noise,noise,mua,mua,noise,noise,noise,noise
u5,UnitRefine,mouse4_imec1,210,noise,noise,noise,noise,noise,noise,noise,mua,mua,noise,noise,noise,mua,mua,mua,noise,mua,mua
u5,UnitRefine,mouse4_imec1,211,noise,noise,noise,mua,noise,noise,noise,noise,mua,noise,noise,noise,noise,mua,noise,noise,noise,noise
u5,UnitRefine,mouse4_imec1,212,noise,noise,noise,noise,noise,noise,noise,noise,noise,noise,noise,noise,noise,mua,noise,noise,noise,noise
u5,UnitRefine,mouse4_imec1,213,noise,noise,noise,noise,good,noise,noise,good,good,good,noise,good,mua,mua,noise,noise,noise,noise
u5,UnitRefine,mouse4_imec1,214,noise,noise,noise,noise,noise,noise,noise,noise,noise,noise,noise,noise,noise,mua,noise,noise,noise,noise
u5,UnitRefine,mouse4_imec1,215,noise,noise,noise,noise,noise,noise,noise,noise,noise,noise,noise,noise,noise,mua,noise,noise,noise,noise
u5,UnitRefine,mouse4_imec1,216,noise,noise,noise,noise,noise,noise,noise,noise,noise,noise,noise,noise,mua,mua,noise,noise,noise,noise
u5,UnitRefine,mouse4_imec1,217,noise,noise,noise,noise,noise,noise,noise,noise,noise,noise,noise,noise,noise,noise,noise,noise,noise,noise
u5,UnitRefine,mouse4_imec1,218,noise,noise,noise,mua,noise,noise,noise,noise,noise,noise,noise,noise,noise,noise,noise,noise,noise,noise
u5,UnitRefine,mouse4_imec1,219,noise,noise,noise,noise,noise,noise,noise,noise,noise,noise,noise,noise,noise,noise,noise,noise,noise,noise
u5,UnitRefine,mouse4_imec1,220,noise,noise,noise,mua,noise,noise,noise,noise,mua,noise,noise,noise,mua,mua,noise,noise,noise,mua
u5,UnitRefine,mouse4_imec1,221,noise,noise,noise,noise,noise,noise,noise,noise,noise,noise,noise,noise,mua,mua,noise,noise,noise,mua
u5,UnitRefine,mouse4_imec1,222,noise,noise,noise,noise,noise,noise,noise,noise,noise,noise,noise,noise,noise,noise,noise,noise,noise,noise
u5,UnitRefine,mouse4_imec1,223,noise,noise,noise,noise,noise,noise,noise,noise,noise,noise,noise,noise,noise,noise,noise,noise,noise,noise
u5,UnitRefine,mouse4_imec1,224,noise,noise,noise,noise,noise,noise,noise,noise,noise,noise,noise,noise,noise,noise,noise,noise,noise,noise
u5,UnitRefine,mouse4_imec1,225,noise,noise,noise,noise,noise,noise,noise,noise,noise,noise,noise,noise,noise,noise,noise,noise,noise,noise
u5,UnitRefine,mouse4_imec1,226,mua,noise,noise,noise,noise,noise,noise,noise,noise,noise,noise,noise,noise,noise,noise,noise,noise,noise
u5,UnitRefine,mouse4_imec1,227,noise,noise,noise,noise,noise,noise,noise,noise,noise,noise,noise,noise,noise,noise,noise,noise,noise,noise
u5,UnitRefine,mouse4_imec1,228,noise,noise,noise,noise,noise,noise,noise,noise,noise,noise,noise,noise,noise,noise,noise,noise,noise,noise
u5,UnitRefine,mouse4_imec1,229,noise,noise,noise,mua,noise,noise,noise,noise,noise,noise,noise,noise,noise,noise,noise,noise,noise,noise
u5,UnitRefine,mouse4_imec1,230,noise,noise,noise,noise,noise,noise,noise,noise,noise,noise,noise,noise,noise,mua,noise,noise,noise,noise
u5,UnitRefine,mouse4_imec1,231,noise,noise,noise,noise,noise,noise,noise,noise,noise,noise,noise,noise,noise,noise,noise,noise,noise,noise
u5,UnitRefine,mouse4_imec1,232,noise,noise,noise,noise,noise,noise,noise,noise,noise,noise,noise,noise,noise,noise,noise,noise,noise,noise
u5,UnitRefine,mouse4_imec1,233,noise,noise,noise,mua,noise,noise,noise,noise,mua,noise,noise,noise,noise,noise,noise,noise,noise,noise
u5,UnitRefine,mouse4_imec1,234,noise,noise,noise,noise,noise,noise,noise,noise,noise,noise,noise,noise,noise,noise,noise,noise,noise,noise
u5,UnitRefine,mouse4_imec1,235,noise,noise,noise,noise,noise,noise,noise,noise,mua,noise,noise,noise,noise,noise,noise,noise,noise,noise
u5,UnitRefine,mouse4_imec1,236,noise,noise,noise,noise,noise,noise,noise,noise,noise,noise,noise,noise,noise,noise,noise,noise,noise,noise
u5,UnitRefine,mouse4_imec1,237,noise,noise,noise,noise,noise,noise,noise,noise,noise,noise,noise,noise,noise,noise,noise,noise,noise,noise
u5,UnitRefine,mouse4_imec1,238,noise,noise,noise,noise,noise,noise,noise,noise,noise,noise,noise,noise,noise,noise,noise,noise,noise,noise
u5,UnitRefine,mouse4_imec1,239,noise,noise,noise,noise,noise,noise,noise,noise,noise,noise,noise,noise,noise,noise,noise,noise,noise,noise
u5,UnitRefine,mouse4_imec1,240,noise,noise,noise,noise,noise,noise,noise,noise,mua,noise,noise,noise,noise,noise,noise,noise,noise,noise
u5,UnitRefine,mouse4_imec1,241,noise,noise,noise,noise,noise,noise,noise,noise,noise,noise,noise,noise,noise,mua,noise,noise,noise,noise
u5,UnitRefine,mouse4_imec1,242,noise,noise,noise,noise,noise,noise,noise,noise,noise,noise,noise,noise,noise,noise,noise,noise,noise,noise
u5,UnitRefine,mouse4_imec1,243,noise,noise,noise,mua,noise,noise,noise,noise,noise,noise,noise,noise,noise,noise,noise,noise,noise,noise
u5,UnitRefine,mouse4_imec1,244,noise,noise,noise,noise,noise,noise,noise,noise,noise,noise,noise,noise,noise,noise,noise,noise,noise,noise
u5,UnitRefine,mouse4_imec1,245,noise,noise,noise,noise,noise,noise,noise,noise,noise,noise,noise,noise,noise,noise,noise,noise,noise,noise
u5,UnitRefine,mouse4_imec1,246,noise,noise,noise,noise,noise,noise,noise,noise,noise,noise,noise,noise,noise,noise,noise,noise,noise,noise
u5,UnitRefine,mouse4_imec1,247,noise,noise,noise,noise,noise,noise,noise,noise,noise,noise,noise,noise,noise,noise,noise,noise,noise,noise
u5,UnitRefine,mouse4_imec1,248,noise,noise,noise,noise,noise,noise,noise,noise,noise,noise,noise,noise,noise,noise,noise,noise,noise,noise
u5,UnitRefine,mouse4_imec1,249,noise,noise,noise,noise,noise,noise,noise,noise,noise,noise,noise,noise,noise,noise,noise,noise,noise,noise
u5,UnitRefine,mouse4_imec1,250,noise,noise,noise,noise,noise,noise,noise,noise,noise,noise,noise,noise,noise,mua,noise,noise,noise,noise
u5,UnitRefine,mouse4_imec1,251,noise,noise,noise,noise,noise,noise,noise,mua,mua,noise,noise,noise,mua,mua,noise,noise,noise,mua
u5,UnitRefine,mouse4_imec1,252,noise,noise,noise,mua,noise,noise,noise,noise,mua,noise,noise,noise,mua,mua,noise,noise,noise,noise
u5,UnitRefine,mouse4_imec1,253,noise,noise,noise,noise,noise,noise,noise,noise,mua,noise,noise,noise,noise,noise,noise,noise,noise,noise
u5,UnitRefine,mouse4_imec1,254,noise,noise,noise,noise,noise,noise,noise,noise,noise,noise,noise,noise,noise,mua,noise,noise,noise,noise
u5,UnitRefine,mouse4_imec1,255,noise,noise,noise,noise,noise,noise,noise,noise,noise,noise,noise,noise,mua,mua,noise,mua,noise,noise
u5,UnitRefine,mouse4_imec1,256,noise,noise,noise,noise,noise,noise,noise,noise,noise,noise,noise,noise,mua,mua,noise,noise,noise,mua
u5,UnitRefine,mouse4_imec1,257,noise,noise,noise,mua,noise,noise,noise,noise,mua,noise,noise,noise,noise,noise,noise,noise,noise,noise
u5,UnitRefine,mouse4_imec1,258,noise,noise,noise,noise,noise,noise,noise,noise,noise,noise,noise,noise,noise,mua,noise,noise,noise,noise
u5,UnitRefine,mouse4_imec1,259,noise,noise,noise,noise,noise,noise,noise,noise,noise,noise,noise,noise,noise,noise,noise,noise,noise,noise
u5,UnitRefine,mouse4_imec1,260,noise,noise,noise,noise,noise,noise,noise,mua,noise,mua,noise,mua,mua,mua,mua,noise,mua,noise
u5,UnitRefine,mouse4_imec1,261,noise,noise,noise,noise,noise,noise,noise,noise,noise,noise,noise,noise,mua,mua,noise,noise,noise,mua
u5,UnitRefine,mouse4_imec1,262,noise,noise,noise,mua,noise,noise,noise,noise,mua,noise,noise,noise,noise,noise,noise,noise,noise,noise
u5,UnitRefine,mouse4_imec1,263,mua,noise,mua,mua,noise,noise,noise,noise,mua,noise,noise,noise,mua,mua,noise,noise,noise,noise
u5,UnitRefine,mouse4_imec1,264,noise,noise,noise,noise,noise,mua,noise,noise,noise,noise,noise,noise,noise,mua,noise,mua,noise,mua
u5,UnitRefine,mouse4_imec1,265,noise,noise,noise,noise,noise,noise,noise,noise,noise,noise,noise,noise,noise,noise,noise,noise,noise,noise
u5,UnitRefine,mouse4_imec1,266,noise,noise,noise,noise,noise,noise,noise,noise,noise,noise,noise,noise,noise,noise,noise,noise,noise,noise
u5,UnitRefine,mouse4_imec1,267,noise,noise,noise,noise,noise,noise,noise,noise,noise,noise,noise,noise,noise,mua,noise,noise,noise,noise
u5,UnitRefine,mouse4_imec1,268,noise,noise,noise,noise,noise,noise,noise,noise,noise,noise,noise,noise,noise,noise,noise,noise,noise,noise
u5,UnitRefine,mouse4_imec1,269,noise,noise,noise,noise,noise,good,noise,noise,noise,noise,good,noise,noise,noise,noise,good,noise,noise
u5,UnitRefine,mouse4_imec1,270,noise,noise,noise,noise,noise,noise,noise,noise,mua,noise,noise,noise,noise,mua,noise,noise,noise,noise
u5,UnitRefine,mouse4_imec1,271,noise,noise,noise,noise,noise,mua,noise,noise,noise,noise,mua,noise,noise,noise,noise,good,noise,noise
u5,UnitRefine,mouse4_imec1,272,noise,noise,noise,noise,noise,noise,noise,noise,noise,noise,noise,noise,noise,noise,noise,noise,noise,noise
u5,UnitRefine,mouse4_imec1,273,noise,noise,noise,noise,noise,noise,noise,noise,noise,noise,mua,noise,noise,noise,noise,noise,noise,noise
u5,UnitRefine,mouse4_imec1,274,noise,noise,noise,noise,noise,noise,noise,noise,noise,noise,noise,noise,noise,noise,noise,noise,noise,noise
u5,UnitRefine,mouse4_imec1,275,noise,noise,noise,noise,noise,noise,noise,noise,noise,noise,noise,noise,noise,noise,noise,noise,noise,noise
u5,UnitRefine,mouse4_imec1,276,noise,noise,noise,noise,noise,noise,noise,noise,noise,noise,noise,noise,noise,noise,noise,noise,noise,noise
u5,UnitRefine,mouse4_imec1,277,noise,noise,noise,mua,noise,noise,noise,noise,mua,noise,noise,noise,noise,mua,noise,noise,noise,noise
u5,UnitRefine,mouse4_imec1,278,noise,noise,noise,noise,noise,noise,noise,noise,noise,noise,noise,noise,noise,mua,noise,noise,noise,noise
u5,UnitRefine,mouse4_imec1,279,noise,noise,noise,mua,noise,noise,noise,mua,mua,noise,noise,noise,mua,mua,noise,noise,noise,noise
u5,UnitRefine,mouse4_imec1,280,noise,noise,mua,mua,noise,noise,noise,mua,mua,noise,noise,noise,mua,mua,noise,noise,noise,mua
u5,UnitRefine,mouse4_imec1,281,noise,noise,noise,noise,noise,noise,noise,noise,mua,noise,noise,noise,noise,noise,noise,noise,noise,noise
u5,UnitRefine,mouse4_imec1,282,noise,noise,noise,noise,noise,noise,noise,noise,noise,noise,noise,noise,noise,mua,noise,noise,noise,noise
u5,UnitRefine,mouse4_imec1,283,noise,noise,noise,noise,noise,noise,noise,noise,noise,noise,noise,noise,noise,noise,noise,noise,noise,noise
u5,UnitRefine,mouse4_imec1,284,noise,noise,noise,noise,noise,noise,noise,noise,noise,noise,noise,noise,noise,mua,noise,noise,noise,noise
u5,UnitRefine,mouse4_imec1,285,noise,noise,noise,noise,noise,noise,noise,noise,noise,noise,noise,noise,noise,noise,noise,noise,noise,noise
u5,UnitRefine,mouse4_imec1,286,noise,noise,noise,mua,noise,noise,noise,noise,noise,noise,noise,noise,noise,mua,noise,noise,noise,noise
u5,UnitRefine,mouse4_imec1,287,mua,noise,noise,mua,noise,noise,noise,noise,noise,noise,noise,noise,noise,mua,noise,noise,noise,noise
u5,UnitRefine,mouse4_imec1,288,mua,noise,noise,noise,noise,noise,noise,mua,noise,noise,noise,noise,noise,noise,noise,noise,noise,noise
u5,UnitRefine,mouse4_imec1,289,noise,noise,noise,noise,noise,noise,noise,noise,noise,noise,noise,noise,noise,mua,noise,noise,noise,noise
u5,UnitRefine,mouse4_imec1,290,noise,noise,noise,noise,noise,noise,noise,noise,noise,noise,noise,noise,noise,noise,noise,noise,noise,noise
u5,UnitRefine,mouse4_imec1,291,noise,noise,noise,noise,noise,noise,noise,noise,noise,noise,noise,noise,noise,noise,noise,noise,noise,noise
u5,UnitRefine,mouse4_imec1,292,noise,noise,noise,noise,noise,noise,noise,noise,noise,noise,noise,noise,noise,noise,noise,noise,noise,noise
u5,UnitRefine,mouse4_imec1,293,noise,noise,noise,noise,noise,noise,noise,noise,noise,noise,noise,noise,noise,noise,noise,noise,noise,noise
u5,UnitRefine,mouse4_imec1,294,noise,noise,noise,mua,noise,noise,noise,noise,noise,noise,noise,noise,noise,noise,noise,noise,noise,noise
u5,UnitRefine,mouse4_imec1,295,noise,noise,noise,noise,noise,noise,noise,noise,mua,noise,noise,noise,noise,noise,noise,noise,noise,noise
u5,UnitRefine,mouse4_imec1,296,noise,noise,noise,noise,noise,noise,noise,noise,noise,noise,noise,noise,noise,mua,noise,noise,noise,noise
u5,UnitRefine,mouse4_imec1,297,noise,noise,noise,noise,noise,noise,noise,noise,noise,noise,noise,noise,noise,noise,noise,noise,noise,noise
u5,UnitRefine,mouse4_imec1,298,noise,noise,noise,noise,noise,noise,noise,noise,noise,noise,noise,noise,noise,mua,noise,noise,noise,mua
u5,UnitRefine,mouse4_imec1,299,noise,noise,noise,noise,noise,noise,noise,noise,noise,noise,noise,noise,noise,mua,noise,noise,noise,noise
u5,UnitRefine,mouse4_imec1,300,noise,noise,noise,noise,noise,noise,noise,noise,noise,noise,noise,noise,noise,noise,noise,noise,noise,noise
u5,UnitRefine,mouse4_imec1,301,noise,noise,noise,noise,noise,noise,noise,noise,noise,noise,noise,noise,noise,noise,noise,noise,noise,noise
u5,UnitRefine,mouse4_imec1,302,noise,noise,noise,noise,noise,noise,noise,noise,noise,noise,noise,noise,noise,noise,noise,noise,noise,noise
u5,UnitRefine,mouse4_imec1,303,noise,noise,noise,noise,noise,noise,noise,noise,noise,noise,noise,noise,noise,noise,noise,noise,noise,noise
u5,UnitRefine,mouse4_imec1,304,noise,noise,noise,mua,noise,noise,noise,noise,noise,noise,noise,noise,noise,mua,noise,noise,noise,mua
u5,UnitRefine,mouse4_imec1,305,noise,noise,noise,mua,noise,noise,noise,noise,mua,noise,noise,noise,noise,mua,noise,noise,noise,noise
u5,UnitRefine,mouse4_imec1,306,noise,noise,noise,noise,noise,noise,noise,noise,noise,noise,noise,noise,noise,noise,noise,noise,noise,noise
u5,UnitRefine,mouse4_imec1,307,noise,noise,noise,mua,noise,noise,noise,noise,noise,noise,noise,noise,noise,mua,noise,noise,noise,noise
u5,UnitRefine,mouse4_imec1,308,noise,noise,noise,noise,noise,noise,noise,noise,noise,noise,noise,noise,noise,noise,noise,noise,noise,noise
u5,UnitRefine,mouse4_imec1,309,noise,noise,noise,mua,noise,noise,noise,noise,mua,noise,noise,noise,noise,mua,noise,noise,noise,noise
u5,UnitRefine,mouse4_imec1,310,noise,noise,noise,noise,noise,noise,noise,noise,noise,noise,noise,noise,noise,noise,noise,noise,noise,noise
u5,UnitRefine,mouse4_imec1,311,noise,noise,noise,mua,noise,noise,noise,mua,mua,noise,noise,noise,noise,noise,noise,noise,noise,noise
u5,UnitRefine,mouse4_imec1,312,noise,noise,noise,noise,noise,good,noise,noise,noise,noise,good,noise,noise,noise,noise,good,noise,noise
u5,UnitRefine,mouse4_imec1,313,noise,noise,noise,mua,noise,noise,noise,noise,noise,noise,noise,noise,noise,mua,noise,noise,noise,noise
u5,UnitRefine,mouse4_imec1,314,noise,noise,noise,noise,noise,noise,noise,noise,noise,noise,noise,noise,noise,noise,noise,noise,noise,noise
u5,UnitRefine,mouse4_imec1,315,noise,noise,noise,noise,noise,noise,noise,noise,noise,noise,noise,noise,noise,noise,noise,noise,noise,noise
u5,UnitRefine,mouse4_imec1,316,noise,noise,noise,noise,noise,noise,noise,noise,noise,noise,noise,noise,noise,noise,noise,noise,noise,noise
u5,UnitRefine,mouse4_imec1,317,noise,noise,noise,noise,noise,noise,noise,noise,noise,noise,noise,noise,noise,noise,noise,noise,noise,noise
u5,UnitRefine,mouse4_imec1,318,noise,noise,noise,noise,noise,noise,noise,noise,noise,noise,noise,noise,noise,noise,noise,noise,noise,noise
u5,UnitRefine,mouse4_imec1,319,noise,noise,noise,mua,noise,noise,noise,mua,mua,noise,noise,noise,noise,noise,noise,noise,noise,noise
u5,UnitRefine,mouse4_imec1,320,noise,noise,noise,mua,noise,noise,noise,mua,mua,noise,noise,noise,mua,mua,noise,noise,noise,mua
u5,UnitRefine,mouse4_imec1,321,noise,noise,noise,noise,noise,noise,noise,noise,noise,noise,noise,noise,noise,noise,noise,noise,noise,noise
u5,UnitRefine,mouse4_imec1,322,noise,noise,noise,mua,noise,noise,noise,noise,mua,noise,noise,noise,noise,mua,noise,noise,noise,noise
u5,UnitRefine,mouse4_imec1,323,noise,noise,noise,noise,noise,noise,noise,noise,noise,noise,noise,noise,noise,noise,noise,noise,noise,noise
u5,UnitRefine,mouse4_imec1,324,noise,noise,noise,noise,noise,noise,noise,noise,noise,noise,noise,noise,noise,noise,noise,noise,noise,noise
u5,UnitRefine,mouse4_imec1,325,noise,noise,noise,noise,noise,noise,noise,noise,noise,noise,mua,noise,noise,mua,noise,noise,noise,noise
u5,UnitRefine,mouse4_imec1,326,noise,noise,noise,noise,noise,noise,noise,noise,noise,noise,noise,noise,noise,noise,noise,noise,noise,noise
u5,UnitRefine,mouse4_imec1,327,noise,noise,noise,noise,noise,noise,noise,noise,noise,noise,noise,noise,noise,noise,noise,noise,noise,noise
u5,UnitRefine,mouse4_imec1,328,noise,noise,noise,noise,noise,noise,noise,noise,noise,noise,noise,noise,noise,noise,noise,noise,noise,noise
u5,UnitRefine,mouse4_imec1,329,noise,noise,noise,noise,noise,noise,noise,noise,noise,noise,noise,noise,noise,noise,noise,noise,noise,noise
u5,UnitRefine,mouse4_imec1,330,mua,noise,noise,mua,noise,noise,noise,noise,mua,noise,noise,noise,noise,mua,noise,noise,noise,noise
u5,UnitRefine,mouse4_imec1,331,mua,noise,noise,mua,noise,noise,noise,noise,noise,noise,noise,noise,noise,noise,noise,noise,noise,noise
u5,UnitRefine,mouse4_imec1,332,noise,noise,noise,noise,noise,noise,noise,noise,noise,noise,noise,noise,noise,noise,noise,noise,noise,noise
u5,UnitRefine,mouse4_imec1,333,noise,noise,noise,mua,noise,noise,noise,noise,noise,noise,noise,noise,noise,noise,noise,noise,noise,noise
u5,UnitRefine,mouse4_imec1,334,mua,noise,noise,noise,noise,noise,noise,noise,noise,noise,noise,noise,noise,noise,noise,noise,noise,noise
u5,UnitRefine,mouse4_imec1,335,mua,noise,noise,noise,noise,noise,noise,noise,noise,noise,noise,noise,noise,noise,noise,noise,noise,noise
u5,UnitRefine,mouse4_imec1,336,mua,noise,noise,noise,noise,noise,noise,noise,noise,noise,noise,noise,noise,noise,noise,noise,noise,noise
u5,UnitRefine,mouse4_imec1,337,mua,noise,noise,mua,noise,noise,noise,noise,mua,noise,noise,noise,noise,mua,noise,noise,noise,noise
u5,UnitRefine,mouse4_imec1,338,mua,noise,noise,noise,noise,noise,noise,noise,noise,noise,noise,noise,noise,noise,noise,noise,noise,noise
u5,UnitRefine,mouse4_imec1,339,noise,noise,noise,mua,noise,noise,noise,noise,noise,noise,noise,noise,noise,noise,noise,noise,noise,noise
u5,UnitRefine,mouse4_imec1,340,noise,noise,noise,noise,noise,noise,noise,noise,noise,noise,noise,noise,noise,noise,noise,noise,noise,noise
u5,UnitRefine,mouse4_imec1,341,mua,noise,noise,noise,noise,noise,noise,noise,noise,noise,noise,noise,noise,mua,noise,noise,noise,noise
u5,UnitRefine,mouse4_imec1,342,mua,noise,noise,noise,noise,noise,noise,noise,mua,noise,noise,noise,noise,noise,noise,noise,noise,noise
u5,UnitRefine,mouse4_imec1,343,noise,noise,noise,noise,noise,noise,noise,noise,noise,noise,noise,noise,noise,noise,noise,noise,noise,noise
u5,UnitRefine,mouse4_imec1,344,noise,noise,noise,noise,noise,noise,noise,noise,noise,noise,noise,noise,noise,noise,noise,noise,noise,noise
u5,UnitRefine,mouse4_imec1,345,noise,noise,noise,mua,noise,noise,noise,noise,mua,noise,noise,noise,noise,mua,noise,noise,noise,noise
u5,UnitRefine,mouse4_imec1,346,noise,noise,noise,noise,noise,noise,noise,noise,noise,noise,noise,noise,noise,noise,noise,noise,noise,noise
u5,UnitRefine,mouse4_imec1,347,noise,noise,noise,noise,noise,noise,noise,noise,mua,noise,noise,noise,mua,mua,noise,noise,noise,mua
u5,UnitRefine,mouse4_imec1,348,noise,noise,noise,mua,noise,noise,noise,noise,mua,noise,noise,noise,noise,mua,noise,noise,noise,noise
u5,UnitRefine,mouse4_imec1,349,noise,noise,noise,noise,noise,noise,noise,noise,noise,noise,noise,noise,noise,noise,noise,noise,noise,noise
u5,UnitRefine,mouse4_imec1,350,noise,noise,noise,noise,noise,noise,noise,noise,noise,noise,noise,noise,noise,noise,noise,noise,noise,noise
u5,UnitRefine,mouse4_imec1,351,noise,noise,noise,noise,noise,noise,noise,noise,noise,noise,noise,noise,noise,noise,noise,noise,noise,noise
u5,UnitRefine,mouse4_imec1,352,noise,noise,noise,noise,noise,noise,noise,noise,noise,noise,noise,noise,noise,noise,noise,noise,noise,noise
u5,UnitRefine,mouse4_imec1,353,noise,noise,noise,mua,noise,noise,noise,noise,noise,noise,noise,noise,noise,noise,noise,noise,noise,noise
u5,UnitRefine,mouse4_imec1,354,noise,noise,noise,mua,noise,noise,noise,noise,mua,noise,noise,noise,noise,noise,noise,noise,noise,noise
u5,UnitRefine,mouse4_imec1,355,noise,noise,noise,noise,noise,noise,noise,noise,noise,noise,noise,noise,noise,noise,noise,noise,noise,noise
u5,UnitRefine,mouse4_imec1,356,noise,noise,noise,noise,noise,noise,noise,noise,mua,noise,noise,noise,noise,noise,noise,noise,noise,noise
u5,UnitRefine,mouse4_imec1,357,noise,noise,noise,noise,noise,noise,noise,noise,noise,noise,noise,noise,noise,mua,noise,noise,noise,noise
u5,UnitRefine,mouse4_imec1,358,noise,noise,noise,noise,noise,noise,noise,noise,noise,noise,noise,noise,noise,noise,noise,noise,noise,noise
u5,UnitRefine,mouse4_imec1,359,noise,noise,noise,noise,noise,noise,noise,noise,noise,noise,noise,noise,noise,mua,noise,noise,noise,noise
u5,UnitRefine,mouse4_imec1,360,noise,noise,noise,noise,noise,noise,noise,noise,noise,noise,noise,noise,noise,noise,noise,noise,noise,noise
u5,UnitRefine,mouse4_imec1,361,noise,noise,noise,noise,noise,noise,noise,noise,noise,noise,noise,noise,noise,mua,noise,noise,noise,noise
u5,UnitRefine,mouse4_imec1,362,noise,noise,noise,noise,noise,noise,noise,noise,noise,noise,noise,noise,noise,noise,noise,noise,noise,noise
u5,UnitRefine,mouse4_imec1,363,mua,noise,mua,mua,noise,noise,noise,noise,mua,noise,noise,noise,noise,mua,noise,noise,noise,noise
u5,UnitRefine,mouse4_imec1,364,noise,noise,noise,noise,noise,noise,noise,noise,noise,noise,noise,noise,noise,noise,noise,noise,noise,noise
u5,UnitRefine,mouse4_imec1,365,noise,noise,noise,noise,noise,noise,noise,noise,noise,noise,noise,noise,noise,noise,noise,noise,noise,noise
u5,UnitRefine,mouse4_imec1,366,noise,noise,noise,noise,noise,noise,noise,noise,noise,noise,noise,noise,noise,noise,noise,noise,noise,noise
u5,UnitRefine,mouse4_imec1,367,noise,noise,noise,noise,noise,noise,noise,noise,noise,noise,noise,noise,noise,noise,noise,noise,noise,noise
u5,UnitRefine,mouse4_imec1,368,noise,noise,noise,mua,noise,noise,noise,noise,mua,noise,noise,noise,noise,mua,noise,noise,noise,noise
u5,UnitRefine,mouse4_imec1,369,noise,noise,noise,mua,noise,noise,noise,noise,noise,noise,noise,noise,noise,mua,noise,noise,noise,mua
u5,UnitRefine,mouse4_imec1,370,noise,noise,noise,noise,noise,noise,noise,noise,noise,noise,noise,noise,noise,noise,noise,noise,noise,noise
u5,UnitRefine,mouse4_imec1,371,noise,noise,noise,mua,noise,noise,noise,noise,mua,noise,noise,noise,mua,mua,noise,noise,noise,mua
u5,UnitRefine,mouse4_imec1,372,noise,noise,noise,noise,noise,noise,noise,noise,noise,noise,noise,noise,noise,noise,noise,noise,noise,noise
u5,UnitRefine,mouse4_imec1,373,noise,noise,noise,noise,noise,noise,noise,noise,noise,noise,noise,noise,noise,noise,noise,noise,noise,noise
u5,UnitRefine,mouse4_imec1,374,noise,noise,noise,noise,noise,noise,noise,noise,noise,noise,noise,noise,noise,mua,noise,noise,noise,noise
u5,UnitRefine,mouse4_imec1,375,noise,noise,noise,noise,noise,noise,noise,noise,noise,noise,noise,noise,noise,noise,noise,noise,noise,noise
u5,UnitRefine,mouse4_imec1,376,noise,noise,noise,mua,noise,noise,noise,noise,noise,noise,noise,noise,noise,noise,noise,noise,noise,noise
u5,UnitRefine,mouse4_imec1,377,noise,noise,noise,noise,noise,noise,noise,noise,noise,noise,noise,noise,noise,noise,noise,noise,noise,noise
u5,UnitRefine,mouse4_imec1,378,noise,noise,noise,noise,noise,noise,noise,noise,noise,noise,noise,noise,noise,noise,noise,noise,noise,noise
u5,UnitRefine,mouse4_imec1,379,noise,noise,noise,mua,noise,noise,noise,noise,noise,noise,noise,noise,noise,mua,noise,noise,noise,noise
u5,UnitRefine,mouse4_imec1,380,noise,noise,noise,noise,noise,noise,noise,noise,noise,noise,noise,noise,noise,noise,noise,noise,noise,noise
u5,UnitRefine,mouse4_imec1,381,noise,noise,noise,noise,noise,noise,noise,noise,noise,noise,noise,noise,noise,noise,noise,noise,noise,noise
u5,UnitRefine,mouse4_imec1,382,noise,noise,noise,noise,noise,noise,noise,noise,noise,noise,noise,noise,noise,noise,noise,noise,noise,noise
u5,UnitRefine,mouse4_imec1,383,noise,noise,noise,noise,noise,noise,noise,noise,noise,noise,noise,noise,noise,noise,noise,noise,noise,noise
u5,UnitRefine,mouse4_imec1,384,noise,noise,noise,noise,noise,noise,noise,noise,mua,noise,noise,noise,noise,mua,noise,noise,noise,noise
u5,UnitRefine,mouse4_imec1,385,noise,noise,noise,mua,noise,noise,noise,noise,noise,noise,noise,noise,noise,noise,noise,noise,noise,noise
u5,UnitRefine,mouse4_imec1,386,noise,noise,noise,mua,noise,noise,noise,noise,mua,noise,noise,noise,noise,mua,noise,noise,noise,noise
u5,UnitRefine,mouse4_imec1,387,noise,noise,noise,mua,noise,noise,noise,noise,noise,noise,noise,noise,noise,noise,noise,noise,noise,noise
u5,UnitRefine,mouse4_imec1,388,noise,noise,noise,noise,noise,noise,noise,noise,noise,noise,noise,noise,noise,noise,noise,noise,noise,noise
u5,UnitRefine,mouse4_imec1,389,noise,noise,noise,noise,noise,noise,noise,noise,noise,noise,noise,noise,noise,noise,noise,noise,noise,noise
u5,UnitRefine,mouse4_imec1,390,noise,noise,noise,noise,noise,noise,noise,noise,noise,noise,noise,noise,noise,noise,noise,noise,noise,noise
u5,UnitRefine,mouse4_imec1,391,noise,noise,noise,noise,noise,noise,noise,noise,noise,noise,noise,noise,noise,noise,noise,noise,noise,noise
u5,UnitRefine,mouse4_imec1,392,noise,noise,noise,mua,noise,noise,noise,noise,noise,noise,noise,noise,noise,mua,noise,noise,noise,noise
u5,UnitRefine,mouse4_imec1,393,noise,noise,noise,noise,noise,noise,noise,noise,noise,noise,noise,noise,noise,noise,noise,noise,noise,noise
u5,UnitRefine,mouse4_imec1,394,noise,noise,noise,mua,noise,noise,noise,noise,mua,noise,noise,noise,noise,mua,noise,noise,noise,noise
u5,UnitRefine,mouse4_imec1,395,noise,noise,noise,noise,noise,noise,noise,noise,noise,noise,noise,noise,mua,mua,noise,noise,noise,noise
u5,UnitRefine,mouse4_imec1,396,noise,noise,noise,mua,noise,noise,noise,noise,mua,noise,noise,noise,mua,mua,noise,noise,noise,noise
u5,UnitRefine,mouse4_imec1,397,noise,noise,noise,noise,noise,noise,noise,noise,noise,noise,noise,noise,noise,noise,noise,noise,noise,noise
u5,UnitRefine,mouse4_imec1,398,noise,noise,noise,mua,noise,noise,noise,noise,noise,noise,noise,noise,noise,noise,noise,noise,noise,noise
u5,UnitRefine,mouse4_imec1,399,noise,noise,noise,noise,noise,noise,noise,noise,noise,noise,noise,noise,noise,noise,noise,noise,noise,noise
u5,UnitRefine,mouse4_imec1,400,noise,noise,noise,noise,noise,noise,noise,noise,noise,noise,noise,noise,noise,noise,noise,noise,noise,noise
u5,UnitRefine,mouse4_imec1,401,noise,noise,noise,noise,noise,noise,noise,noise,noise,noise,noise,noise,noise,noise,noise,noise,noise,noise
u5,UnitRefine,mouse4_imec1,402,noise,noise,noise,noise,noise,noise,noise,noise,noise,noise,noise,noise,noise,mua,noise,noise,noise,noise
u5,UnitRefine,mouse4_imec1,403,noise,noise,noise,noise,noise,noise,noise,noise,noise,noise,noise,noise,noise,noise,noise,noise,noise,noise
u5,UnitRefine,mouse4_imec1,404,noise,noise,noise,noise,noise,noise,noise,noise,noise,noise,noise,noise,noise,mua,noise,noise,noise,noise
u5,UnitRefine,mouse4_imec1,405,noise,noise,noise,noise,noise,noise,noise,noise,noise,noise,noise,noise,noise,noise,noise,noise,noise,noise
u5,UnitRefine,mouse4_imec1,406,noise,noise,noise,noise,noise,noise,noise,noise,noise,noise,noise,noise,noise,noise,noise,noise,noise,noise
u5,UnitRefine,mouse4_imec1,407,noise,noise,noise,noise,noise,noise,noise,noise,noise,noise,noise,noise,noise,noise,noise,noise,noise,noise
u5,UnitRefine,mouse4_imec1,408,noise,noise,noise,noise,noise,noise,noise,noise,noise,noise,noise,noise,noise,noise,noise,noise,noise,noise
u5,UnitRefine,mouse4_imec1,409,noise,noise,noise,noise,noise,noise,noise,noise,noise,noise,noise,noise,noise,noise,noise,noise,noise,noise
u5,UnitRefine,mouse4_imec1,410,noise,noise,noise,noise,noise,noise,noise,noise,noise,noise,noise,noise,noise,mua,noise,noise,noise,noise
u5,UnitRefine,mouse4_imec1,411,noise,noise,noise,noise,noise,noise,noise,noise,noise,noise,noise,noise,noise,noise,noise,noise,noise,noise
u5,UnitRefine,mouse4_imec1,412,noise,noise,noise,mua,noise,noise,noise,noise,noise,noise,noise,noise,noise,mua,noise,noise,noise,noise
u5,UnitRefine,mouse4_imec1,413,noise,noise,noise,noise,noise,noise,noise,noise,noise,noise,noise,noise,noise,noise,noise,noise,noise,noise
u5,UnitRefine,mouse4_imec1,414,noise,noise,noise,noise,noise,noise,noise,noise,noise,noise,noise,noise,noise,noise,noise,noise,noise,noise
u5,UnitRefine,mouse4_imec1,415,noise,noise,noise,noise,noise,noise,noise,noise,noise,noise,noise,noise,noise,noise,noise,noise,noise,noise
u5,UnitRefine,mouse4_imec1,416,noise,noise,noise,noise,noise,noise,noise,noise,noise,noise,noise,noise,noise,noise,noise,noise,noise,noise
u5,UnitRefine,mouse4_imec1,417,noise,noise,noise,noise,noise,noise,noise,noise,noise,noise,noise,noise,noise,noise,noise,noise,noise,noise
u5,UnitRefine,mouse4_imec1,418,noise,noise,noise,mua,noise,noise,noise,noise,noise,noise,noise,noise,noise,noise,noise,noise,noise,noise
u5,UnitRefine,mouse4_imec1,419,noise,noise,noise,noise,noise,noise,noise,noise,noise,noise,noise,noise,noise,noise,noise,noise,noise,noise
u5,UnitRefine,mouse4_imec1,420,noise,noise,noise,noise,noise,noise,noise,noise,noise,noise,noise,noise,noise,noise,noise,noise,noise,noise
u5,UnitRefine,mouse4_imec1,421,noise,noise,noise,noise,noise,noise,noise,noise,noise,noise,noise,noise,noise,noise,noise,noise,noise,noise
u5,UnitRefine,mouse4_imec1,422,noise,noise,noise,noise,noise,noise,noise,noise,noise,noise,noise,noise,noise,mua,noise,noise,noise,noise
u5,UnitRefine,mouse4_imec1,423,noise,noise,noise,noise,noise,noise,noise,noise,noise,noise,noise,noise,noise,noise,noise,noise,noise,noise
u5,UnitRefine,mouse4_imec1,424,noise,noise,noise,noise,noise,noise,noise,noise,noise,noise,noise,noise,noise,noise,noise,noise,noise,noise
u5,UnitRefine,mouse4_imec1,425,noise,noise,noise,noise,noise,noise,noise,noise,noise,noise,noise,noise,noise,noise,noise,noise,noise,noise
u5,UnitRefine,mouse4_imec1,426,noise,noise,noise,noise,noise,noise,noise,noise,noise,noise,noise,noise,noise,noise,noise,noise,noise,noise
u5,UnitRefine,mouse4_imec1,427,noise,noise,noise,mua,noise,noise,noise,noise,mua,noise,noise,noise,noise,noise,noise,noise,noise,noise
u5,UnitRefine,mouse4_imec1,428,noise,noise,noise,noise,noise,noise,noise,noise,noise,noise,noise,noise,noise,noise,noise,noise,noise,noise
u5,UnitRefine,mouse4_imec1,429,noise,noise,noise,noise,noise,noise,noise,noise,noise,noise,noise,noise,noise,noise,noise,noise,noise,noise
u5,UnitRefine,mouse4_imec1,430,noise,noise,noise,noise,noise,noise,noise,noise,noise,noise,noise,noise,noise,mua,noise,noise,noise,noise
u5,UnitRefine,mouse4_imec1,431,noise,noise,noise,noise,noise,noise,noise,noise,noise,noise,noise,noise,noise,noise,noise,noise,noise,noise
u5,UnitRefine,mouse4_imec1,432,noise,noise,noise,noise,noise,noise,noise,noise,noise,noise,noise,noise,noise,noise,noise,noise,noise,noise
u5,UnitRefine,mouse4_imec1,433,noise,noise,noise,noise,noise,noise,noise,noise,noise,noise,noise,noise,noise,mua,noise,noise,noise,noise
u5,UnitRefine,mouse4_imec1,434,noise,noise,noise,noise,noise,noise,noise,noise,noise,noise,noise,noise,noise,noise,noise,noise,noise,noise
u5,UnitRefine,mouse4_imec1,435,noise,noise,noise,noise,noise,noise,noise,noise,noise,noise,noise,noise,noise,mua,noise,noise,noise,noise
u5,UnitRefine,mouse4_imec1,436,noise,noise,noise,mua,noise,noise,noise,noise,mua,noise,noise,noise,mua,mua,noise,mua,noise,noise
u5,UnitRefine,mouse4_imec1,437,noise,noise,noise,noise,noise,noise,noise,noise,noise,noise,noise,noise,noise,noise,noise,noise,noise,noise
u5,UnitRefine,mouse4_imec1,438,noise,noise,noise,noise,noise,noise,noise,noise,noise,noise,noise,noise,noise,noise,noise,mua,noise,noise
u5,UnitRefine,mouse4_imec1,439,noise,noise,noise,noise,noise,mua,noise,noise,noise,noise,mua,noise,noise,noise,noise,mua,noise,noise
u5,UnitRefine,mouse4_imec1,440,noise,noise,noise,noise,noise,noise,noise,noise,noise,noise,noise,noise,noise,noise,noise,mua,noise,noise
u5,UnitRefine,mouse4_imec1,441,noise,noise,noise,noise,noise,noise,noise,noise,noise,noise,noise,noise,noise,noise,noise,noise,noise,noise
u5,UnitRefine,mouse4_imec1,442,noise,noise,noise,noise,noise,noise,noise,noise,noise,noise,noise,noise,noise,noise,noise,noise,noise,noise
u5,UnitRefine,mouse4_imec1,443,noise,noise,noise,noise,noise,noise,noise,noise,noise,noise,noise,noise,noise,noise,noise,noise,noise,noise
u5,UnitRefine,mouse4_imec1,444,noise,noise,noise,noise,noise,noise,noise,noise,noise,noise,noise,noise,noise,noise,noise,noise,noise,noise
u5,UnitRefine,mouse4_imec1,445,noise,noise,noise,noise,noise,noise,noise,noise,noise,noise,noise,noise,noise,noise,noise,noise,noise,noise
u5,UnitRefine,mouse4_imec1,446,noise,noise,noise,noise,noise,noise,noise,noise,noise,noise,noise,noise,noise,noise,noise,noise,noise,noise
u5,UnitRefine,mouse4_imec1,447,noise,noise,noise,noise,noise,noise,noise,noise,noise,noise,noise,noise,noise,noise,noise,noise,noise,noise
u5,UnitRefine,mouse4_imec1,448,noise,noise,noise,noise,noise,noise,noise,noise,noise,noise,noise,noise,noise,noise,noise,noise,noise,noise
u5,UnitRefine,mouse4_imec1,449,noise,noise,noise,noise,noise,noise,noise,noise,noise,noise,noise,noise,noise,noise,noise,noise,noise,noise
u5,UnitRefine,mouse4_imec1,450,noise,noise,noise,noise,noise,noise,noise,noise,noise,noise,noise,noise,noise,noise,noise,noise,noise,noise
u5,UnitRefine,mouse4_imec1,451,noise,noise,noise,noise,noise,noise,noise,noise,noise,noise,noise,noise,noise,noise,noise,noise,noise,noise
u5,UnitRefine,mouse4_imec1,452,noise,noise,noise,noise,noise,noise,noise,noise,noise,noise,noise,noise,noise,noise,noise,noise,noise,noise
u5,UnitRefine,mouse4_imec1,453,noise,noise,noise,noise,noise,noise,noise,noise,noise,noise,noise,noise,noise,noise,noise,noise,noise,noise
u5,UnitRefine,mouse4_imec1,454,noise,noise,noise,noise,noise,mua,noise,noise,noise,noise,noise,noise,noise,noise,noise,noise,noise,noise
u5,UnitRefine,mouse4_imec1,455,noise,noise,noise,noise,noise,noise,noise,noise,noise,noise,noise,noise,noise,noise,noise,noise,noise,noise
u5,UnitRefine,mouse4_imec1,456,noise,noise,noise,noise,noise,noise,noise,noise,noise,noise,noise,noise,noise,noise,noise,noise,noise,noise
u5,UnitRefine,mouse4_imec1,457,noise,noise,noise,noise,noise,noise,noise,noise,noise,noise,noise,noise,noise,mua,noise,noise,noise,noise
u5,UnitRefine,mouse4_imec1,458,noise,noise,noise,noise,noise,noise,noise,noise,noise,noise,mua,noise,noise,mua,noise,noise,noise,noise
u5,UnitRefine,mouse4_imec1,459,noise,noise,noise,noise,noise,noise,noise,noise,noise,noise,noise,noise,noise,noise,noise,noise,noise,noise
u5,UnitRefine,mouse4_imec1,460,noise,noise,noise,noise,noise,noise,noise,noise,noise,noise,noise,noise,noise,noise,noise,noise,noise,noise
u5,UnitRefine,mouse4_imec1,461,noise,noise,noise,noise,noise,noise,noise,noise,noise,noise,noise,noise,noise,noise,noise,noise,noise,noise
u5,UnitRefine,mouse4_imec1,462,noise,noise,noise,noise,noise,noise,noise,noise,noise,noise,noise,noise,noise,noise,noise,noise,noise,noise
u5,UnitRefine,mouse4_imec1,463,noise,noise,noise,noise,noise,noise,noise,noise,noise,noise,noise,noise,noise,noise,noise,noise,noise,noise
u5,UnitRefine,mouse4_imec1,464,noise,noise,noise,noise,noise,noise,noise,noise,noise,noise,noise,noise,noise,noise,noise,noise,noise,noise
u5,UnitRefine,mouse4_imec1,465,noise,noise,noise,noise,noise,noise,noise,noise,noise,noise,noise,noise,noise,noise,noise,noise,noise,noise
u5,UnitRefine,mouse4_imec1,466,noise,noise,noise,noise,noise,noise,noise,noise,noise,noise,noise,noise,noise,noise,noise,noise,noise,noise
u5,UnitRefine,mouse4_imec1,467,noise,noise,noise,mua,noise,noise,noise,noise,mua,noise,noise,noise,mua,mua,noise,mua,noise,mua
u5,UnitRefine,mouse4_imec1,468,noise,noise,noise,mua,noise,noise,noise,noise,noise,noise,noise,noise,noise,mua,noise,noise,noise,noise
u5,UnitRefine,mouse4_imec1,469,noise,noise,noise,noise,noise,noise,noise,noise,noise,noise,noise,noise,noise,mua,noise,noise,noise,noise
u5,UnitRefine,mouse4_imec1,470,noise,noise,noise,noise,noise,noise,noise,noise,noise,noise,noise,noise,noise,noise,noise,noise,noise,noise
u5,UnitRefine,mouse4_imec1,471,noise,noise,noise,noise,noise,noise,noise,noise,noise,noise,noise,noise,noise,mua,noise,mua,noise,noise
u5,UnitRefine,mouse4_imec1,472,noise,noise,noise,noise,noise,noise,noise,noise,noise,noise,noise,noise,noise,noise,noise,noise,noise,noise
u5,UnitRefine,mouse4_imec1,473,noise,noise,noise,noise,noise,noise,noise,noise,noise,noise,noise,noise,noise,noise,noise,noise,noise,noise
u5,UnitRefine,mouse4_imec1,474,noise,noise,noise,noise,noise,noise,noise,noise,noise,noise,noise,noise,noise,noise,noise,noise,noise,noise
u5,UnitRefine,mouse4_imec1,475,noise,noise,noise,noise,noise,noise,noise,noise,noise,noise,noise,noise,noise,noise,noise,noise,noise,noise
u5,UnitRefine,mouse4_imec1,476,noise,noise,noise,noise,noise,noise,noise,noise,noise,noise,noise,noise,noise,noise,noise,noise,noise,noise
u5,UnitRefine,mouse4_imec1,477,noise,noise,noise,noise,noise,noise,noise,noise,noise,noise,noise,noise,noise,noise,noise,noise,noise,noise
u5,UnitRefine,mouse4_imec1,478,noise,noise,noise,noise,noise,noise,noise,noise,noise,noise,noise,noise,noise,noise,noise,noise,noise,noise
u5,UnitRefine,mouse4_imec1,479,noise,noise,noise,noise,noise,noise,noise,noise,noise,noise,noise,noise,noise,noise,noise,noise,noise,noise
u5,UnitRefine,mouse4_imec1,480,noise,noise,noise,mua,noise,noise,noise,noise,noise,noise,noise,noise,noise,noise,noise,noise,noise,noise
u5,UnitRefine,mouse4_imec1,481,noise,noise,noise,noise,noise,noise,noise,noise,noise,noise,noise,noise,noise,noise,noise,noise,noise,noise
u5,UnitRefine,mouse4_imec1,482,noise,noise,noise,noise,noise,noise,noise,noise,noise,noise,noise,noise,noise,noise,noise,noise,noise,noise
u5,UnitRefine,mouse4_imec1,483,noise,noise,noise,noise,noise,noise,noise,noise,noise,noise,noise,noise,noise,noise,noise,noise,noise,noise
u5,UnitRefine,mouse4_imec1,484,noise,noise,noise,noise,noise,noise,noise,noise,noise,noise,noise,noise,noise,noise,noise,noise,noise,noise
u5,UnitRefine,mouse4_imec1,485,noise,noise,noise,noise,noise,noise,noise,noise,noise,noise,noise,noise,noise,noise,noise,noise,noise,noise
u5,UnitRefine,mouse4_imec1,486,noise,noise,noise,noise,noise,noise,noise,noise,noise,noise,noise,noise,noise,noise,noise,noise,noise,noise
u5,UnitRefine,mouse4_imec1,487,noise,noise,noise,noise,noise,noise,noise,noise,noise,noise,noise,noise,noise,noise,noise,noise,noise,noise
u5,UnitRefine,mouse4_imec1,488,noise,noise,noise,noise,noise,noise,noise,noise,noise,noise,noise,noise,noise,mua,noise,noise,noise,noise
u5,UnitRefine,mouse4_imec1,489,noise,noise,noise,noise,noise,noise,noise,noise,noise,noise,noise,noise,noise,noise,noise,noise,noise,noise
u5,UnitRefine,mouse4_imec1,490,noise,noise,noise,noise,noise,mua,noise,noise,noise,noise,noise,noise,noise,noise,noise,noise,noise,noise
u5,UnitRefine,mouse4_imec1,491,noise,noise,noise,noise,noise,noise,noise,noise,noise,noise,noise,noise,noise,noise,noise,noise,noise,noise
u5,UnitRefine,mouse4_imec1,492,noise,noise,noise,noise,noise,noise,noise,noise,noise,noise,noise,noise,noise,noise,noise,noise,noise,noise
u5,UnitRefine,mouse4_imec1,493,noise,noise,noise,noise,noise,noise,noise,noise,mua,noise,noise,noise,noise,mua,noise,noise,noise,noise
u5,UnitRefine,mouse4_imec1,494,noise,noise,noise,noise,noise,noise,noise,noise,noise,noise,noise,noise,noise,noise,noise,noise,noise,noise
u5,UnitRefine,mouse4_imec1,495,noise,noise,noise,mua,noise,noise,noise,noise,noise,noise,noise,noise,noise,mua,noise,noise,noise,noise
u5,UnitRefine,mouse4_imec1,496,noise,noise,noise,mua,noise,noise,noise,noise,noise,noise,noise,noise,noise,noise,noise,noise,noise,noise
u5,UnitRefine,mouse4_imec1,497,noise,noise,noise,noise,noise,noise,noise,noise,noise,noise,noise,noise,noise,noise,noise,noise,noise,noise
u5,UnitRefine,mouse4_imec1,498,noise,noise,noise,noise,noise,noise,noise,noise,noise,noise,noise,noise,noise,noise,noise,noise,noise,noise
u5,UnitRefine,mouse4_imec1,499,noise,noise,noise,mua,noise,noise,noise,noise,noise,noise,noise,noise,mua,mua,noise,noise,noise,noise
u5,UnitRefine,mouse4_imec1,500,noise,noise,noise,noise,noise,noise,noise,noise,noise,noise,noise,noise,noise,mua,noise,noise,noise,noise
u5,UnitRefine,mouse4_imec1,501,noise,noise,noise,noise,noise,noise,noise,noise,noise,noise,noise,noise,noise,noise,noise,noise,noise,noise
u5,UnitRefine,mouse4_imec1,502,noise,noise,noise,noise,noise,noise,noise,noise,noise,noise,noise,noise,noise,noise,noise,noise,noise,noise
u5,UnitRefine,mouse4_imec1,503,noise,noise,noise,noise,noise,noise,noise,noise,noise,noise,noise,noise,noise,noise,noise,noise,noise,noise
u5,UnitRefine,mouse4_imec1,504,noise,noise,noise,noise,noise,noise,noise,noise,noise,noise,noise,noise,noise,noise,noise,noise,noise,noise
u5,UnitRefine,mouse4_imec1,505,noise,noise,noise,noise,noise,noise,noise,noise,noise,noise,noise,noise,noise,noise,noise,noise,noise,noise
u5,UnitRefine,mouse4_imec1,506,noise,noise,noise,noise,noise,noise,noise,noise,noise,noise,noise,noise,noise,noise,noise,noise,noise,noise
u5,UnitRefine,mouse4_imec1,507,noise,noise,noise,noise,noise,noise,noise,noise,noise,noise,noise,noise,noise,noise,noise,noise,noise,noise
u5,UnitRefine,mouse4_imec1,508,noise,noise,noise,noise,noise,noise,noise,noise,noise,noise,mua,noise,noise,noise,noise,noise,noise,noise
u5,UnitRefine,mouse4_imec1,509,noise,noise,noise,noise,noise,noise,noise,noise,noise,noise,noise,noise,noise,noise,noise,noise,noise,noise
u5,UnitRefine,mouse4_imec1,510,noise,noise,noise,noise,noise,noise,noise,noise,noise,noise,noise,noise,noise,noise,noise,noise,noise,noise
u5,UnitRefine,mouse4_imec1,511,noise,noise,noise,noise,noise,noise,noise,noise,noise,noise,noise,noise,noise,noise,noise,noise,noise,noise
u5,UnitRefine,mouse4_imec1,512,noise,noise,noise,noise,noise,noise,noise,noise,noise,noise,noise,noise,noise,noise,noise,noise,noise,noise
u5,UnitRefine,mouse4_imec1,513,noise,noise,noise,noise,noise,noise,noise,noise,noise,noise,noise,noise,noise,noise,noise,noise,noise,noise
u5,UnitRefine,mouse4_imec1,514,noise,noise,noise,noise,noise,noise,noise,noise,noise,noise,noise,noise,noise,noise,noise,noise,noise,noise
u5,UnitRefine,mouse4_imec1,515,noise,noise,noise,noise,noise,noise,noise,noise,noise,noise,noise,noise,noise,noise,noise,noise,noise,noise
u5,UnitRefine,mouse4_imec1,516,noise,noise,noise,noise,noise,noise,noise,noise,noise,noise,noise,noise,noise,noise,noise,noise,noise,noise
u5,UnitRefine,mouse4_imec1,517,noise,noise,noise,mua,noise,noise,noise,mua,mua,noise,noise,noise,noise,mua,noise,noise,noise,noise
u5,UnitRefine,mouse4_imec1,518,noise,noise,noise,mua,noise,noise,noise,noise,mua,noise,noise,noise,noise,mua,noise,noise,noise,noise
u5,UnitRefine,mouse4_imec1,519,noise,noise,noise,noise,noise,noise,noise,noise,noise,noise,noise,noise,noise,noise,noise,noise,noise,noise
u5,UnitRefine,mouse4_imec1,520,noise,noise,noise,noise,noise,noise,noise,noise,noise,noise,noise,noise,noise,noise,noise,noise,noise,noise
u5,UnitRefine,mouse4_imec1,521,noise,noise,noise,noise,noise,noise,noise,noise,noise,noise,noise,noise,noise,noise,noise,noise,noise,noise
u5,UnitRefine,mouse4_imec1,522,noise,noise,noise,noise,noise,noise,noise,noise,noise,noise,noise,noise,noise,noise,noise,noise,noise,noise
u5,UnitRefine,mouse4_imec1,523,noise,noise,noise,noise,noise,noise,noise,noise,noise,noise,noise,noise,noise,noise,noise,noise,noise,noise
u5,UnitRefine,mouse4_imec1,524,noise,noise,noise,noise,noise,noise,noise,noise,noise,noise,noise,noise,noise,noise,noise,noise,noise,noise
u5,UnitRefine,mouse4_imec1,525,noise,noise,noise,noise,noise,noise,noise,noise,noise,noise,noise,noise,noise,noise,noise,noise,noise,noise
u5,UnitRefine,mouse4_imec1,526,noise,noise,noise,noise,noise,noise,noise,noise,noise,noise,noise,noise,noise,noise,noise,noise,noise,noise
u5,UnitRefine,mouse4_imec1,527,noise,noise,noise,noise,noise,noise,noise,noise,noise,noise,noise,noise,noise,noise,noise,noise,noise,noise
u5,UnitRefine,mouse4_imec1,528,noise,noise,noise,noise,noise,noise,noise,noise,noise,noise,noise,noise,noise,mua,noise,noise,noise,noise
u5,UnitRefine,mouse4_imec1,529,noise,noise,noise,noise,noise,noise,noise,noise,noise,noise,noise,noise,noise,noise,noise,noise,noise,noise
u5,UnitRefine,mouse4_imec1,530,noise,noise,noise,noise,noise,noise,noise,noise,noise,noise,noise,noise,noise,noise,noise,noise,noise,noise
u5,UnitRefine,mouse4_imec1,531,noise,noise,noise,noise,noise,noise,noise,noise,noise,noise,noise,noise,noise,noise,noise,noise,noise,noise
u5,UnitRefine,mouse4_imec1,532,noise,noise,noise,noise,noise,noise,noise,noise,noise,noise,noise,noise,noise,mua,noise,noise,noise,noise
u5,UnitRefine,mouse4_imec1,533,noise,noise,noise,mua,noise,noise,noise,mua,noise,noise,noise,noise,mua,mua,noise,noise,noise,noise
u5,UnitRefine,mouse4_imec1,534,noise,noise,noise,mua,noise,noise,noise,mua,mua,noise,noise,noise,mua,mua,noise,noise,noise,noise
u5,UnitRefine,mouse4_imec1,535,noise,noise,noise,noise,noise,noise,noise,noise,noise,noise,noise,noise,noise,mua,noise,noise,noise,mua
u5,UnitRefine,mouse4_imec1,536,noise,noise,noise,noise,noise,noise,noise,noise,noise,noise,noise,noise,noise,mua,noise,noise,noise,mua
u5,UnitRefine,mouse4_imec1,537,noise,noise,noise,noise,noise,noise,noise,noise,noise,noise,noise,noise,noise,mua,noise,noise,noise,noise
u5,UnitRefine,mouse4_imec1,538,noise,noise,noise,noise,noise,noise,noise,noise,noise,noise,noise,noise,noise,noise,noise,noise,noise,noise
u5,UnitRefine,mouse4_imec1,539,noise,noise,noise,noise,noise,noise,noise,noise,noise,noise,noise,noise,noise,noise,noise,noise,noise,noise
u5,UnitRefine,mouse4_imec1,540,noise,noise,noise,noise,noise,noise,noise,noise,noise,noise,noise,noise,mua,mua,noise,noise,noise,mua
u5,UnitRefine,mouse4_imec1,541,noise,noise,noise,noise,noise,noise,noise,noise,noise,noise,noise,noise,noise,noise,noise,noise,noise,noise
u5,UnitRefine,mouse4_imec1,542,noise,noise,noise,noise,noise,noise,noise,noise,noise,noise,noise,noise,noise,mua,noise,noise,noise,noise
u5,UnitRefine,mouse4_imec1,543,noise,good,noise,good,noise,mua,noise,good,good,noise,mua,noise,mua,mua,noise,mua,noise,noise
u5,UnitRefine,mouse4_imec1,544,noise,noise,noise,noise,noise,noise,noise,noise,noise,noise,noise,noise,noise,noise,noise,noise,noise,noise
u5,UnitRefine,mouse4_imec1,545,noise,noise,noise,noise,noise,noise,noise,noise,noise,noise,noise,noise,noise,noise,noise,noise,noise,noise
u5,UnitRefine,mouse4_imec1,546,noise,noise,noise,noise,noise,noise,noise,noise,noise,noise,noise,noise,noise,noise,noise,noise,noise,noise
u5,UnitRefine,mouse4_imec1,547,noise,noise,noise,noise,noise,noise,noise,noise,noise,noise,noise,noise,noise,noise,noise,noise,noise,noise
u5,UnitRefine,mouse4_imec1,548,noise,noise,noise,noise,noise,noise,noise,noise,noise,noise,noise,noise,noise,noise,noise,noise,noise,noise
u5,UnitRefine,mouse4_imec1,549,noise,noise,noise,noise,noise,noise,noise,noise,noise,noise,noise,noise,noise,noise,noise,noise,noise,noise
u5,UnitRefine,mouse4_imec1,550,noise,noise,noise,mua,noise,noise,noise,noise,noise,noise,noise,noise,noise,noise,noise,noise,noise,noise
u5,UnitRefine,mouse4_imec1,551,noise,noise,noise,noise,noise,noise,noise,noise,noise,noise,noise,noise,noise,noise,noise,noise,noise,noise
u5,UnitRefine,mouse4_imec1,552,noise,noise,noise,noise,noise,noise,noise,noise,noise,noise,noise,noise,mua,mua,noise,noise,noise,noise
u5,UnitRefine,mouse4_imec1,553,noise,noise,noise,noise,noise,noise,noise,noise,noise,noise,noise,noise,noise,noise,noise,noise,noise,noise
u5,UnitRefine,mouse4_imec1,554,noise,noise,noise,noise,noise,noise,noise,noise,noise,noise,noise,noise,noise,noise,noise,noise,noise,noise
u5,UnitRefine,mouse4_imec1,555,noise,noise,noise,noise,noise,noise,noise,noise,noise,noise,noise,noise,noise,noise,noise,noise,noise,noise
u5,UnitRefine,mouse4_imec1,556,noise,noise,noise,noise,noise,noise,noise,noise,noise,noise,noise,noise,noise,noise,noise,noise,noise,noise
u5,UnitRefine,mouse4_imec1,557,noise,noise,noise,noise,noise,noise,noise,noise,noise,noise,noise,noise,noise,noise,noise,noise,noise,noise
u5,UnitRefine,mouse4_imec1,558,noise,noise,noise,noise,noise,noise,noise,noise,noise,noise,noise,noise,noise,noise,noise,noise,noise,noise
u5,UnitRefine,mouse4_imec1,559,noise,noise,noise,noise,noise,noise,noise,noise,noise,noise,noise,noise,mua,mua,noise,noise,noise,noise
u5,UnitRefine,mouse4_imec1,560,noise,noise,noise,noise,noise,noise,noise,noise,noise,noise,noise,noise,mua,mua,noise,noise,noise,noise
u5,UnitRefine,mouse4_imec1,561,noise,noise,noise,noise,noise,noise,noise,noise,noise,noise,noise,noise,noise,noise,noise,noise,noise,noise
u5,UnitRefine,mouse4_imec1,562,noise,noise,noise,noise,noise,noise,noise,noise,noise,noise,mua,noise,noise,mua,noise,noise,noise,noise
u5,UnitRefine,mouse4_imec1,563,noise,noise,noise,noise,noise,noise,noise,noise,noise,noise,noise,noise,noise,noise,noise,noise,noise,noise
u5,UnitRefine,mouse4_imec1,564,noise,noise,noise,noise,noise,noise,noise,noise,noise,noise,noise,noise,noise,noise,noise,noise,noise,noise
u5,UnitRefine,mouse4_imec1,565,noise,noise,noise,noise,noise,noise,noise,noise,noise,noise,noise,noise,noise,noise,noise,noise,noise,noise
u5,UnitRefine,mouse4_imec1,566,noise,noise,noise,noise,noise,noise,noise,noise,noise,noise,noise,noise,noise,noise,noise,noise,noise,noise
u5,UnitRefine,mouse4_imec1,567,noise,noise,noise,noise,noise,noise,noise,noise,noise,noise,noise,noise,noise,noise,noise,noise,noise,noise
u5,UnitRefine,mouse4_imec1,568,noise,noise,noise,noise,noise,noise,noise,noise,noise,noise,noise,noise,noise,noise,noise,noise,noise,noise
u5,UnitRefine,mouse4_imec1,569,noise,noise,mua,mua,noise,mua,noise,mua,mua,noise,mua,noise,mua,mua,noise,mua,noise,noise
u5,UnitRefine,mouse4_imec1,570,noise,noise,noise,noise,noise,noise,noise,noise,noise,noise,noise,noise,noise,noise,noise,noise,noise,noise
u5,UnitRefine,mouse4_imec1,571,noise,noise,noise,good,noise,mua,noise,noise,noise,noise,good,noise,mua,mua,noise,mua,noise,noise
u5,UnitRefine,mouse4_imec1,572,noise,noise,noise,noise,noise,noise,noise,noise,mua,noise,mua,noise,noise,mua,noise,mua,noise,noise
u5,UnitRefine,mouse4_imec1,573,noise,noise,noise,noise,noise,noise,noise,noise,noise,noise,noise,noise,noise,noise,noise,noise,noise,noise
u5,UnitRefine,mouse4_imec1,574,noise,noise,noise,noise,noise,noise,noise,noise,noise,noise,noise,noise,noise,noise,noise,noise,noise,noise
u5,UnitRefine,mouse4_imec1,575,noise,noise,noise,mua,noise,mua,noise,noise,noise,noise,noise,noise,noise,noise,noise,noise,noise,noise
u5,UnitRefine,mouse4_imec1,576,mua,mua,mua,mua,mua,mua,mua,mua,mua,mua,mua,mua,mua,mua,mua,mua,mua,mua
u5,UnitRefine,mouse4_imec1,577,mua,good,good,good,good,good,good,mua,mua,mua,good,mua,mua,mua,mua,mua,mua,mua
u5,UnitRefine,mouse4_imec1,578,noise,noise,mua,mua,noise,noise,noise,noise,noise,noise,noise,noise,noise,noise,noise,noise,noise,noise
u5,UnitRefine,mouse4_imec1,579,noise,noise,noise,noise,noise,noise,noise,noise,noise,noise,noise,noise,noise,noise,noise,noise,noise,noise
u5,UnitRefine,mouse4_imec1,580,noise,noise,noise,noise,noise,noise,noise,noise,noise,noise,noise,noise,noise,noise,noise,noise,noise,noise
u5,UnitRefine,mouse4_imec1,581,mua,mua,mua,mua,mua,noise,mua,mua,mua,mua,mua,mua,mua,mua,mua,mua,mua,mua
u5,UnitRefine,mouse4_imec1,582,mua,mua,mua,mua,mua,good,good,good,mua,mua,good,mua,mua,mua,mua,mua,mua,mua
u5,UnitRefine,mouse4_imec1,583,mua,mua,mua,mua,mua,mua,mua,mua,mua,mua,mua,mua,mua,mua,mua,mua,mua,mua
u5,UnitRefine,mouse4_imec1,584,good,mua,mua,mua,good,good,good,mua,mua,good,good,good,good,mua,good,good,good,good
u5,UnitRefine,mouse4_imec1,585,good,good,good,good,good,good,good,good,good,good,good,good,good,good,good,good,good,good
u5,UnitRefine,mouse4_imec1,586,mua,mua,mua,mua,mua,mua,mua,mua,mua,good,mua,mua,mua,mua,mua,mua,mua,mua
u5,UnitRefine,mouse4_imec1,587,mua,mua,mua,mua,mua,mua,mua,good,mua,good,mua,good,mua,mua,good,noise,good,mua
u5,UnitRefine,mouse4_imec1,588,good,good,good,good,good,good,good,good,good,good,good,good,good,mua,good,good,good,good
u5,UnitRefine,mouse4_imec1,589,good,good,good,good,good,good,good,good,good,good,good,good,good,good,good,good,good,good
u5,UnitRefine,mouse4_imec1,590,good,good,good,mua,good,good,good,good,good,good,good,good,good,good,good,good,good,good
u5,UnitRefine,mouse4_imec1,591,good,good,good,good,good,good,good,good,good,good,good,good,good,good,good,good,good,good
u5,UnitRefine,mouse4_imec1,592,good,mua,mua,mua,mua,mua,mua,mua,mua,mua,mua,mua,mua,mua,mua,good,mua,good
u5,UnitRefine,mouse4_imec1,593,mua,mua,mua,mua,mua,mua,mua,mua,mua,mua,good,mua,mua,mua,mua,mua,mua,mua
u5,UnitRefine,mouse4_imec1,594,mua,mua,mua,mua,mua,mua,mua,mua,mua,good,mua,good,good,good,good,good,good,good
u5,UnitRefine,mouse4_imec1,595,mua,mua,mua,mua,mua,mua,mua,mua,mua,mua,mua,mua,mua,mua,mua,mua,mua,mua
u5,UnitRefine,mouse4_imec1,596,mua,mua,mua,mua,mua,mua,mua,mua,mua,mua,mua,mua,mua,mua,mua,mua,mua,mua
u5,UnitRefine,mouse4_imec1,597,mua,noise,noise,mua,noise,noise,noise,noise,noise,noise,noise,noise,noise,noise,noise,noise,noise,noise
u5,UnitRefine,mouse4_imec1,598,noise,noise,noise,mua,noise,mua,noise,noise,mua,noise,noise,noise,mua,mua,noise,noise,noise,mua
u5,UnitRefine,mouse4_imec1,599,mua,mua,mua,mua,mua,mua,mua,mua,mua,mua,mua,mua,mua,mua,mua,mua,mua,mua
u5,UnitRefine,mouse4_imec1,600,mua,mua,mua,mua,mua,good,mua,mua,mua,mua,good,mua,mua,mua,mua,mua,mua,mua
u5,UnitRefine,mouse4_imec1,601,good,good,good,good,good,good,good,good,good,good,good,good,good,good,good,good,good,good
u5,UnitRefine,mouse4_imec1,602,mua,mua,good,mua,good,good,good,good,mua,mua,good,good,good,mua,mua,good,mua,mua
u5,UnitRefine,mouse4_imec1,603,noise,noise,noise,noise,noise,noise,noise,noise,noise,noise,noise,noise,noise,noise,noise,noise,noise,noise
u5,UnitRefine,mouse4_imec1,604,noise,noise,noise,noise,noise,noise,noise,noise,noise,noise,noise,noise,noise,noise,noise,noise,noise,noise
u5,UnitRefine,mouse4_imec1,605,noise,noise,noise,mua,noise,noise,noise,noise,mua,noise,noise,noise,noise,noise,noise,noise,noise,mua
u5,UnitRefine,mouse4_imec1,606,mua,mua,mua,mua,mua,good,mua,mua,mua,mua,mua,mua,mua,mua,mua,mua,mua,mua
u5,UnitRefine,mouse4_imec1,607,noise,noise,mua,mua,noise,noise,noise,noise,noise,noise,noise,noise,noise,noise,noise,noise,noise,noise
u5,UnitRefine,mouse4_imec1,608,good,mua,mua,mua,mua,good,mua,mua,mua,mua,good,mua,good,mua,mua,good,mua,good
u5,UnitRefine,mouse4_imec1,609,mua,mua,mua,mua,mua,mua,mua,mua,mua,mua,mua,mua,mua,mua,mua,mua,mua,mua
u5,UnitRefine,mouse4_imec1,610,mua,mua,mua,mua,mua,mua,mua,mua,mua,mua,mua,mua,mua,mua,mua,mua,mua,mua
u5,UnitRefine,mouse4_imec1,611,mua,mua,mua,mua,mua,good,mua,mua,mua,mua,good,mua,mua,mua,mua,good,mua,mua
u5,UnitRefine,mouse4_imec1,612,noise,noise,noise,mua,noise,mua,mua,noise,mua,noise,mua,noise,noise,noise,noise,mua,noise,noise
u5,UnitRefine,mouse4_imec1,613,mua,noise,noise,noise,noise,noise,noise,noise,noise,noise,noise,noise,noise,noise,noise,noise,noise,noise
u5,UnitRefine,mouse4_imec1,614,mua,noise,noise,mua,noise,mua,noise,noise,mua,noise,mua,noise,noise,mua,noise,noise,noise,noise
u5,UnitRefine,mouse4_imec1,615,mua,mua,mua,mua,noise,mua,mua,noise,mua,noise,mua,noise,noise,mua,noise,noise,noise,noise
u5,UnitRefine,mouse4_imec1,616,noise,noise,mua,mua,mua,mua,mua,noise,mua,noise,noise,noise,noise,noise,noise,noise,noise,noise
u5,UnitRefine,mouse4_imec1,617,noise,noise,noise,noise,noise,noise,noise,noise,noise,noise,noise,noise,noise,noise,noise,noise,noise,noise
u5,UnitRefine,mouse4_imec1,618,noise,noise,noise,noise,noise,noise,noise,noise,noise,noise,noise,noise,noise,noise,noise,noise,noise,noise
u5,UnitRefine,mouse4_imec1,619,noise,noise,mua,mua,noise,noise,noise,good,mua,noise,noise,noise,noise,noise,noise,noise,noise,noise
u5,UnitRefine,mouse4_imec1,620,noise,noise,noise,noise,noise,noise,noise,noise,noise,noise,noise,noise,noise,noise,noise,noise,noise,noise
u5,UnitRefine,mouse4_imec1,621,noise,noise,noise,noise,noise,noise,noise,noise,noise,noise,noise,noise,noise,noise,noise,noise,noise,noise
u5,UnitRefine,mouse4_imec1,622,noise,noise,mua,mua,noise,noise,noise,noise,noise,noise,noise,noise,noise,noise,noise,noise,noise,noise
u5,UnitRefine,mouse4_imec1,623,noise,noise,noise,noise,noise,noise,noise,noise,noise,noise,noise,noise,noise,mua,noise,noise,noise,noise
u5,UnitRefine,mouse4_imec1,624,noise,noise,noise,noise,noise,noise,noise,noise,noise,noise,noise,noise,noise,noise,noise,noise,noise,noise
u5,UnitRefine,mouse4_imec1,625,noise,mua,mua,mua,noise,noise,noise,mua,mua,good,noise,mua,noise,noise,noise,noise,noise,noise
u5,UnitRefine,mouse4_imec1,626,noise,noise,noise,noise,noise,noise,noise,noise,noise,noise,noise,noise,noise,noise,noise,noise,noise,noise
u5,UnitRefine,mouse4_imec1,627,noise,mua,mua,mua,good,noise,noise,mua,mua,good,noise,mua,noise,noise,noise,noise,noise,noise
u5,UnitRefine,mouse4_imec1,628,noise,noise,noise,noise,noise,noise,noise,noise,noise,noise,noise,noise,noise,mua,noise,noise,noise,noise
u5,UnitRefine,mouse4_imec1,629,noise,mua,mua,mua,noise,noise,noise,noise,mua,noise,noise,noise,mua,mua,noise,noise,noise,noise
u5,UnitRefine,mouse4_imec1,630,noise,good,good,noise,good,noise,good,good,noise,good,noise,good,mua,mua,noise,noise,noise,noise
u5,UnitRefine,mouse4_imec1,631,noise,noise,mua,noise,noise,noise,noise,noise,noise,noise,noise,noise,noise,noise,noise,noise,noise,noise
u5,UnitRefine,mouse4_imec1,632,noise,noise,noise,noise,noise,mua,noise,noise,noise,noise,noise,noise,noise,noise,noise,noise,noise,noise
u5,UnitRefine,mouse4_imec1,633,noise,noise,noise,noise,noise,noise,noise,noise,noise,noise,noise,noise,noise,mua,noise,noise,noise,noise
u5,UnitRefine,mouse4_imec1,634,noise,noise,noise,noise,noise,noise,noise,noise,noise,noise,noise,noise,noise,mua,noise,noise,noise,noise
u5,UnitRefine,mouse4_imec1,635,noise,noise,noise,noise,noise,noise,noise,noise,noise,noise,noise,noise,noise,noise,noise,noise,noise,noise
u5,UnitRefine,mouse4_imec1,636,noise,noise,noise,noise,noise,noise,noise,noise,noise,noise,noise,noise,noise,mua,noise,noise,noise,noise
u5,UnitRefine,mouse4_imec1,637,noise,noise,noise,noise,noise,noise,noise,noise,noise,noise,noise,noise,noise,noise,noise,noise,noise,noise
u5,UnitRefine,mouse4_imec1,638,noise,noise,noise,noise,noise,noise,noise,noise,noise,noise,noise,noise,noise,noise,noise,noise,noise,noise
u5,UnitRefine,mouse4_imec1,639,noise,noise,noise,noise,noise,noise,noise,noise,noise,noise,noise,noise,noise,noise,noise,noise,noise,noise
u5,UnitRefine,mouse4_imec1,640,noise,noise,noise,noise,noise,noise,noise,noise,noise,noise,noise,noise,noise,mua,noise,noise,noise,noise
u5,UnitRefine,mouse4_imec1,641,noise,noise,noise,noise,noise,noise,noise,noise,noise,noise,noise,noise,noise,mua,noise,noise,noise,noise
u5,UnitRefine,mouse4_imec1,642,noise,noise,noise,noise,noise,noise,noise,noise,noise,noise,noise,noise,noise,noise,noise,noise,noise,noise
u5,UnitRefine,mouse4_imec1,643,noise,noise,noise,noise,noise,noise,noise,noise,noise,noise,noise,noise,noise,noise,noise,noise,noise,noise
u5,UnitRefine,mouse4_imec1,644,noise,noise,noise,noise,noise,noise,noise,noise,noise,noise,noise,noise,noise,noise,noise,noise,noise,noise
u5,UnitRefine,mouse4_imec1,645,noise,noise,noise,noise,noise,noise,noise,noise,noise,noise,noise,noise,noise,noise,noise,noise,noise,noise
u5,UnitRefine,mouse4_imec1,646,noise,noise,noise,noise,noise,noise,noise,noise,noise,noise,noise,noise,noise,noise,noise,noise,noise,noise
u5,UnitRefine,mouse4_imec1,647,noise,noise,noise,noise,noise,noise,noise,noise,noise,noise,noise,noise,noise,noise,noise,noise,noise,noise
u5,UnitRefine,mouse4_imec1,648,noise,noise,noise,noise,noise,good,noise,noise,noise,noise,good,noise,noise,noise,noise,noise,noise,noise
u5,UnitRefine,mouse4_imec1,649,noise,noise,noise,noise,noise,noise,noise,noise,noise,noise,noise,noise,noise,noise,noise,noise,noise,noise
u5,UnitRefine,mouse4_imec1,650,noise,noise,noise,noise,noise,noise,noise,noise,noise,noise,noise,noise,noise,noise,noise,noise,noise,noise
u5,UnitRefine,mouse4_imec1,651,noise,noise,noise,mua,noise,noise,noise,mua,noise,noise,noise,noise,mua,mua,noise,noise,noise,noise
u5,UnitRefine,mouse4_imec1,652,noise,noise,noise,noise,noise,noise,noise,noise,noise,noise,noise,noise,mua,mua,noise,noise,noise,noise
u5,UnitRefine,mouse4_imec1,653,noise,noise,noise,mua,noise,noise,noise,noise,noise,noise,noise,noise,mua,mua,noise,noise,noise,mua
u5,UnitRefine,mouse4_imec1,654,noise,noise,noise,noise,noise,noise,noise,noise,noise,noise,noise,noise,noise,mua,noise,noise,noise,noise
u5,UnitRefine,mouse4_imec1,655,noise,noise,noise,mua,noise,noise,noise,noise,mua,noise,mua,noise,mua,mua,noise,mua,noise,noise
u5,UnitRefine,mouse4_imec1,656,noise,noise,noise,mua,noise,noise,noise,noise,noise,noise,noise,noise,noise,mua,noise,noise,noise,noise
u5,UnitRefine,mouse4_imec1,657,noise,noise,noise,mua,noise,mua,noise,good,good,noise,mua,noise,mua,mua,noise,mua,noise,noise
u5,UnitRefine,mouse4_imec1,658,noise,noise,noise,noise,noise,noise,noise,noise,noise,noise,noise,noise,noise,noise,noise,noise,noise,noise
u5,UnitRefine,mouse4_imec1,659,noise,noise,noise,noise,noise,noise,noise,noise,noise,noise,noise,noise,noise,noise,noise,noise,noise,noise
u5,UnitRefine,mouse4_imec1,660,noise,noise,noise,noise,noise,noise,noise,noise,noise,noise,noise,noise,noise,noise,noise,noise,noise,noise
u5,UnitRefine,mouse4_imec1,661,noise,noise,noise,noise,noise,noise,noise,noise,noise,noise,noise,noise,noise,noise,noise,noise,noise,noise
u5,UnitRefine,mouse4_imec1,662,noise,noise,noise,noise,noise,noise,noise,noise,noise,noise,noise,noise,noise,noise,noise,noise,noise,noise
u5,UnitRefine,mouse4_imec1,663,noise,noise,noise,noise,noise,noise,noise,noise,noise,noise,noise,noise,noise,noise,noise,noise,noise,noise
u5,UnitRefine,mouse4_imec1,664,noise,noise,noise,noise,noise,noise,noise,noise,noise,noise,noise,noise,noise,noise,noise,noise,noise,noise
u5,UnitRefine,mouse4_imec1,665,noise,noise,noise,noise,noise,noise,noise,noise,noise,noise,noise,noise,noise,mua,noise,noise,noise,noise
u5,UnitRefine,mouse4_imec1,666,noise,noise,noise,noise,noise,noise,noise,noise,noise,noise,noise,noise,noise,noise,noise,noise,noise,noise
u5,UnitRefine,mouse4_imec1,667,good,good,good,good,good,good,good,good,good,good,good,good,good,good,good,good,good,good
u5,UnitRefine,mouse4_imec1,668,good,good,good,good,good,good,good,good,good,good,good,good,mua,mua,good,good,mua,mua
u5,UnitRefine,mouse4_imec1,669,good,good,good,good,good,good,good,good,good,good,good,good,good,good,good,good,good,good
u5,UnitRefine,mouse4_imec1,670,good,good,good,good,good,good,good,good,good,good,good,good,good,good,good,good,good,good
u5,UnitRefine,mouse4_imec1,671,good,good,good,good,good,good,good,good,good,good,good,good,good,good,good,good,good,good
u5,UnitRefine,mouse4_imec1,672,mua,good,good,mua,good,good,good,good,good,good,good,good,good,mua,good,good,good,good
u5,UnitRefine,mouse4_imec1,673,mua,mua,mua,mua,mua,mua,mua,mua,mua,mua,mua,mua,mua,mua,mua,mua,mua,mua
u5,UnitRefine,mouse4_imec1,674,good,mua,mua,mua,mua,good,mua,mua,mua,mua,good,mua,good,mua,good,good,good,mua
u5,UnitRefine,mouse4_imec1,675,good,good,good,good,good,good,good,good,good,good,good,good,good,good,good,good,good,good
u5,UnitRefine,mouse4_imec1,676,mua,mua,mua,mua,mua,mua,mua,mua,mua,mua,mua,mua,mua,mua,mua,mua,mua,mua
u5,UnitRefine,mouse4_imec1,677,noise,noise,mua,mua,noise,noise,noise,noise,noise,noise,noise,noise,noise,noise,noise,noise,noise,noise
u5,UnitRefine,mouse4_imec1,678,noise,noise,noise,noise,noise,noise,noise,noise,noise,noise,noise,noise,noise,noise,noise,noise,noise,noise
u5,UnitRefine,mouse4_imec1,679,noise,noise,noise,noise,noise,noise,noise,noise,noise,noise,noise,noise,noise,noise,noise,noise,noise,noise
u5,UnitRefine,mouse4_imec1,680,noise,good,good,mua,good,noise,good,mua,mua,mua,noise,mua,mua,mua,noise,noise,noise,noise
u5,UnitRefine,mouse4_imec1,681,noise,noise,noise,noise,noise,noise,noise,noise,noise,noise,noise,noise,mua,mua,noise,noise,noise,noise
u5,UnitRefine,mouse4_imec1,682,noise,noise,noise,noise,noise,noise,noise,mua,noise,noise,noise,noise,mua,mua,mua,noise,mua,noise
u5,UnitRefine,mouse4_imec1,683,noise,mua,noise,noise,noise,noise,noise,mua,mua,noise,noise,noise,mua,mua,noise,noise,noise,noise
u5,UnitRefine,mouse4_imec1,684,noise,noise,noise,mua,noise,noise,noise,noise,mua,noise,noise,noise,mua,mua,noise,noise,noise,noise
u5,UnitRefine,mouse4_imec1,685,noise,noise,noise,noise,noise,noise,noise,noise,noise,noise,noise,noise,mua,mua,noise,noise,noise,noise
u5,UnitRefine,mouse4_imec1,686,noise,noise,noise,noise,noise,noise,noise,noise,noise,noise,noise,noise,noise,noise,noise,noise,noise,noise
u5,UnitRefine,mouse4_imec1,687,noise,noise,noise,noise,noise,noise,noise,noise,noise,noise,noise,noise,noise,noise,noise,noise,noise,noise
u5,UnitRefine,mouse4_imec1,688,noise,noise,noise,noise,noise,noise,noise,noise,noise,noise,noise,noise,noise,noise,noise,noise,noise,noise
u5,UnitRefine,mouse4_imec1,689,noise,noise,noise,noise,noise,noise,noise,noise,noise,noise,noise,noise,noise,noise,noise,noise,noise,noise
u5,UnitRefine,mouse4_imec1,690,mua,mua,mua,mua,mua,good,mua,mua,mua,mua,good,mua,mua,mua,good,good,good,noise
u5,UnitRefine,mouse4_imec1,691,noise,noise,mua,noise,noise,noise,noise,mua,mua,noise,noise,noise,noise,noise,noise,noise,noise,noise
u5,UnitRefine,mouse4_imec1,692,mua,mua,mua,mua,mua,mua,mua,mua,mua,mua,mua,mua,mua,mua,mua,mua,mua,mua
u5,UnitRefine,mouse4_imec1,693,mua,mua,mua,mua,mua,mua,mua,mua,mua,mua,mua,mua,mua,mua,mua,good,mua,noise
u9,UnitRefine,mouse5_imec0,0,noise,noise,noise,noise,noise,noise,noise,noise,noise,noise,mua,noise,noise,noise,noise,noise,noise,noise
u9,UnitRefine,mouse5_imec0,1,noise,noise,noise,noise,noise,mua,noise,noise,noise,noise,mua,noise,noise,noise,noise,noise,noise,noise
u9,UnitRefine,mouse5_imec0,2,noise,noise,noise,mua,noise,noise,noise,noise,mua,noise,noise,noise,noise,noise,noise,noise,noise,noise
u9,UnitRefine,mouse5_imec0,3,noise,noise,noise,noise,noise,noise,noise,noise,noise,noise,noise,noise,noise,noise,noise,noise,noise,noise
u9,UnitRefine,mouse5_imec0,4,noise,noise,noise,noise,noise,noise,noise,noise,noise,noise,noise,noise,noise,noise,noise,noise,noise,noise
u9,UnitRefine,mouse5_imec0,5,noise,noise,noise,noise,noise,noise,noise,noise,noise,noise,noise,noise,noise,noise,noise,noise,noise,noise
u9,UnitRefine,mouse5_imec0,6,mua,noise,noise,noise,noise,noise,noise,noise,noise,noise,noise,noise,noise,noise,noise,noise,noise,mua
u9,UnitRefine,mouse5_imec0,7,noise,noise,noise,noise,noise,noise,noise,noise,noise,noise,noise,noise,noise,noise,noise,noise,noise,mua
u9,UnitRefine,mouse5_imec0,8,noise,noise,noise,noise,noise,noise,noise,noise,noise,noise,noise,noise,noise,noise,noise,noise,noise,noise
u9,UnitRefine,mouse5_imec0,9,noise,noise,noise,noise,noise,noise,noise,noise,noise,noise,noise,noise,noise,noise,noise,noise,noise,noise
u9,UnitRefine,mouse5_imec0,10,noise,noise,noise,noise,noise,noise,noise,noise,noise,noise,noise,noise,noise,noise,noise,noise,noise,noise
u9,UnitRefine,mouse5_imec0,11,noise,noise,noise,noise,noise,noise,noise,noise,noise,noise,noise,noise,noise,noise,noise,noise,noise,noise
u9,UnitRefine,mouse5_imec0,12,noise,noise,noise,noise,noise,noise,noise,noise,noise,noise,noise,noise,noise,noise,noise,noise,noise,noise
u9,UnitRefine,mouse5_imec0,13,noise,noise,noise,noise,noise,noise,noise,noise,noise,noise,noise,noise,noise,noise,noise,noise,noise,noise
u9,UnitRefine,mouse5_imec0,14,noise,noise,noise,noise,noise,noise,noise,noise,noise,noise,noise,noise,noise,noise,noise,noise,noise,noise
u9,UnitRefine,mouse5_imec0,15,noise,noise,noise,noise,noise,noise,noise,noise,noise,noise,noise,noise,noise,noise,noise,noise,noise,noise
u9,UnitRefine,mouse5_imec0,16,noise,noise,noise,noise,noise,noise,noise,noise,noise,noise,noise,noise,noise,noise,noise,noise,noise,noise
u9,UnitRefine,mouse5_imec0,17,good,good,good,good,good,good,good,good,good,good,good,good,good,good,good,good,good,good
u9,UnitRefine,mouse5_imec0,19,good,good,good,good,good,good,good,good,good,good,good,good,good,good,good,good,good,good
u9,UnitRefine,mouse5_imec0,20,mua,noise,noise,noise,noise,noise,noise,noise,noise,noise,noise,noise,mua,mua,mua,noise,mua,mua
u9,UnitRefine,mouse5_imec0,21,mua,mua,mua,mua,mua,mua,mua,mua,mua,mua,mua,mua,mua,mua,mua,mua,mua,mua
u9,UnitRefine,mouse5_imec0,22,mua,mua,mua,mua,mua,good,mua,mua,mua,mua,mua,mua,mua,mua,mua,mua,mua,mua
u9,UnitRefine,mouse5_imec0,23,noise,noise,noise,noise,noise,noise,noise,noise,noise,noise,noise,noise,noise,noise,noise,noise,noise,noise
u9,UnitRefine,mouse5_imec0,24,good,good,good,good,good,good,good,good,good,good,good,good,good,good,good,good,good,good
u9,UnitRefine,mouse5_imec0,25,mua,mua,mua,mua,mua,good,mua,mua,mua,mua,mua,mua,mua,mua,mua,mua,mua,mua
u9,UnitRefine,mouse5_imec0,26,mua,mua,mua,mua,mua,noise,mua,mua,mua,mua,noise,mua,mua,mua,mua,mua,mua,mua
u9,UnitRefine,mouse5_imec0,27,mua,mua,mua,mua,mua,noise,mua,mua,mua,mua,noise,mua,mua,mua,mua,noise,mua,mua
u9,UnitRefine,mouse5_imec0,28,good,good,good,good,good,good,good,good,good,good,good,good,good,good,good,good,good,good
u9,UnitRefine,mouse5_imec0,29,mua,good,good,good,good,good,good,good,good,good,good,good,mua,mua,mua,good,mua,mua
u9,UnitRefine,mouse5_imec0,30,mua,mua,mua,mua,mua,good,mua,mua,mua,mua,mua,mua,mua,mua,mua,mua,mua,mua
u9,UnitRefine,mouse5_imec0,31,noise,noise,noise,noise,noise,noise,noise,noise,noise,noise,noise,noise,noise,noise,noise,noise,noise,noise
u9,UnitRefine,mouse5_imec0,32,mua,mua,mua,good,mua,good,mua,mua,mua,mua,good,mua,mua,mua,mua,good,mua,mua
u9,UnitRefine,mouse5_imec0,33,mua,mua,mua,mua,mua,mua,mua,mua,mua,mua,noise,mua,mua,mua,mua,noise,mua,mua
u9,UnitRefine,mouse5_imec0,34,mua,mua,mua,good,good,good,good,mua,mua,mua,good,mua,mua,mua,mua,mua,mua,mua
u9,UnitRefine,mouse5_imec0,35,mua,mua,mua,mua,mua,good,mua,mua,mua,mua,mua,mua,mua,mua,mua,mua,mua,mua
u9,UnitRefine,mouse5_imec0,36,mua,mua,mua,mua,mua,mua,mua,mua,mua,mua,mua,mua,mua,mua,mua,mua,mua,mua
u9,UnitRefine,mouse5_imec0,37,mua,mua,mua,mua,mua,good,mua,mua,mua,mua,mua,mua,mua,mua,mua,mua,mua,mua
u9,UnitRefine,mouse5_imec0,38,mua,good,good,good,good,good,good,good,good,good,good,good,good,good,good,good,good,good
u9,UnitRefine,mouse5_imec0,39,mua,mua,mua,mua,mua,mua,mua,mua,mua,mua,mua,mua,mua,mua,mua,mua,mua,mua
u9,UnitRefine,mouse5_imec0,40,good,good,good,good,good,good,good,good,good,good,good,good,good,good,good,good,good,good
u9,UnitRefine,mouse5_imec0,41,good,noise,noise,good,noise,good,noise,noise,mua,noise,good,noise,mua,mua,noise,noise,noise,noise
u9,UnitRefine,mouse5_imec0,42,mua,noise,mua,mua,noise,noise,noise,noise,mua,noise,mua,noise,mua,mua,noise,noise,noise,noise
u9,UnitRefine,mouse5_imec0,43,mua,mua,mua,mua,mua,noise,mua,mua,mua,mua,noise,mua,mua,mua,mua,mua,mua,mua
u9,UnitRefine,mouse5_imec0,44,mua,mua,mua,mua,mua,good,mua,mua,mua,mua,mua,mua,mua,mua,mua,mua,mua,mua
u9,UnitRefine,mouse5_imec0,45,good,good,good,good,good,good,good,good,good,good,good,good,good,good,good,good,good,good
u9,UnitRefine,mouse5_imec0,46,noise,noise,noise,noise,noise,mua,noise,noise,noise,noise,mua,noise,noise,noise,noise,mua,noise,noise
u9,UnitRefine,mouse5_imec0,47,noise,noise,noise,mua,noise,mua,noise,noise,noise,noise,noise,noise,noise,noise,noise,noise,noise,noise
u9,UnitRefine,mouse5_imec0,48,mua,good,good,good,good,good,good,good,good,good,good,good,good,good,good,good,good,good
u9,UnitRefine,mouse5_imec0,49,good,good,good,good,good,good,good,good,good,good,good,good,mua,mua,mua,good,mua,mua
u9,UnitRefine,mouse5_imec0,50,mua,noise,noise,noise,noise,noise,noise,noise,noise,noise,noise,noise,noise,noise,noise,noise,noise,noise
u9,UnitRefine,mouse5_imec0,51,good,good,good,good,good,good,good,good,good,good,good,good,good,good,good,good,good,good
u9,UnitRefine,mouse5_imec0,52,mua,good,good,good,good,good,good,good,good,good,good,good,good,good,good,good,good,good
u9,UnitRefine,mouse5_imec0,53,mua,mua,mua,mua,mua,mua,mua,mua,mua,mua,mua,mua,mua,mua,mua,mua,mua,mua
u9,UnitRefine,mouse5_imec0,54,good,good,good,good,good,good,good,good,good,good,good,good,good,good,good,good,good,good
u9,UnitRefine,mouse5_imec0,55,mua,mua,mua,good,mua,good,mua,mua,good,mua,good,mua,mua,mua,good,good,good,mua
u9,UnitRefine,mouse5_imec0,56,mua,mua,mua,mua,mua,noise,mua,mua,mua,mua,noise,mua,mua,mua,mua,noise,mua,mua
u9,UnitRefine,mouse5_imec0,57,mua,mua,mua,mua,mua,mua,mua,mua,mua,mua,mua,mua,mua,mua,mua,mua,mua,mua
u9,UnitRefine,mouse5_imec0,58,mua,mua,good,mua,good,good,good,mua,mua,mua,good,mua,mua,mua,good,good,good,mua
u9,UnitRefine,mouse5_imec0,59,mua,mua,mua,good,good,good,good,mua,good,good,noise,good,good,good,good,good,good,good
u9,UnitRefine,mouse5_imec0,60,mua,mua,mua,mua,mua,good,mua,mua,mua,mua,good,mua,mua,mua,mua,mua,mua,mua
u9,UnitRefine,mouse5_imec0,61,mua,mua,mua,mua,mua,mua,mua,mua,mua,mua,mua,mua,mua,mua,mua,mua,mua,mua
u9,UnitRefine,mouse5_imec0,62,good,good,good,good,good,good,good,good,good,good,good,good,good,good,good,good,good,good
u9,UnitRefine,mouse5_imec0,63,good,good,good,good,good,good,good,good,good,good,good,good,good,good,good,good,good,good
u9,UnitRefine,mouse5_imec0,64,mua,mua,mua,mua,mua,mua,mua,mua,mua,mua,mua,mua,mua,mua,mua,mua,mua,mua
u9,UnitRefine,mouse5_imec0,65,mua,mua,mua,mua,mua,mua,mua,mua,mua,mua,mua,mua,mua,mua,mua,mua,mua,mua
u9,UnitRefine,mouse5_imec0,66,mua,good,good,good,good,good,good,good,good,good,good,good,good,good,good,good,good,good
u9,UnitRefine,mouse5_imec0,67,mua,mua,mua,mua,mua,mua,mua,mua,mua,mua,mua,mua,mua,mua,mua,mua,mua,mua
u9,UnitRefine,mouse5_imec0,68,mua,noise,noise,noise,mua,mua,mua,noise,mua,mua,mua,mua,mua,mua,mua,mua,mua,mua
u9,UnitRefine,mouse5_imec0,69,mua,mua,mua,mua,mua,mua,mua,mua,mua,mua,mua,mua,mua,mua,mua,mua,mua,mua
u9,UnitRefine,mouse5_imec0,70,mua,mua,mua,mua,mua,mua,mua,mua,mua,mua,mua,mua,mua,mua,mua,mua,mua,mua
u9,UnitRefine,mouse5_imec0,71,good,good,good,good,good,good,good,good,good,good,good,good,good,good,good,good,good,good
u9,UnitRefine,mouse5_imec0,72,mua,good,good,good,good,good,good,good,good,good,good,good,good,mua,good,good,good,good
u9,UnitRefine,mouse5_imec0,73,good,good,good,good,good,good,good,good,good,good,good,good,good,good,good,good,good,good
u9,UnitRefine,mouse5_imec0,74,good,good,good,good,good,good,good,good,good,good,good,good,mua,mua,good,mua,mua,mua
u9,UnitRefine,mouse5_imec0,75,mua,mua,mua,mua,good,mua,good,mua,mua,mua,mua,mua,mua,mua,mua,mua,mua,mua
u9,UnitRefine,mouse5_imec0,77,mua,mua,mua,mua,mua,mua,mua,mua,mua,mua,mua,mua,mua,mua,mua,noise,mua,mua
u9,UnitRefine,mouse5_imec0,78,mua,mua,mua,mua,mua,mua,mua,mua,mua,mua,mua,mua,mua,mua,mua,mua,mua,mua
u9,UnitRefine,mouse5_imec0,79,good,good,good,good,good,good,good,good,good,good,noise,good,good,good,good,good,good,good
u9,UnitRefine,mouse5_imec0,80,noise,noise,noise,mua,mua,mua,mua,noise,mua,mua,mua,mua,mua,mua,mua,noise,mua,mua
u9,UnitRefine,mouse5_imec0,81,noise,noise,mua,mua,mua,noise,mua,mua,mua,mua,noise,mua,mua,mua,mua,noise,mua,noise
u9,UnitRefine,mouse5_imec0,82,mua,mua,mua,mua,mua,mua,mua,mua,mua,mua,mua,mua,mua,mua,mua,mua,mua,mua
u9,UnitRefine,mouse5_imec0,83,mua,mua,mua,good,mua,good,mua,mua,mua,mua,mua,mua,mua,mua,mua,mua,mua,mua
u9,UnitRefine,mouse5_imec0,84,mua,mua,mua,mua,mua,mua,mua,mua,mua,mua,mua,mua,mua,mua,mua,mua,mua,mua
u9,UnitRefine,mouse5_imec0,85,mua,mua,mua,mua,mua,mua,mua,mua,mua,mua,mua,mua,mua,mua,mua,mua,mua,mua
u9,UnitRefine,mouse5_imec0,86,good,good,good,good,good,good,good,good,good,good,good,good,good,good,good,good,good,good
u9,UnitRefine,mouse5_imec0,87,mua,good,good,good,good,good,good,good,good,good,good,good,mua,mua,mua,mua,mua,mua
u9,UnitRefine,mouse5_imec0,88,mua,mua,mua,mua,mua,mua,mua,mua,mua,mua,mua,mua,mua,mua,mua,mua,mua,mua
u9,UnitRefine,mouse5_imec0,89,mua,noise,mua,mua,mua,noise,mua,mua,mua,mua,noise,mua,mua,mua,mua,mua,mua,noise
u9,UnitRefine,mouse5_imec0,90,mua,mua,mua,mua,mua,mua,mua,mua,mua,mua,mua,mua,mua,mua,mua,mua,mua,mua
u9,UnitRefine,mouse5_imec0,91,mua,noise,noise,mua,noise,noise,noise,noise,noise,noise,noise,noise,noise,noise,noise,noise,noise,noise
u9,UnitRefine,mouse5_imec0,92,mua,noise,noise,mua,mua,mua,mua,noise,noise,noise,noise,noise,noise,noise,noise,noise,noise,noise
u9,UnitRefine,mouse5_imec0,93,good,good,good,good,good,good,good,good,good,good,good,good,good,good,good,good,good,good
u9,UnitRefine,mouse5_imec0,94,mua,mua,mua,mua,mua,mua,mua,mua,mua,mua,mua,mua,mua,mua,mua,mua,mua,mua
u9,UnitRefine,mouse5_imec0,95,good,good,good,good,good,good,good,good,good,good,noise,good,good,good,good,noise,good,good
u9,UnitRefine,mouse5_imec0,96,noise,mua,mua,mua,mua,mua,mua,mua,mua,mua,mua,mua,mua,mua,mua,mua,mua,mua
u9,UnitRefine,mouse5_imec0,97,noise,mua,mua,mua,mua,mua,mua,mua,mua,mua,mua,mua,mua,mua,mua,mua,mua,noise
u9,UnitRefine,mouse5_imec0,98,mua,good,mua,good,good,good,good,good,mua,good,mua,good,mua,mua,mua,mua,mua,mua
u9,UnitRefine,mouse5_imec0,99,noise,mua,mua,mua,mua,noise,mua,mua,mua,mua,noise,mua,mua,mua,mua,mua,mua,mua
u9,UnitRefine,mouse5_imec0,100,good,good,good,good,good,good,good,good,good,good,good,good,good,good,good,good,good,good
u9,UnitRefine,mouse5_imec0,101,mua,mua,mua,mua,mua,noise,mua,mua,mua,mua,mua,mua,mua,mua,mua,mua,mua,mua
u9,UnitRefine,mouse5_imec0,102,noise,noise,mua,mua,mua,noise,mua,mua,mua,mua,mua,mua,mua,mua,mua,mua,mua,mua
u9,UnitRefine,mouse5_imec0,103,mua,mua,mua,mua,mua,mua,mua,mua,mua,mua,mua,mua,mua,mua,mua,mua,mua,mua
u9,UnitRefine,mouse5_imec0,104,mua,mua,mua,mua,mua,mua,mua,mua,mua,mua,mua,mua,mua,mua,mua,mua,mua,mua
u9,UnitRefine,mouse5_imec0,105,mua,mua,mua,mua,noise,good,noise,mua,mua,noise,mua,mua,good,good,good,good,good,noise
u9,UnitRefine,mouse5_imec0,106,mua,mua,mua,mua,mua,mua,mua,mua,mua,mua,mua,mua,mua,mua,mua,noise,mua,noise
u9,UnitRefine,mouse5_imec0,107,mua,mua,mua,mua,mua,mua,mua,mua,mua,mua,good,mua,mua,mua,noise,mua,mua,mua
u9,UnitRefine,mouse5_imec0,108,mua,mua,mua,mua,mua,mua,mua,mua,mua,mua,mua,mua,mua,mua,mua,mua,mua,mua
u9,UnitRefine,mouse5_imec0,109,noise,noise,noise,mua,mua,mua,mua,mua,mua,mua,mua,mua,mua,mua,mua,mua,mua,mua
u9,UnitRefine,mouse5_imec0,110,mua,mua,mua,mua,mua,mua,mua,mua,mua,mua,mua,mua,mua,mua,mua,mua,mua,mua
u9,UnitRefine,mouse5_imec0,111,mua,mua,mua,mua,mua,good,mua,mua,mua,mua,good,mua,mua,mua,mua,mua,mua,mua
u9,UnitRefine,mouse5_imec0,112,mua,mua,mua,mua,mua,mua,mua,mua,mua,mua,mua,mua,mua,mua,mua,mua,mua,mua
u9,UnitRefine,mouse5_imec0,113,noise,noise,noise,noise,noise,noise,noise,noise,mua,noise,mua,noise,mua,mua,noise,mua,noise,mua
u9,UnitRefine,mouse5_imec0,114,mua,good,good,good,good,good,good,good,mua,good,good,good,mua,mua,mua,mua,mua,mua
u9,UnitRefine,mouse5_imec0,115,noise,mua,mua,mua,mua,mua,mua,mua,mua,mua,noise,mua,mua,mua,mua,mua,mua,mua
u9,UnitRefine,mouse5_imec0,116,noise,mua,mua,mua,mua,noise,mua,mua,mua,mua,noise,mua,mua,mua,mua,mua,mua,mua
u9,UnitRefine,mouse5_imec0,117,noise,noise,noise,noise,noise,noise,noise,noise,noise,noise,noise,noise,noise,noise,noise,noise,noise,noise
u9,UnitRefine,mouse5_imec0,118,mua,mua,mua,mua,mua,mua,mua,mua,mua,mua,mua,mua,mua,mua,mua,mua,mua,mua
u9,UnitRefine,mouse5_imec0,119,mua,mua,mua,mua,mua,mua,mua,mua,mua,mua,mua,mua,mua,mua,mua,mua,mua,mua
u9,UnitRefine,mouse5_imec0,120,mua,mua,mua,mua,mua,mua,mua,mua,mua,mua,mua,mua,mua,mua,mua,mua,mua,mua
u9,UnitRefine,mouse5_imec0,122,mua,mua,mua,mua,mua,mua,mua,mua,mua,mua,mua,mua,mua,mua,mua,mua,mua,mua
u9,UnitRefine,mouse5_imec0,123,mua,mua,mua,mua,mua,mua,mua,mua,mua,mua,mua,mua,mua,mua,mua,mua,mua,mua
u9,UnitRefine,mouse5_imec0,124,mua,mua,mua,mua,mua,mua,mua,mua,mua,mua,mua,mua,mua,mua,mua,mua,mua,mua
u9,UnitRefine,mouse5_imec0,125,noise,mua,mua,mua,mua,mua,mua,mua,mua,mua,mua,mua,mua,mua,mua,mua,mua,mua
u9,UnitRefine,mouse5_imec0,126,mua,mua,mua,mua,mua,good,mua,mua,mua,mua,good,mua,mua,mua,mua,good,mua,mua
u9,UnitRefine,mouse5_imec0,127,good,good,good,good,good,good,good,good,good,good,good,good,good,good,good,good,good,good
u9,UnitRefine,mouse5_imec0,128,mua,mua,mua,mua,mua,noise,mua,mua,mua,mua,mua,mua,mua,mua,mua,mua,mua,mua
u9,UnitRefine,mouse5_imec0,129,mua,noise,noise,noise,noise,noise,noise,noise,mua,noise,noise,noise,noise,mua,noise,noise,noise,noise
u9,UnitRefine,mouse5_imec0,130,mua,mua,mua,mua,mua,mua,mua,mua,mua,mua,mua,mua,mua,mua,mua,mua,mua,mua
u9,UnitRefine,mouse5_imec0,131,mua,mua,mua,mua,mua,mua,mua,mua,mua,mua,mua,mua,mua,mua,mua,mua,mua,mua
u9,UnitRefine,mouse5_imec0,132,mua,mua,mua,mua,mua,mua,mua,mua,mua,mua,mua,mua,mua,mua,mua,mua,mua,mua
u9,UnitRefine,mouse5_imec0,133,mua,mua,mua,mua,mua,mua,mua,mua,mua,mua,mua,mua,mua,mua,mua,good,mua,mua
u9,UnitRefine,mouse5_imec0,134,mua,good,good,good,good,good,good,good,good,good,good,good,good,good,good,good,good,good
u9,UnitRefine,mouse5_imec0,135,mua,mua,mua,mua,mua,mua,mua,mua,mua,mua,mua,mua,mua,mua,mua,mua,mua,mua
u9,UnitRefine,mouse5_imec0,136,mua,mua,mua,mua,mua,mua,mua,mua,mua,mua,mua,mua,mua,mua,mua,mua,mua,mua
u9,UnitRefine,mouse5_imec0,137,mua,mua,mua,mua,mua,mua,mua,mua,mua,mua,mua,mua,mua,mua,mua,mua,mua,mua
u9,UnitRefine,mouse5_imec0,138,mua,mua,mua,mua,mua,mua,mua,mua,mua,mua,mua,mua,mua,mua,mua,mua,mua,mua
u9,UnitRefine,mouse5_imec0,139,noise,noise,noise,noise,noise,noise,noise,noise,mua,mua,mua,mua,mua,mua,mua,mua,mua,mua
u9,UnitRefine,mouse5_imec0,140,mua,mua,mua,mua,mua,noise,mua,mua,mua,mua,noise,mua,mua,mua,mua,noise,mua,mua
u9,UnitRefine,mouse5_imec0,141,mua,mua,mua,mua,mua,mua,mua,mua,mua,mua,mua,mua,good,mua,good,good,good,good
u9,UnitRefine,mouse5_imec0,142,mua,good,good,good,good,good,good,good,good,good,good,good,good,good,good,good,good,mua
u9,UnitRefine,mouse5_imec0,143,mua,mua,mua,mua,good,mua,good,mua,mua,mua,mua,mua,good,good,good,mua,good,good
u9,UnitRefine,mouse5_imec0,144,mua,good,good,good,good,good,good,good,good,good,good,good,good,good,good,good,good,good
u9,UnitRefine,mouse5_imec0,145,mua,mua,mua,mua,mua,mua,mua,mua,mua,mua,mua,mua,mua,mua,mua,mua,mua,mua
u9,UnitRefine,mouse5_imec0,146,mua,mua,mua,mua,mua,mua,mua,mua,mua,mua,mua,mua,mua,mua,mua,mua,mua,mua
u9,UnitRefine,mouse5_imec0,147,mua,mua,mua,mua,mua,noise,mua,mua,mua,mua,noise,mua,mua,mua,mua,mua,mua,mua
u9,UnitRefine,mouse5_imec0,148,good,good,good,good,good,good,good,good,good,good,good,good,good,good,good,good,good,good
u9,UnitRefine,mouse5_imec0,149,good,good,good,mua,mua,mua,mua,mua,mua,mua,mua,mua,mua,mua,mua,mua,mua,mua
u9,UnitRefine,mouse5_imec0,150,mua,mua,mua,mua,mua,mua,mua,mua,mua,mua,mua,mua,mua,mua,mua,mua,mua,mua
u9,UnitRefine,mouse5_imec0,151,mua,mua,mua,mua,mua,mua,mua,mua,mua,mua,mua,mua,mua,mua,mua,noise,mua,noise
u9,UnitRefine,mouse5_imec0,152,mua,mua,mua,mua,mua,mua,mua,mua,mua,mua,mua,mua,mua,mua,mua,mua,mua,mua
u9,UnitRefine,mouse5_imec0,153,mua,mua,mua,mua,mua,mua,mua,mua,mua,mua,mua,mua,mua,mua,mua,mua,mua,mua
u9,UnitRefine,mouse5_imec0,154,mua,mua,mua,mua,mua,mua,mua,mua,mua,mua,mua,mua,mua,mua,mua,mua,mua,mua
u9,UnitRefine,mouse5_imec0,155,noise,mua,mua,mua,mua,mua,mua,mua,mua,mua,mua,mua,mua,mua,mua,mua,mua,mua
u9,UnitRefine,mouse5_imec0,156,good,good,good,good,good,good,good,good,good,good,good,good,good,good,good,good,good,good
u9,UnitRefine,mouse5_imec0,157,good,good,good,mua,good,good,good,good,good,good,good,good,good,good,good,good,good,good
u9,UnitRefine,mouse5_imec0,158,mua,noise,noise,noise,noise,noise,noise,noise,noise,noise,noise,noise,noise,mua,noise,noise,noise,mua
u9,UnitRefine,mouse5_imec0,159,mua,good,good,mua,mua,good,good,mua,mua,mua,mua,mua,mua,mua,good,good,good,mua
u9,UnitRefine,mouse5_imec0,160,mua,mua,mua,mua,mua,mua,mua,mua,mua,mua,mua,mua,mua,mua,mua,mua,mua,mua
u9,UnitRefine,mouse5_imec0,161,mua,mua,mua,mua,mua,mua,mua,mua,mua,mua,mua,mua,mua,mua,mua,mua,mua,mua
u9,UnitRefine,mouse5_imec0,162,mua,mua,mua,mua,mua,mua,mua,mua,mua,mua,mua,mua,mua,mua,mua,mua,mua,mua
u9,UnitRefine,mouse5_imec0,163,mua,mua,mua,mua,mua,mua,mua,mua,mua,mua,mua,mua,mua,mua,mua,mua,mua,mua
u9,UnitRefine,mouse5_imec0,164,mua,mua,mua,mua,mua,mua,mua,mua,mua,mua,mua,mua,mua,mua,mua,mua,mua,mua
u9,UnitRefine,mouse5_imec0,165,mua,mua,mua,mua,mua,mua,mua,mua,mua,mua,mua,mua,mua,mua,mua,mua,mua,mua
u9,UnitRefine,mouse5_imec0,166,mua,mua,mua,mua,noise,good,noise,mua,mua,noise,good,mua,mua,mua,noise,good,noise,noise
u9,UnitRefine,mouse5_imec0,167,noise,noise,noise,noise,noise,noise,noise,noise,noise,noise,noise,noise,noise,mua,noise,mua,noise,mua
u9,UnitRefine,mouse5_imec0,168,noise,noise,noise,noise,noise,noise,noise,noise,noise,noise,noise,noise,noise,noise,noise,noise,noise,noise
u9,UnitRefine,mouse5_imec0,169,mua,noise,mua,noise,noise,noise,noise,mua,mua,mua,good,mua,mua,mua,noise,noise,noise,noise
u9,UnitRefine,mouse5_imec0,170,mua,mua,mua,mua,mua,mua,mua,mua,mua,mua,mua,mua,mua,mua,mua,mua,mua,mua
u9,UnitRefine,mouse5_imec0,171,noise,noise,noise,noise,noise,noise,noise,noise,noise,noise,noise,noise,noise,noise,noise,noise,noise,noise
u9,UnitRefine,mouse5_imec0,172,noise,mua,mua,mua,mua,mua,mua,mua,mua,noise,noise,noise,mua,mua,noise,noise,noise,noise
u9,UnitRefine,mouse5_imec0,173,mua,mua,mua,mua,mua,good,mua,mua,mua,good,good,good,mua,mua,mua,mua,mua,mua
u9,UnitRefine,mouse5_imec0,174,mua,mua,mua,mua,mua,mua,mua,mua,mua,mua,mua,mua,mua,mua,mua,mua,mua,mua
u9,UnitRefine,mouse5_imec0,175,mua,mua,mua,mua,mua,mua,mua,mua,mua,mua,mua,mua,mua,mua,mua,mua,mua,noise
u9,UnitRefine,mouse5_imec0,176,mua,mua,mua,mua,mua,mua,mua,mua,mua,mua,mua,mua,mua,mua,mua,mua,mua,mua
u9,UnitRefine,mouse5_imec0,177,noise,noise,mua,mua,mua,noise,noise,noise,mua,mua,noise,noise,mua,mua,noise,noise,noise,noise
u9,UnitRefine,mouse5_imec0,178,mua,mua,mua,mua,mua,noise,mua,mua,mua,mua,noise,mua,mua,mua,mua,mua,mua,mua
u9,UnitRefine,mouse5_imec0,179,mua,mua,mua,mua,mua,mua,mua,mua,mua,mua,mua,mua,mua,mua,mua,mua,mua,mua
u9,UnitRefine,mouse5_imec0,180,good,good,good,good,good,good,good,good,good,good,good,good,good,good,good,good,good,good
u9,UnitRefine,mouse5_imec0,181,mua,mua,mua,mua,mua,good,mua,mua,mua,mua,good,mua,mua,mua,mua,good,mua,mua
u9,UnitRefine,mouse5_imec0,182,mua,mua,mua,mua,mua,noise,mua,mua,mua,mua,noise,mua,mua,mua,mua,mua,mua,mua
u9,UnitRefine,mouse5_imec0,183,mua,mua,mua,mua,mua,mua,mua,mua,mua,mua,mua,mua,mua,mua,mua,mua,mua,mua
u9,UnitRefine,mouse5_imec0,184,mua,mua,mua,mua,mua,good,mua,mua,mua,mua,good,mua,mua,mua,mua,good,mua,mua
u9,UnitRefine,mouse5_imec0,185,good,good,good,good,good,good,good,good,good,good,good,good,good,good,good,good,good,good
u9,UnitRefine,mouse5_imec0,186,good,good,good,good,good,good,good,good,good,good,good,good,good,good,good,good,good,good
u9,UnitRefine,mouse5_imec0,187,mua,mua,mua,mua,mua,mua,mua,mua,mua,mua,mua,mua,mua,mua,mua,mua,mua,mua
u9,UnitRefine,mouse5_imec0,188,mua,good,good,good,mua,good,good,good,good,good,good,good,mua,mua,good,good,good,mua
u9,UnitRefine,mouse5_imec0,189,good,good,good,good,good,good,good,good,good,good,good,good,good,good,good,good,good,good
u9,UnitRefine,mouse5_imec0,190,mua,good,good,good,good,good,good,good,good,good,good,good,good,good,good,good,good,mua
u9,UnitRefine,mouse5_imec0,191,mua,mua,mua,mua,mua,mua,mua,mua,mua,good,mua,good,mua,mua,mua,mua,mua,mua
u9,UnitRefine,mouse5_imec0,192,mua,mua,mua,mua,good,mua,mua,mua,mua,good,mua,good,mua,mua,mua,mua,mua,mua
u9,UnitRefine,mouse5_imec0,193,mua,mua,mua,mua,good,good,good,mua,mua,good,good,good,mua,mua,mua,good,mua,mua
u9,UnitRefine,mouse5_imec0,194,mua,mua,mua,mua,mua,mua,mua,mua,mua,mua,mua,mua,mua,mua,mua,mua,mua,mua
u9,UnitRefine,mouse5_imec0,195,mua,mua,mua,mua,mua,good,mua,mua,mua,mua,good,mua,mua,mua,mua,good,mua,mua
u9,UnitRefine,mouse5_imec0,196,good,good,good,good,good,good,good,good,good,good,good,good,good,good,good,good,good,good
u9,UnitRefine,mouse5_imec0,197,mua,good,good,good,good,good,good,good,good,good,good,good,good,mua,good,good,good,mua
u9,UnitRefine,mouse5_imec0,198,mua,good,good,good,good,good,good,good,good,good,good,good,good,good,good,good,good,good
u9,UnitRefine,mouse5_imec0,200,good,good,good,good,good,good,good,good,good,good,good,good,good,good,good,good,good,good
u9,UnitRefine,mouse5_imec0,201,mua,mua,good,mua,good,good,good,mua,mua,good,good,good,mua,mua,mua,good,good,mua
u9,UnitRefine,mouse5_imec0,202,mua,noise,mua,mua,noise,noise,noise,noise,noise,mua,noise,noise,mua,mua,mua,noise,mua,mua
u9,UnitRefine,mouse5_imec0,203,mua,good,mua,mua,good,mua,good,good,good,good,good,good,mua,mua,mua,mua,mua,mua
u9,UnitRefine,mouse5_imec0,204,mua,good,good,good,good,good,good,good,good,good,good,good,good,good,good,good,good,good
u9,UnitRefine,mouse5_imec0,205,mua,mua,mua,mua,mua,mua,mua,mua,mua,mua,mua,mua,mua,mua,mua,mua,mua,mua
u9,UnitRefine,mouse5_imec0,206,mua,good,good,good,good,good,good,good,good,good,good,good,good,good,good,good,good,good
u9,UnitRefine,mouse5_imec0,207,mua,good,good,good,good,noise,good,good,good,good,noise,good,good,good,good,noise,good,good
u9,UnitRefine,mouse5_imec0,208,mua,good,mua,good,good,good,good,mua,good,mua,mua,mua,good,good,good,good,good,good
u9,UnitRefine,mouse5_imec0,209,mua,mua,good,mua,good,good,good,good,mua,good,mua,good,good,mua,good,good,good,mua
u9,UnitRefine,mouse5_imec0,212,mua,mua,mua,mua,mua,mua,mua,mua,mua,mua,mua,mua,mua,mua,mua,mua,mua,mua
u9,UnitRefine,mouse5_imec0,213,mua,mua,mua,mua,mua,good,mua,mua,mua,mua,mua,mua,mua,mua,mua,mua,mua,mua
u9,UnitRefine,mouse5_imec0,214,mua,mua,mua,mua,mua,mua,mua,mua,mua,mua,mua,mua,mua,mua,mua,mua,mua,mua
u9,UnitRefine,mouse5_imec0,215,mua,mua,mua,mua,mua,good,mua,mua,mua,mua,good,mua,mua,mua,mua,good,mua,mua
u9,UnitRefine,mouse5_imec0,216,mua,mua,mua,good,mua,good,good,mua,mua,mua,good,mua,mua,mua,mua,mua,mua,mua
u9,UnitRefine,mouse5_imec0,217,mua,mua,mua,mua,mua,good,mua,mua,mua,mua,mua,mua,mua,mua,mua,good,mua,mua
u9,UnitRefine,mouse5_imec0,218,mua,mua,mua,mua,mua,mua,mua,mua,mua,mua,mua,mua,mua,mua,mua,mua,mua,mua
u9,UnitRefine,mouse5_imec0,219,mua,good,good,good,good,good,good,good,mua,good,good,good,mua,mua,good,good,good,mua
u9,UnitRefine,mouse5_imec0,220,mua,noise,noise,noise,noise,noise,noise,noise,noise,noise,noise,noise,noise,noise,noise,noise,noise,noise
u9,UnitRefine,mouse5_imec0,221,good,good,good,good,good,good,good,good,good,good,good,good,good,good,good,good,good,good
u9,UnitRefine,mouse5_imec0,222,noise,good,good,good,good,noise,good,good,good,good,noise,good,mua,mua,good,noise,good,mua
u9,UnitRefine,mouse5_imec0,224,mua,mua,mua,mua,mua,noise,mua,mua,mua,mua,mua,mua,mua,mua,mua,mua,mua,mua
u9,UnitRefine,mouse5_imec0,225,mua,mua,mua,mua,mua,mua,mua,mua,mua,mua,mua,mua,mua,mua,mua,mua,mua,mua
u9,UnitRefine,mouse5_imec0,226,mua,mua,mua,mua,mua,mua,mua,mua,mua,mua,mua,mua,mua,mua,mua,mua,mua,mua
u9,UnitRefine,mouse5_imec0,227,mua,mua,mua,mua,mua,mua,mua,mua,mua,mua,mua,mua,mua,mua,mua,mua,mua,mua
u9,UnitRefine,mouse5_imec0,228,mua,mua,mua,mua,mua,mua,mua,mua,mua,mua,mua,mua,mua,mua,mua,mua,mua,mua
u9,UnitRefine,mouse5_imec0,229,mua,mua,mua,mua,mua,mua,mua,mua,mua,mua,mua,mua,mua,mua,mua,mua,mua,mua
u9,UnitRefine,mouse5_imec0,230,good,good,good,good,good,good,good,good,good,good,good,good,good,good,good,good,good,good
u9,UnitRefine,mouse5_imec0,231,mua,mua,mua,mua,mua,mua,mua,mua,mua,mua,mua,mua,mua,mua,mua,mua,mua,mua
u9,UnitRefine,mouse5_imec0,232,good,good,good,good,good,good,good,good,good,good,good,good,good,good,good,good,good,good
u9,UnitRefine,mouse5_imec0,233,mua,mua,mua,mua,mua,mua,mua,mua,mua,mua,mua,mua,mua,mua,mua,mua,mua,mua
u9,UnitRefine,mouse5_imec0,234,mua,mua,mua,mua,mua,mua,mua,mua,mua,mua,mua,mua,mua,mua,mua,mua,mua,mua
u9,UnitRefine,mouse5_imec0,235,good,good,good,good,good,good,good,good,good,good,good,good,good,good,good,good,good,good
u9,UnitRefine,mouse5_imec0,237,mua,mua,mua,mua,mua,mua,mua,mua,mua,mua,mua,mua,mua,mua,mua,mua,mua,mua
u9,UnitRefine,mouse5_imec0,238,mua,mua,mua,mua,mua,mua,mua,mua,mua,mua,mua,mua,mua,mua,mua,mua,mua,mua
u9,UnitRefine,mouse5_imec0,239,mua,mua,mua,mua,mua,mua,mua,mua,mua,mua,mua,mua,mua,mua,mua,mua,mua,mua
u9,UnitRefine,mouse5_imec0,240,mua,mua,mua,mua,mua,mua,mua,mua,mua,mua,mua,mua,mua,mua,mua,mua,mua,mua
u9,UnitRefine,mouse5_imec0,241,mua,mua,mua,mua,mua,mua,mua,mua,mua,mua,mua,mua,mua,mua,mua,mua,mua,mua
u9,UnitRefine,mouse5_imec0,242,mua,mua,mua,mua,mua,mua,mua,mua,mua,mua,mua,mua,mua,mua,mua,mua,mua,mua
u9,UnitRefine,mouse5_imec0,243,mua,mua,mua,mua,mua,good,mua,mua,mua,mua,good,mua,mua,mua,mua,good,mua,mua
u9,UnitRefine,mouse5_imec0,244,mua,mua,mua,mua,mua,mua,mua,mua,mua,mua,mua,mua,mua,mua,mua,mua,mua,mua
u9,UnitRefine,mouse5_imec0,245,mua,good,good,good,good,good,good,good,good,good,good,good,good,good,good,good,good,good
u9,UnitRefine,mouse5_imec0,246,mua,mua,mua,mua,mua,mua,mua,mua,mua,mua,mua,mua,mua,mua,mua,mua,mua,mua
u9,UnitRefine,mouse5_imec0,247,mua,mua,mua,mua,mua,mua,mua,mua,mua,mua,mua,mua,mua,mua,mua,mua,mua,mua
u9,UnitRefine,mouse5_imec0,248,mua,mua,mua,mua,mua,mua,mua,mua,mua,mua,mua,mua,mua,mua,mua,mua,mua,mua
u9,UnitRefine,mouse5_imec0,249,mua,mua,mua,mua,mua,mua,mua,mua,mua,mua,mua,mua,mua,mua,mua,mua,mua,mua
u9,UnitRefine,mouse5_imec0,250,mua,mua,mua,mua,mua,mua,mua,mua,mua,mua,mua,mua,mua,mua,mua,mua,mua,mua
u9,UnitRefine,mouse5_imec0,251,noise,noise,noise,noise,noise,noise,noise,noise,mua,noise,noise,noise,noise,noise,noise,noise,noise,noise
u9,UnitRefine,mouse5_imec0,252,mua,mua,mua,mua,mua,mua,mua,mua,mua,mua,mua,mua,mua,mua,mua,mua,mua,mua
u9,UnitRefine,mouse5_imec0,253,mua,mua,mua,mua,mua,mua,mua,mua,mua,mua,mua,mua,mua,mua,mua,mua,mua,mua
u9,UnitRefine,mouse5_imec0,254,mua,mua,mua,mua,mua,mua,mua,mua,mua,mua,mua,mua,mua,mua,mua,mua,mua,mua
u9,UnitRefine,mouse5_imec0,255,mua,mua,mua,mua,mua,mua,mua,mua,mua,mua,mua,mua,mua,mua,mua,mua,mua,mua
u9,UnitRefine,mouse5_imec0,256,mua,mua,mua,mua,mua,mua,mua,mua,mua,mua,mua,mua,mua,mua,mua,mua,mua,mua
u9,UnitRefine,mouse5_imec0,257,mua,mua,mua,mua,mua,mua,mua,mua,mua,mua,mua,mua,mua,mua,mua,mua,mua,mua
u9,UnitRefine,mouse5_imec0,258,mua,mua,mua,mua,mua,mua,mua,mua,mua,mua,mua,mua,mua,mua,mua,mua,mua,mua
u9,UnitRefine,mouse5_imec0,259,mua,mua,mua,mua,mua,mua,mua,mua,mua,mua,mua,mua,mua,mua,mua,mua,mua,mua
u9,UnitRefine,mouse5_imec0,260,mua,mua,mua,mua,mua,mua,mua,mua,mua,mua,mua,mua,mua,mua,mua,mua,mua,mua
u9,UnitRefine,mouse5_imec0,261,noise,noise,noise,noise,noise,noise,noise,noise,noise,noise,noise,noise,noise,noise,noise,noise,noise,noise
u9,UnitRefine,mouse5_imec0,262,mua,mua,mua,mua,mua,mua,mua,mua,mua,mua,mua,mua,mua,mua,mua,mua,mua,mua
u9,UnitRefine,mouse5_imec0,263,mua,mua,mua,mua,mua,mua,mua,mua,mua,mua,mua,mua,mua,mua,mua,mua,mua,mua
u9,UnitRefine,mouse5_imec0,264,mua,mua,mua,mua,mua,mua,mua,mua,mua,mua,mua,mua,mua,mua,mua,mua,mua,mua
u9,UnitRefine,mouse5_imec0,265,mua,mua,mua,mua,mua,mua,mua,mua,mua,mua,mua,mua,mua,mua,mua,mua,mua,mua
u9,UnitRefine,mouse5_imec0,266,mua,mua,mua,mua,mua,mua,mua,mua,mua,mua,mua,mua,mua,mua,mua,mua,mua,mua
u9,UnitRefine,mouse5_imec0,267,mua,mua,mua,mua,mua,mua,mua,mua,mua,mua,mua,mua,mua,mua,mua,mua,mua,mua
u9,UnitRefine,mouse5_imec0,268,mua,mua,mua,mua,mua,mua,mua,mua,mua,mua,mua,mua,mua,mua,mua,mua,mua,mua
u9,UnitRefine,mouse5_imec0,269,mua,mua,mua,mua,mua,mua,mua,mua,mua,mua,mua,mua,mua,mua,mua,mua,mua,mua
u9,UnitRefine,mouse5_imec0,270,mua,noise,noise,mua,noise,mua,noise,noise,mua,noise,mua,noise,mua,mua,mua,mua,mua,mua
u9,UnitRefine,mouse5_imec0,271,mua,good,good,good,good,good,good,good,good,good,good,good,mua,good,mua,good,good,mua
u9,UnitRefine,mouse5_imec0,272,noise,noise,noise,noise,noise,noise,noise,noise,noise,noise,noise,noise,noise,noise,noise,noise,noise,noise
u9,UnitRefine,mouse5_imec0,273,noise,mua,mua,mua,mua,mua,mua,mua,mua,mua,mua,mua,mua,mua,mua,mua,mua,mua
u9,UnitRefine,mouse5_imec0,274,mua,mua,mua,mua,mua,mua,mua,mua,mua,mua,mua,mua,mua,mua,mua,mua,mua,mua
u9,UnitRefine,mouse5_imec0,275,mua,mua,mua,mua,mua,mua,mua,mua,mua,mua,mua,mua,mua,mua,mua,mua,mua,mua
u9,UnitRefine,mouse5_imec0,276,mua,noise,noise,noise,noise,noise,noise,noise,noise,noise,noise,noise,noise,noise,noise,noise,noise,noise
u9,UnitRefine,mouse5_imec0,277,mua,noise,mua,mua,mua,noise,mua,mua,noise,noise,noise,noise,noise,mua,mua,noise,mua,mua
u9,UnitRefine,mouse5_imec0,278,noise,noise,noise,noise,noise,mua,noise,noise,noise,noise,noise,noise,noise,noise,noise,noise,noise,noise
u9,UnitRefine,mouse5_imec0,279,mua,mua,mua,mua,mua,mua,mua,mua,mua,mua,mua,mua,mua,mua,mua,mua,mua,mua
u9,UnitRefine,mouse5_imec0,280,mua,mua,mua,mua,mua,mua,mua,mua,mua,mua,mua,mua,mua,mua,mua,mua,mua,mua
u9,UnitRefine,mouse5_imec0,281,noise,noise,noise,noise,noise,noise,noise,noise,noise,noise,noise,noise,noise,noise,noise,noise,noise,noise
u9,UnitRefine,mouse5_imec0,282,mua,mua,mua,mua,mua,mua,mua,mua,mua,mua,mua,mua,mua,mua,mua,mua,mua,mua
u9,UnitRefine,mouse5_imec0,283,noise,mua,mua,mua,mua,mua,mua,mua,mua,mua,mua,mua,mua,mua,mua,mua,mua,mua
u9,UnitRefine,mouse5_imec0,284,mua,mua,mua,mua,mua,mua,mua,mua,mua,mua,mua,mua,mua,mua,mua,mua,mua,mua
u9,UnitRefine,mouse5_imec0,285,noise,mua,mua,mua,mua,noise,mua,mua,mua,mua,noise,mua,mua,mua,mua,mua,mua,mua
u9,UnitRefine,mouse5_imec0,286,noise,noise,noise,noise,noise,noise,noise,noise,noise,noise,noise,noise,noise,noise,noise,noise,noise,noise
u9,UnitRefine,mouse5_imec0,287,noise,mua,mua,mua,mua,mua,mua,mua,mua,mua,mua,mua,mua,mua,mua,mua,mua,mua
u9,UnitRefine,mouse5_imec0,288,noise,noise,noise,mua,mua,mua,mua,noise,mua,mua,noise,mua,noise,mua,mua,mua,mua,noise
u9,UnitRefine,mouse5_imec0,289,noise,mua,mua,mua,mua,mua,mua,mua,mua,mua,mua,mua,mua,mua,mua,mua,mua,mua
u9,UnitRefine,mouse5_imec0,290,mua,mua,mua,mua,mua,mua,mua,mua,mua,mua,mua,mua,mua,mua,mua,mua,mua,mua
u9,UnitRefine,mouse5_imec0,291,noise,noise,noise,noise,mua,noise,mua,noise,noise,mua,noise,mua,noise,mua,noise,noise,noise,noise
u9,UnitRefine,mouse5_imec0,292,noise,mua,mua,mua,mua,mua,mua,mua,mua,mua,mua,mua,mua,mua,mua,mua,mua,mua
u9,UnitRefine,mouse5_imec0,293,mua,mua,mua,mua,mua,mua,mua,mua,mua,mua,mua,mua,mua,mua,mua,mua,mua,mua
u9,UnitRefine,mouse5_imec0,294,mua,good,good,good,good,good,good,good,good,good,good,good,good,good,good,good,good,good
u9,UnitRefine,mouse5_imec0,295,noise,noise,noise,noise,noise,noise,noise,noise,noise,noise,noise,noise,noise,noise,noise,noise,noise,noise
u9,UnitRefine,mouse5_imec0,296,mua,mua,mua,mua,mua,mua,mua,mua,mua,mua,mua,mua,mua,mua,mua,mua,mua,mua
u9,UnitRefine,mouse5_imec0,297,mua,mua,mua,mua,mua,mua,mua,mua,mua,mua,mua,mua,mua,mua,mua,mua,mua,mua
u9,UnitRefine,mouse5_imec0,298,noise,mua,mua,mua,mua,mua,mua,mua,mua,mua,mua,mua,mua,mua,mua,mua,mua,mua
u9,UnitRefine,mouse5_imec0,299,noise,noise,mua,mua,noise,mua,mua,noise,mua,noise,mua,noise,mua,mua,mua,mua,mua,noise
u9,UnitRefine,mouse5_imec0,300,noise,noise,noise,noise,noise,noise,noise,noise,noise,noise,noise,noise,noise,noise,noise,noise,noise,noise
u9,UnitRefine,mouse5_imec0,301,noise,mua,mua,mua,mua,noise,mua,mua,mua,mua,noise,mua,mua,mua,mua,mua,mua,mua
u9,UnitRefine,mouse5_imec0,302,noise,mua,mua,mua,mua,noise,mua,mua,mua,mua,noise,mua,mua,mua,mua,mua,mua,mua
u9,UnitRefine,mouse5_imec0,303,noise,noise,noise,noise,noise,noise,noise,noise,noise,noise,noise,noise,noise,noise,noise,noise,noise,noise
u9,UnitRefine,mouse5_imec0,304,mua,mua,mua,mua,mua,mua,mua,mua,mua,mua,mua,mua,mua,mua,mua,mua,mua,mua
u9,UnitRefine,mouse5_imec0,305,noise,mua,mua,mua,mua,mua,mua,mua,mua,mua,mua,mua,mua,mua,mua,mua,mua,mua
u9,UnitRefine,mouse5_imec0,306,noise,mua,mua,mua,mua,mua,mua,mua,mua,mua,mua,mua,mua,mua,mua,mua,mua,mua
u9,UnitRefine,mouse5_imec0,307,noise,mua,mua,mua,mua,mua,mua,mua,mua,mua,mua,mua,mua,mua,mua,mua,mua,mua
u9,UnitRefine,mouse5_imec0,308,noise,mua,mua,mua,mua,mua,mua,mua,mua,mua,mua,mua,mua,mua,mua,mua,mua,mua
u9,UnitRefine,mouse5_imec0,309,noise,mua,mua,mua,mua,mua,mua,mua,mua,mua,mua,mua,mua,mua,mua,mua,mua,mua
u9,UnitRefine,mouse5_imec0,310,noise,noise,mua,mua,mua,mua,mua,mua,mua,mua,mua,mua,noise,noise,noise,mua,noise,noise
u9,UnitRefine,mouse5_imec0,311,mua,mua,mua,mua,mua,mua,mua,mua,mua,mua,mua,mua,mua,mua,mua,mua,mua,mua
u9,UnitRefine,mouse5_imec0,312,noise,noise,noise,mua,noise,noise,noise,noise,noise,noise,noise,noise,noise,noise,noise,noise,noise,noise
u9,UnitRefine,mouse5_imec0,313,noise,noise,noise,noise,noise,noise,noise,noise,noise,noise,noise,noise,noise,noise,noise,noise,noise,noise
u9,UnitRefine,mouse5_imec0,314,noise,mua,mua,mua,mua,noise,mua,mua,mua,mua,noise,mua,mua,mua,mua,mua,mua,mua
u9,UnitRefine,mouse5_imec0,315,mua,mua,mua,mua,mua,mua,mua,mua,mua,mua,mua,mua,mua,mua,mua,mua,mua,mua
u9,UnitRefine,mouse5_imec0,316,mua,mua,mua,mua,mua,mua,mua,mua,mua,mua,mua,mua,mua,mua,mua,mua,mua,mua
u9,UnitRefine,mouse5_imec0,317,noise,noise,noise,noise,noise,noise,noise,noise,noise,noise,noise,noise,noise,noise,noise,noise,noise,noise
u9,UnitRefine,mouse5_imec0,318,mua,mua,mua,mua,mua,mua,mua,mua,mua,mua,mua,mua,mua,mua,mua,mua,mua,mua
u9,UnitRefine,mouse5_imec0,319,mua,mua,mua,mua,mua,mua,mua,mua,mua,mua,mua,mua,mua,mua,mua,mua,mua,mua
u9,UnitRefine,mouse5_imec0,320,mua,mua,mua,mua,mua,mua,mua,mua,mua,mua,mua,mua,mua,mua,mua,mua,mua,mua
u9,UnitRefine,mouse5_imec0,321,noise,noise,noise,mua,mua,noise,mua,noise,noise,noise,noise,noise,noise,mua,noise,noise,noise,noise
u9,UnitRefine,mouse5_imec0,322,noise,mua,mua,mua,mua,noise,mua,mua,mua,mua,noise,mua,mua,mua,mua,mua,mua,mua
u9,UnitRefine,mouse5_imec0,323,noise,mua,mua,mua,mua,mua,mua,mua,mua,mua,mua,mua,mua,mua,mua,mua,mua,mua
u9,UnitRefine,mouse5_imec0,324,noise,noise,noise,noise,noise,noise,noise,noise,noise,noise,noise,noise,noise,noise,noise,noise,noise,noise
u9,UnitRefine,mouse5_imec0,325,mua,mua,mua,mua,mua,mua,mua,mua,mua,mua,mua,mua,mua,mua,mua,mua,mua,mua
u9,UnitRefine,mouse5_imec0,326,mua,mua,mua,mua,mua,mua,mua,mua,mua,mua,mua,mua,mua,mua,mua,mua,mua,mua
u9,UnitRefine,mouse5_imec0,327,noise,mua,mua,mua,mua,mua,mua,mua,mua,mua,noise,mua,mua,mua,mua,mua,mua,mua
u9,UnitRefine,mouse5_imec0,328,noise,mua,mua,mua,mua,mua,mua,mua,mua,mua,mua,mua,mua,mua,mua,mua,mua,mua
u9,UnitRefine,mouse5_imec0,329,noise,noise,mua,mua,mua,mua,mua,noise,mua,mua,noise,mua,mua,mua,noise,mua,noise,noise
u9,UnitRefine,mouse5_imec0,330,noise,mua,mua,mua,mua,mua,mua,mua,mua,mua,mua,mua,mua,mua,mua,mua,mua,mua
u9,UnitRefine,mouse5_imec0,331,mua,mua,mua,mua,mua,mua,mua,mua,mua,mua,mua,mua,mua,mua,mua,mua,mua,mua
u9,UnitRefine,mouse5_imec0,332,noise,noise,noise,noise,noise,noise,noise,noise,noise,noise,noise,noise,noise,noise,noise,mua,noise,noise
u9,UnitRefine,mouse5_imec0,333,noise,mua,mua,mua,mua,mua,mua,mua,mua,mua,mua,mua,noise,noise,mua,noise,mua,noise
u9,UnitRefine,mouse5_imec0,334,noise,mua,mua,mua,mua,mua,mua,mua,mua,mua,mua,mua,mua,mua,mua,mua,mua,mua
u9,UnitRefine,mouse5_imec0,335,noise,noise,noise,noise,noise,noise,noise,noise,noise,noise,noise,noise,noise,noise,noise,noise,noise,noise
u9,UnitRefine,mouse5_imec0,336,noise,mua,mua,mua,mua,mua,mua,mua,mua,mua,mua,mua,mua,mua,mua,mua,mua,mua
u9,UnitRefine,mouse5_imec0,337,noise,noise,noise,noise,noise,noise,noise,noise,noise,noise,noise,noise,noise,noise,noise,mua,mua,mua
u9,UnitRefine,mouse5_imec0,338,mua,mua,mua,mua,mua,noise,mua,mua,mua,mua,mua,mua,mua,mua,mua,mua,mua,mua
u9,UnitRefine,mouse5_imec0,339,noise,mua,mua,mua,mua,mua,mua,mua,mua,mua,mua,mua,mua,mua,mua,mua,mua,mua
u9,UnitRefine,mouse5_imec0,340,noise,mua,mua,mua,mua,mua,mua,mua,mua,mua,noise,mua,mua,noise,mua,mua,mua,mua
u9,UnitRefine,mouse5_imec0,341,noise,noise,noise,noise,noise,noise,noise,noise,noise,noise,noise,noise,noise,noise,noise,noise,noise,noise
u9,UnitRefine,mouse5_imec0,342,noise,noise,noise,noise,noise,noise,noise,noise,noise,noise,noise,noise,noise,noise,noise,noise,noise,noise
u9,UnitRefine,mouse5_imec0,343,noise,mua,mua,mua,mua,mua,mua,mua,mua,mua,mua,mua,mua,mua,mua,mua,mua,mua
u9,UnitRefine,mouse5_imec0,344,noise,noise,noise,mua,mua,mua,mua,noise,mua,noise,noise,noise,noise,mua,noise,mua,noise,noise
u9,UnitRefine,mouse5_imec0,345,mua,mua,mua,mua,mua,mua,mua,mua,mua,mua,mua,mua,mua,mua,mua,mua,mua,mua
u9,UnitRefine,mouse5_imec0,346,noise,mua,mua,mua,mua,mua,mua,mua,mua,mua,mua,mua,mua,mua,mua,mua,mua,mua
u9,UnitRefine,mouse5_imec0,347,good,mua,mua,mua,mua,mua,mua,mua,mua,mua,mua,mua,good,good,good,good,good,good
u9,UnitRefine,mouse5_imec0,348,mua,mua,mua,mua,mua,mua,mua,mua,mua,mua,mua,mua,mua,mua,mua,mua,mua,mua
u9,UnitRefine,mouse5_imec0,349,mua,mua,mua,mua,mua,mua,mua,mua,mua,mua,mua,mua,mua,mua,mua,mua,mua,mua
u9,UnitRefine,mouse5_imec0,350,good,mua,mua,mua,mua,mua,mua,mua,mua,mua,mua,mua,good,good,mua,good,good,good
u9,UnitRefine,mouse5_imec0,351,noise,mua,mua,mua,mua,mua,mua,mua,mua,mua,mua,mua,mua,mua,mua,mua,mua,noise
u9,UnitRefine,mouse5_imec0,352,mua,mua,mua,mua,mua,mua,mua,mua,mua,mua,mua,mua,mua,mua,mua,mua,mua,mua
u9,UnitRefine,mouse5_imec0,353,mua,mua,mua,mua,mua,mua,mua,mua,mua,mua,mua,mua,mua,mua,mua,mua,mua,mua
u9,UnitRefine,mouse5_imec0,354,mua,mua,mua,mua,mua,mua,mua,mua,mua,mua,mua,mua,mua,mua,mua,mua,mua,mua
u9,UnitRefine,mouse5_imec0,355,mua,mua,mua,mua,mua,mua,mua,mua,mua,mua,mua,mua,mua,mua,mua,mua,mua,mua
u9,UnitRefine,mouse5_imec0,356,noise,mua,mua,mua,mua,mua,mua,mua,mua,mua,mua,mua,mua,mua,mua,mua,mua,mua
u9,UnitRefine,mouse5_imec0,357,noise,noise,noise,noise,noise,noise,noise,noise,noise,noise,noise,noise,noise,noise,noise,noise,noise,noise
u9,UnitRefine,mouse5_imec0,358,good,good,good,good,good,noise,good,good,good,good,noise,good,mua,mua,mua,noise,mua,mua
u9,UnitRefine,mouse5_imec0,359,mua,mua,mua,mua,mua,noise,mua,mua,mua,mua,mua,mua,mua,mua,mua,mua,mua,mua
u9,UnitRefine,mouse5_imec0,360,good,good,good,good,good,noise,good,good,good,good,mua,good,good,good,good,mua,good,good
u9,UnitRefine,mouse5_imec0,361,noise,noise,noise,noise,noise,noise,noise,noise,noise,noise,noise,noise,noise,noise,noise,noise,noise,noise
u9,UnitRefine,mouse5_imec0,362,noise,noise,noise,noise,noise,noise,noise,noise,noise,noise,noise,noise,noise,noise,noise,noise,noise,noise
u9,UnitRefine,mouse5_imec0,363,noise,noise,noise,noise,noise,noise,noise,noise,noise,noise,noise,noise,noise,noise,noise,noise,noise,noise
u9,UnitRefine,mouse5_imec0,364,noise,noise,noise,noise,noise,noise,noise,noise,noise,noise,noise,noise,noise,noise,noise,noise,noise,noise
u9,UnitRefine,mouse5_imec0,365,noise,noise,mua,mua,noise,noise,noise,noise,noise,noise,noise,noise,noise,noise,noise,noise,noise,noise
u9,UnitRefine,mouse5_imec0,366,noise,mua,mua,noise,noise,noise,noise,noise,noise,noise,noise,noise,noise,noise,noise,noise,noise,noise
u9,UnitRefine,mouse5_imec0,367,noise,noise,mua,noise,noise,mua,noise,mua,mua,noise,noise,noise,noise,noise,noise,noise,noise,noise
u9,UnitRefine,mouse5_imec0,368,mua,mua,mua,good,good,good,good,mua,mua,mua,good,mua,mua,mua,mua,noise,mua,noise
u9,UnitRefine,mouse5_imec0,369,mua,noise,noise,mua,noise,noise,noise,noise,mua,noise,mua,noise,mua,mua,noise,mua,noise,mua
u9,UnitRefine,mouse5_imec0,370,noise,noise,noise,noise,noise,noise,noise,noise,noise,noise,noise,noise,noise,noise,noise,noise,noise,noise
u9,UnitRefine,mouse5_imec0,371,noise,noise,noise,noise,noise,noise,noise,noise,noise,noise,noise,noise,noise,noise,noise,noise,noise,noise
u9,UnitRefine,mouse5_imec0,372,noise,noise,noise,noise,noise,noise,noise,noise,noise,noise,noise,noise,noise,noise,noise,noise,noise,noise
u9,UnitRefine,mouse5_imec0,373,noise,noise,noise,noise,noise,noise,noise,noise,noise,noise,noise,noise,noise,noise,noise,noise,noise,noise
u9,UnitRefine,mouse5_imec0,374,mua,good,good,good,good,good,good,mua,good,good,good,good,mua,mua,good,good,good,mua
u9,UnitRefine,mouse5_imec0,375,mua,mua,mua,mua,mua,mua,mua,mua,mua,mua,mua,mua,mua,mua,mua,mua,mua,mua
u9,UnitRefine,mouse5_imec0,376,mua,mua,mua,mua,mua,noise,mua,mua,mua,mua,noise,mua,mua,mua,mua,noise,mua,mua
u9,UnitRefine,mouse5_imec0,377,mua,mua,mua,mua,mua,mua,mua,mua,mua,mua,mua,mua,mua,mua,mua,mua,mua,mua
u9,UnitRefine,mouse5_imec0,378,mua,mua,mua,mua,mua,mua,mua,mua,mua,mua,mua,mua,mua,mua,mua,noise,mua,mua
u9,UnitRefine,mouse5_imec0,379,mua,noise,noise,mua,noise,good,noise,mua,mua,noise,good,noise,mua,mua,noise,noise,noise,mua
u9,UnitRefine,mouse5_imec0,380,mua,mua,mua,mua,mua,noise,mua,mua,mua,mua,noise,mua,mua,mua,mua,noise,mua,mua
u9,UnitRefine,mouse5_imec0,381,noise,noise,noise,noise,noise,noise,noise,noise,noise,noise,noise,noise,noise,noise,noise,noise,noise,noise
u9,UnitRefine,mouse5_imec0,382,good,good,good,good,good,good,good,good,good,good,good,good,good,good,good,good,good,good
u9,UnitRefine,mouse5_imec0,383,mua,mua,mua,mua,mua,noise,mua,mua,mua,mua,mua,mua,mua,mua,mua,mua,mua,mua
u9,UnitRefine,mouse5_imec0,384,mua,mua,mua,mua,mua,mua,mua,mua,mua,mua,mua,mua,mua,mua,mua,mua,mua,mua
u9,UnitRefine,mouse5_imec0,385,mua,mua,mua,mua,mua,mua,mua,mua,mua,mua,mua,mua,mua,mua,mua,mua,mua,mua
u9,UnitRefine,mouse5_imec0,386,mua,good,mua,good,good,good,good,mua,mua,mua,good,mua,mua,mua,mua,good,mua,mua
u9,UnitRefine,mouse5_imec0,387,good,good,good,good,good,good,good,good,good,good,good,good,good,good,good,good,good,good
u9,UnitRefine,mouse5_imec0,388,mua,mua,mua,mua,mua,good,mua,mua,mua,mua,mua,mua,mua,mua,mua,mua,mua,mua
u9,UnitRefine,mouse5_imec0,389,good,good,good,good,good,good,good,good,good,good,good,good,good,good,good,good,good,good
u9,UnitRefine,mouse5_imec0,390,mua,mua,mua,mua,mua,mua,mua,mua,mua,mua,mua,mua,mua,mua,mua,mua,mua,mua
u9,UnitRefine,mouse5_imec0,391,mua,good,good,good,good,good,good,good,good,good,good,good,mua,mua,good,good,good,mua
u9,UnitRefine,mouse5_imec0,392,mua,mua,mua,mua,mua,mua,mua,mua,mua,mua,mua,mua,mua,mua,noise,mua,mua,noise
u9,UnitRefine,mouse5_imec0,393,mua,mua,mua,mua,mua,mua,mua,mua,mua,mua,mua,mua,mua,mua,mua,noise,mua,noise
u9,UnitRefine,mouse5_imec0,394,mua,mua,mua,mua,mua,noise,mua,mua,mua,mua,noise,mua,mua,mua,mua,mua,mua,mua
u9,UnitRefine,mouse5_imec0,395,mua,mua,mua,mua,mua,mua,mua,mua,mua,mua,mua,mua,mua,mua,mua,mua,mua,mua
u9,UnitRefine,mouse5_imec0,396,mua,good,good,good,good,good,good,good,good,good,good,good,mua,mua,good,good,good,mua
u9,UnitRefine,mouse5_imec0,397,good,good,good,good,good,good,good,good,good,good,good,good,good,good,good,good,good,good
u9,UnitRefine,mouse5_imec0,398,mua,mua,mua,mua,good,good,good,mua,mua,good,good,good,mua,mua,good,good,good,mua
u9,UnitRefine,mouse5_imec0,399,noise,noise,noise,noise,noise,mua,noise,noise,mua,noise,mua,noise,mua,mua,mua,mua,mua,mua
u9,UnitRefine,mouse5_imec0,400,noise,mua,mua,mua,mua,noise,mua,mua,mua,mua,mua,mua,mua,mua,mua,mua,mua,mua
u9,UnitRefine,mouse5_imec0,401,mua,good,mua,good,good,good,good,mua,good,good,good,good,good,good,good,mua,good,good
u9,UnitRefine,mouse5_imec0,402,mua,mua,mua,mua,mua,mua,mua,mua,mua,mua,mua,mua,mua,mua,mua,mua,mua,mua
u9,UnitRefine,mouse5_imec0,403,mua,mua,mua,mua,mua,mua,mua,mua,mua,mua,mua,mua,mua,mua,mua,mua,mua,noise
u9,UnitRefine,mouse5_imec0,404,noise,mua,mua,mua,mua,noise,mua,mua,mua,mua,mua,mua,mua,mua,mua,mua,mua,mua
u9,UnitRefine,mouse5_imec0,406,mua,mua,mua,mua,mua,mua,mua,mua,mua,mua,mua,mua,mua,mua,mua,mua,mua,mua
u9,UnitRefine,mouse5_imec0,407,mua,mua,mua,good,mua,good,mua,mua,mua,mua,good,mua,mua,mua,mua,mua,mua,mua
u9,UnitRefine,mouse5_imec0,408,mua,mua,mua,mua,mua,mua,mua,mua,mua,mua,mua,mua,mua,mua,mua,mua,mua,mua
u9,UnitRefine,mouse5_imec0,409,noise,mua,good,mua,good,good,good,mua,mua,good,mua,good,good,good,good,good,good,good
u9,UnitRefine,mouse5_imec0,410,mua,mua,mua,mua,mua,mua,mua,mua,mua,mua,mua,mua,mua,mua,mua,mua,mua,mua
u9,UnitRefine,mouse5_imec0,411,mua,mua,mua,mua,mua,good,mua,mua,good,mua,good,good,mua,mua,mua,good,mua,mua
u9,UnitRefine,mouse5_imec0,412,mua,mua,mua,mua,mua,mua,mua,mua,mua,mua,mua,mua,mua,mua,mua,mua,mua,mua
u9,UnitRefine,mouse5_imec0,413,mua,mua,mua,mua,mua,mua,mua,mua,mua,mua,mua,mua,mua,mua,mua,mua,mua,mua
u9,UnitRefine,mouse5_imec0,414,mua,mua,mua,mua,mua,mua,mua,mua,mua,mua,mua,mua,mua,mua,mua,mua,mua,mua
u9,UnitRefine,mouse5_imec0,415,mua,mua,mua,mua,mua,good,mua,mua,mua,mua,mua,mua,mua,mua,mua,noise,mua,mua
u9,UnitRefine,mouse5_imec0,416,noise,mua,mua,mua,mua,mua,mua,mua,mua,noise,noise,mua,mua,mua,mua,noise,mua,noise
u9,UnitRefine,mouse5_imec0,417,noise,noise,noise,mua,noise,noise,noise,noise,mua,noise,noise,noise,noise,mua,noise,noise,noise,mua
u9,UnitRefine,mouse5_imec0,418,mua,mua,mua,mua,mua,good,mua,mua,mua,mua,good,mua,mua,mua,mua,mua,mua,mua
u9,UnitRefine,mouse5_imec0,420,mua,mua,mua,good,mua,good,good,mua,mua,mua,good,mua,mua,mua,mua,good,good,mua
u9,UnitRefine,mouse5_imec0,421,mua,mua,mua,mua,mua,mua,mua,mua,mua,mua,mua,mua,mua,mua,mua,mua,mua,mua
u9,UnitRefine,mouse5_imec0,422,noise,mua,mua,mua,mua,good,mua,mua,mua,mua,good,mua,mua,mua,mua,mua,mua,mua
u9,UnitRefine,mouse5_imec0,423,noise,mua,mua,mua,mua,mua,mua,mua,mua,mua,mua,mua,mua,mua,mua,mua,mua,mua
u9,UnitRefine,mouse5_imec0,424,noise,mua,mua,mua,mua,noise,mua,mua,mua,mua,mua,mua,mua,mua,mua,mua,mua,mua
u9,UnitRefine,mouse5_imec0,425,mua,mua,mua,mua,mua,mua,mua,mua,mua,mua,mua,mua,mua,mua,mua,mua,mua,mua
u9,UnitRefine,mouse5_imec0,427,mua,noise,noise,mua,mua,mua,mua,mua,mua,mua,noise,mua,mua,mua,mua,noise,mua,mua
u9,UnitRefine,mouse5_imec0,428,mua,mua,mua,mua,mua,good,mua,mua,mua,mua,mua,mua,mua,mua,mua,mua,mua,mua
u9,UnitRefine,mouse5_imec0,429,mua,mua,mua,mua,mua,good,mua,mua,mua,mua,good,mua,mua,mua,good,good,good,mua
u9,UnitRefine,mouse5_imec0,430,mua,good,good,good,good,good,good,good,good,good,good,good,mua,mua,good,mua,good,mua
u9,UnitRefine,mouse5_imec0,431,noise,mua,mua,mua,mua,mua,mua,good,mua,good,mua,good,good,mua,mua,mua,mua,mua
u9,UnitRefine,mouse5_imec0,432,mua,mua,noise,noise,mua,mua,mua,mua,mua,mua,noise,mua,mua,mua,mua,noise,mua,mua
u9,UnitRefine,mouse5_imec0,433,good,good,good,good,good,mua,good,good,mua,good,good,good,good,good,good,good,good,good
u9,UnitRefine,mouse5_imec0,435,noise,mua,mua,mua,mua,mua,mua,mua,mua,mua,mua,mua,mua,mua,mua,mua,mua,mua
u9,UnitRefine,mouse5_imec0,436,mua,mua,mua,mua,mua,mua,mua,mua,mua,mua,mua,mua,mua,mua,mua,mua,mua,mua
u9,UnitRefine,mouse5_imec0,437,mua,good,good,good,good,good,good,good,good,good,good,good,good,mua,good,good,good,mua
u9,UnitRefine,mouse5_imec0,438,good,mua,mua,mua,mua,mua,mua,mua,mua,mua,mua,mua,good,mua,mua,mua,mua,mua
u9,UnitRefine,mouse5_imec0,439,mua,good,good,good,good,good,good,good,good,good,good,good,good,good,good,good,good,good
u9,UnitRefine,mouse5_imec0,440,good,good,good,good,good,good,good,good,good,good,good,good,good,good,good,good,good,good
u9,UnitRefine,mouse5_imec0,441,mua,mua,mua,mua,mua,mua,mua,mua,mua,mua,noise,mua,mua,mua,mua,mua,mua,mua
u9,UnitRefine,mouse5_imec0,442,mua,good,good,mua,good,good,good,good,mua,good,good,good,good,good,good,good,good,mua
u9,UnitRefine,mouse5_imec0,443,noise,mua,mua,mua,mua,mua,mua,mua,mua,mua,mua,mua,mua,mua,mua,mua,mua,mua
u9,UnitRefine,mouse5_imec0,444,mua,mua,mua,mua,mua,mua,mua,mua,mua,mua,mua,mua,mua,mua,mua,mua,mua,mua
u9,UnitRefine,mouse5_imec0,445,good,good,good,good,good,good,good,good,good,good,good,good,good,good,good,good,good,good
u9,UnitRefine,mouse5_imec0,446,mua,mua,mua,mua,mua,mua,mua,mua,mua,mua,mua,mua,mua,mua,mua,mua,mua,mua
u9,UnitRefine,mouse5_imec0,447,mua,mua,mua,mua,mua,noise,mua,mua,mua,noise,noise,noise,mua,mua,noise,noise,noise,noise
u9,UnitRefine,mouse5_imec0,448,good,good,good,good,good,good,good,good,good,good,good,good,good,good,good,good,good,good
u9,UnitRefine,mouse5_imec0,449,mua,mua,mua,mua,mua,mua,mua,mua,mua,mua,mua,mua,mua,mua,mua,mua,mua,mua
u9,UnitRefine,mouse5_imec0,450,mua,good,good,good,good,good,good,mua,mua,mua,good,mua,mua,mua,mua,mua,mua,mua
u9,UnitRefine,mouse5_imec0,451,mua,good,mua,mua,good,good,good,mua,mua,good,good,good,mua,mua,mua,mua,mua,mua
u9,UnitRefine,mouse5_imec0,452,mua,good,good,good,good,good,good,good,good,good,mua,good,good,mua,mua,mua,mua,mua
u9,UnitRefine,mouse5_imec0,453,mua,good,good,mua,good,good,good,good,mua,good,good,good,mua,mua,good,mua,mua,good
u9,UnitRefine,mouse5_imec0,454,good,good,good,good,good,good,good,good,good,good,good,good,good,good,good,good,good,good
u9,UnitRefine,mouse5_imec0,455,good,good,good,good,good,good,good,good,good,good,good,good,good,good,good,good,good,good
u9,UnitRefine,mouse5_imec0,456,mua,good,good,good,good,good,good,good,good,good,good,good,mua,mua,good,mua,mua,mua
u9,UnitRefine,mouse5_imec0,457,good,good,good,good,good,good,good,good,good,good,good,good,good,good,good,good,good,good
u9,UnitRefine,mouse5_imec0,458,mua,good,good,good,good,good,good,good,good,good,good,good,good,good,good,good,good,mua
u9,UnitRefine,mouse5_imec0,459,good,good,good,good,good,good,good,good,good,good,good,good,good,good,good,good,good,good
u9,UnitRefine,mouse5_imec0,460,mua,good,good,good,good,good,good,good,good,good,good,good,good,good,good,good,good,good
u9,UnitRefine,mouse5_imec0,461,mua,good,good,good,good,good,good,good,good,good,good,good,good,good,good,good,good,mua
u9,UnitRefine,mouse5_imec0,462,mua,good,good,good,good,good,good,good,good,good,good,good,mua,mua,mua,mua,mua,mua
u9,UnitRefine,mouse5_imec0,463,mua,mua,mua,mua,mua,mua,mua,mua,mua,mua,mua,mua,mua,mua,mua,good,mua,mua
u9,UnitRefine,mouse5_imec0,464,mua,noise,noise,mua,noise,noise,noise,noise,mua,noise,noise,noise,noise,mua,noise,noise,noise,noise
u9,UnitRefine,mouse5_imec0,465,mua,mua,good,mua,mua,good,mua,good,mua,mua,good,mua,good,good,good,good,good,good
u9,UnitRefine,mouse5_imec0,466,mua,mua,mua,mua,mua,good,mua,mua,mua,mua,mua,mua,mua,mua,mua,mua,mua,mua
u9,UnitRefine,mouse5_imec0,467,mua,good,good,good,good,good,good,good,good,good,good,good,good,good,good,good,good,good
u9,UnitRefine,mouse5_imec0,468,good,good,good,good,good,good,good,good,good,good,good,good,good,good,good,good,good,good
u9,UnitRefine,mouse5_imec0,469,mua,mua,mua,mua,mua,good,mua,mua,mua,mua,good,mua,mua,mua,mua,mua,mua,mua
u9,UnitRefine,mouse5_imec0,470,mua,mua,mua,mua,mua,mua,mua,mua,mua,good,mua,good,mua,mua,good,noise,good,noise
u9,UnitRefine,mouse5_imec0,471,mua,good,good,good,good,good,good,good,good,good,good,good,good,good,good,mua,good,mua
u9,UnitRefine,mouse5_imec0,472,good,good,good,good,good,good,good,good,good,good,good,good,good,good,good,good,good,good
u9,UnitRefine,mouse5_imec0,473,good,good,good,good,good,good,good,good,good,good,good,good,good,mua,good,good,good,mua
u9,UnitRefine,mouse5_imec0,474,good,good,mua,mua,good,good,good,good,good,good,good,good,good,mua,good,good,good,good
u9,UnitRefine,mouse5_imec0,475,mua,mua,mua,mua,mua,good,mua,mua,mua,mua,good,mua,mua,mua,mua,good,mua,mua
u9,UnitRefine,mouse5_imec0,476,mua,good,mua,mua,good,good,good,good,mua,good,good,good,good,good,good,good,good,mua
u9,UnitRefine,mouse5_imec0,477,mua,mua,mua,mua,mua,mua,mua,mua,mua,mua,mua,mua,mua,mua,mua,mua,mua,mua
u9,UnitRefine,mouse5_imec0,478,mua,good,good,good,good,good,good,good,good,good,good,good,good,good,good,good,good,good
u9,UnitRefine,mouse5_imec0,479,good,good,good,good,good,good,good,good,good,good,good,good,good,good,good,good,good,good
u9,UnitRefine,mouse5_imec0,480,mua,good,mua,mua,good,good,good,mua,mua,mua,good,mua,mua,mua,mua,good,mua,mua
u9,UnitRefine,mouse5_imec0,481,mua,mua,mua,mua,mua,mua,mua,mua,mua,mua,mua,mua,mua,mua,mua,mua,mua,mua
u9,UnitRefine,mouse5_imec0,482,mua,good,good,good,good,good,good,mua,mua,good,good,good,good,good,good,good,good,good
u9,UnitRefine,mouse5_imec0,483,mua,good,good,good,good,good,good,good,good,good,good,good,good,good,good,good,good,good
u9,UnitRefine,mouse5_imec0,484,good,good,good,good,good,good,good,good,good,good,good,good,good,good,good,good,good,good
u9,UnitRefine,mouse5_imec0,485,mua,mua,mua,mua,mua,mua,mua,mua,mua,mua,mua,mua,mua,mua,mua,mua,mua,mua
u9,UnitRefine,mouse5_imec0,486,mua,mua,mua,mua,mua,mua,mua,mua,mua,mua,mua,mua,mua,mua,mua,mua,mua,mua
u9,UnitRefine,mouse5_imec0,487,noise,noise,noise,noise,noise,noise,noise,noise,noise,noise,noise,noise,noise,noise,noise,noise,noise,noise
u9,UnitRefine,mouse5_imec0,488,noise,noise,noise,noise,noise,good,noise,noise,noise,noise,noise,noise,noise,noise,noise,noise,noise,noise
u9,UnitRefine,mouse5_imec0,489,mua,mua,mua,mua,mua,mua,mua,mua,mua,mua,mua,mua,mua,mua,mua,mua,mua,mua
u9,UnitRefine,mouse5_imec0,490,noise,noise,noise,noise,noise,noise,noise,noise,noise,noise,noise,noise,noise,noise,noise,noise,noise,noise
u9,UnitRefine,mouse5_imec0,491,mua,mua,mua,mua,mua,good,mua,mua,mua,mua,good,mua,good,good,good,good,good,mua
u9,UnitRefine,mouse5_imec0,492,noise,mua,mua,mua,mua,mua,mua,mua,mua,mua,mua,mua,mua,mua,mua,mua,mua,mua
u9,UnitRefine,mouse5_imec0,493,noise,noise,noise,noise,noise,noise,noise,noise,noise,noise,noise,noise,noise,noise,noise,noise,noise,noise
u9,UnitRefine,mouse5_imec0,494,noise,noise,noise,noise,noise,noise,noise,noise,noise,noise,noise,noise,noise,noise,noise,noise,noise,noise
u9,UnitRefine,mouse5_imec0,495,noise,noise,noise,mua,noise,noise,noise,noise,mua,noise,noise,noise,noise,noise,noise,noise,noise,noise
u9,UnitRefine,mouse5_imec0,496,noise,noise,noise,noise,noise,noise,noise,noise,noise,noise,noise,noise,noise,noise,noise,noise,noise,noise
u9,UnitRefine,mouse5_imec0,497,noise,noise,mua,noise,noise,mua,noise,noise,noise,noise,noise,noise,noise,noise,noise,noise,noise,noise
u9,UnitRefine,mouse5_imec0,498,noise,noise,noise,noise,noise,noise,noise,mua,mua,noise,noise,noise,mua,mua,noise,noise,noise,noise
u9,UnitRefine,mouse5_imec0,499,noise,noise,mua,mua,noise,mua,noise,noise,noise,noise,noise,noise,noise,noise,noise,noise,noise,noise
u9,UnitRefine,mouse5_imec0,500,noise,noise,mua,mua,noise,noise,noise,noise,noise,noise,noise,noise,noise,noise,noise,noise,noise,noise
u9,UnitRefine,mouse5_imec0,501,good,mua,noise,mua,noise,good,noise,mua,good,noise,good,noise,mua,mua,noise,good,noise,noise
u9,UnitRefine,mouse5_imec0,502,mua,good,good,mua,good,good,good,good,good,good,good,good,mua,mua,mua,good,mua,mua
u9,UnitRefine,mouse5_imec0,503,good,good,good,good,good,good,good,good,good,good,good,good,good,good,good,good,good,good
u9,UnitRefine,mouse5_imec0,504,mua,good,good,good,mua,good,good,mua,good,mua,good,mua,mua,mua,mua,good,mua,mua
u9,UnitRefine,mouse5_imec0,505,good,good,good,mua,good,good,good,good,good,good,good,good,good,good,good,good,good,mua
u9,UnitRefine,mouse5_imec0,506,mua,mua,mua,mua,mua,good,mua,mua,mua,mua,mua,mua,mua,mua,mua,mua,mua,mua
u9,UnitRefine,mouse5_imec0,507,mua,mua,mua,mua,mua,mua,mua,mua,mua,mua,mua,mua,mua,mua,mua,mua,mua,mua
u9,UnitRefine,mouse5_imec0,508,mua,mua,mua,mua,mua,mua,mua,mua,mua,mua,mua,mua,mua,mua,mua,mua,mua,mua
u9,UnitRefine,mouse5_imec0,509,mua,mua,mua,mua,mua,mua,mua,mua,mua,mua,mua,mua,mua,mua,mua,mua,mua,mua
u9,UnitRefine,mouse5_imec0,510,noise,mua,mua,mua,mua,mua,mua,mua,mua,mua,mua,mua,mua,mua,mua,mua,mua,mua
u9,UnitRefine,mouse5_imec0,511,noise,mua,mua,mua,mua,mua,mua,mua,mua,mua,mua,mua,mua,mua,mua,mua,mua,mua
u9,UnitRefine,mouse5_imec0,513,mua,mua,mua,mua,mua,mua,mua,mua,mua,mua,mua,mua,mua,mua,mua,noise,mua,mua
u9,UnitRefine,mouse5_imec0,514,mua,mua,mua,mua,mua,mua,mua,mua,mua,mua,mua,mua,mua,mua,mua,mua,mua,mua
u9,UnitRefine,mouse5_imec0,515,good,good,good,good,good,good,good,good,good,good,good,good,good,good,good,good,good,good
u9,UnitRefine,mouse5_imec0,516,mua,mua,mua,mua,mua,mua,mua,mua,mua,mua,mua,mua,good,good,mua,good,good,noise
u9,UnitRefine,mouse5_imec0,517,mua,mua,mua,mua,mua,mua,mua,mua,mua,mua,mua,mua,mua,mua,mua,mua,mua,mua
u9,UnitRefine,mouse5_imec0,518,mua,mua,mua,mua,mua,mua,mua,mua,mua,mua,noise,mua,good,good,mua,noise,mua,noise
u9,UnitRefine,mouse5_imec0,520,mua,mua,mua,mua,mua,mua,mua,mua,mua,mua,mua,mua,mua,mua,mua,mua,mua,mua
u9,UnitRefine,mouse5_imec0,521,mua,mua,mua,mua,mua,mua,mua,mua,mua,mua,mua,mua,mua,mua,mua,mua,mua,mua
u9,UnitRefine,mouse5_imec0,522,mua,mua,mua,good,mua,noise,mua,mua,good,good,mua,good,good,good,mua,mua,mua,mua
u9,UnitRefine,mouse5_imec0,523,mua,mua,mua,mua,mua,mua,mua,mua,mua,mua,noise,mua,mua,mua,mua,good,mua,mua
u9,UnitRefine,mouse5_imec0,524,good,good,good,good,good,good,good,good,good,good,good,good,good,good,good,good,good,good
u9,UnitRefine,mouse5_imec0,525,good,good,good,good,good,good,good,good,good,good,good,good,mua,mua,good,mua,good,mua
u9,UnitRefine,mouse5_imec0,526,mua,good,good,mua,good,good,good,mua,mua,mua,good,mua,mua,mua,mua,good,mua,mua
u9,UnitRefine,mouse5_imec0,527,mua,mua,mua,mua,mua,good,mua,mua,mua,mua,mua,mua,mua,mua,mua,mua,mua,mua
u9,UnitRefine,mouse5_imec0,528,mua,mua,mua,mua,mua,mua,mua,mua,mua,mua,mua,mua,mua,mua,mua,mua,mua,mua
u9,UnitRefine,mouse5_imec0,529,mua,good,good,good,good,good,good,good,good,good,good,good,good,good,good,good,good,mua
u9,UnitRefine,mouse5_imec0,530,mua,good,good,good,good,good,good,good,good,good,good,good,good,good,good,good,good,good
u9,UnitRefine,mouse5_imec0,531,good,good,good,good,good,good,good,good,good,good,good,good,good,good,good,good,good,good
u9,UnitRefine,mouse5_imec0,532,mua,mua,mua,mua,good,mua,mua,mua,mua,good,mua,good,mua,mua,mua,mua,mua,mua
u9,UnitRefine,mouse5_imec0,533,good,good,good,good,good,good,good,good,good,good,good,good,good,good,good,good,good,good
u9,UnitRefine,mouse5_imec0,534,good,good,good,good,good,good,good,good,good,good,good,good,good,mua,good,good,good,good
u9,UnitRefine,mouse5_imec0,535,mua,mua,mua,mua,mua,mua,mua,mua,mua,mua,mua,mua,mua,mua,mua,mua,mua,mua
u9,UnitRefine,mouse5_imec0,536,mua,good,good,mua,good,mua,good,good,good,good,good,good,mua,mua,mua,mua,mua,mua
u9,UnitRefine,mouse5_imec0,539,mua,mua,mua,mua,mua,mua,mua,mua,mua,mua,mua,mua,mua,mua,mua,mua,mua,mua
u9,UnitRefine,mouse5_imec0,540,mua,mua,mua,mua,mua,good,mua,mua,mua,mua,good,mua,mua,mua,mua,noise,mua,mua
u9,UnitRefine,mouse5_imec0,541,mua,good,good,good,good,good,good,good,good,good,good,good,good,good,good,good,good,mua
u9,UnitRefine,mouse5_imec0,542,mua,good,good,mua,good,good,good,good,mua,good,good,good,mua,mua,good,good,good,mua
u9,UnitRefine,mouse5_imec0,543,good,good,good,good,good,good,good,good,good,good,good,good,good,good,good,good,good,good
u9,UnitRefine,mouse5_imec0,544,mua,mua,mua,mua,mua,mua,mua,mua,mua,mua,mua,mua,mua,mua,mua,mua,mua,mua
u9,UnitRefine,mouse5_imec0,545,mua,good,good,good,good,good,good,good,good,good,good,good,good,good,good,good,good,good
u9,UnitRefine,mouse5_imec0,546,noise,mua,mua,mua,mua,mua,mua,mua,mua,mua,mua,mua,mua,mua,mua,mua,mua,mua
u9,UnitRefine,mouse5_imec0,547,mua,mua,mua,mua,mua,noise,mua,mua,mua,mua,mua,mua,mua,mua,mua,mua,mua,mua
u9,UnitRefine,mouse5_imec0,548,mua,mua,mua,mua,mua,mua,mua,mua,mua,mua,mua,mua,mua,mua,mua,mua,mua,mua
u9,UnitRefine,mouse5_imec0,549,noise,noise,noise,noise,noise,noise,noise,noise,noise,noise,noise,noise,noise,noise,noise,noise,noise,noise
u9,UnitRefine,mouse5_imec0,550,mua,mua,mua,mua,mua,mua,mua,mua,mua,mua,mua,mua,mua,mua,mua,mua,mua,mua
u9,UnitRefine,mouse5_imec0,551,mua,mua,mua,mua,mua,mua,mua,mua,mua,mua,good,mua,mua,mua,mua,mua,mua,mua
u9,UnitRefine,mouse5_imec0,552,mua,mua,mua,mua,mua,good,mua,mua,mua,mua,good,mua,good,good,mua,good,mua,mua
u9,UnitRefine,mouse5_imec0,553,mua,mua,mua,mua,mua,good,mua,good,mua,good,good,good,good,good,mua,good,mua,mua
u9,UnitRefine,mouse5_imec0,554,mua,mua,mua,mua,mua,mua,mua,mua,mua,mua,mua,mua,mua,mua,mua,mua,mua,mua
u9,UnitRefine,mouse5_imec0,555,mua,mua,mua,mua,mua,mua,mua,mua,mua,mua,mua,mua,mua,mua,mua,mua,mua,mua
u9,UnitRefine,mouse5_imec0,556,mua,mua,mua,mua,mua,good,good,mua,mua,mua,good,mua,mua,mua,mua,mua,mua,mua
u9,UnitRefine,mouse5_imec0,557,mua,good,good,good,mua,good,mua,mua,mua,mua,good,mua,mua,mua,mua,mua,mua,mua
u9,UnitRefine,mouse5_imec0,558,mua,mua,mua,mua,good,good,good,mua,mua,good,good,good,mua,mua,good,mua,mua,mua
u9,UnitRefine,mouse5_imec0,559,good,good,good,good,good,good,good,good,good,good,good,good,mua,mua,mua,mua,mua,mua
u9,UnitRefine,mouse5_imec0,560,good,good,good,good,good,good,good,good,good,good,good,good,good,good,good,good,good,good
u9,UnitRefine,mouse5_imec0,561,mua,mua,mua,mua,mua,mua,mua,mua,mua,mua,mua,mua,mua,mua,mua,mua,mua,mua
u9,UnitRefine,mouse5_imec0,562,mua,mua,mua,mua,mua,noise,mua,mua,mua,mua,noise,mua,mua,mua,noise,noise,mua,noise
u9,UnitRefine,mouse5_imec0,563,good,good,good,good,good,good,good,good,good,good,good,good,good,mua,good,mua,good,good
u9,UnitRefine,mouse5_imec0,564,mua,mua,mua,mua,mua,mua,mua,mua,mua,mua,mua,mua,mua,mua,mua,mua,mua,mua
u9,UnitRefine,mouse5_imec0,565,noise,noise,mua,mua,mua,noise,mua,mua,mua,mua,mua,mua,mua,mua,mua,mua,mua,mua
u9,UnitRefine,mouse5_imec0,566,good,good,good,good,good,good,good,good,good,good,good,good,mua,mua,good,mua,good,good
u9,UnitRefine,mouse5_imec0,567,mua,good,good,good,good,good,good,good,good,good,good,good,mua,mua,mua,mua,mua,mua
u9,UnitRefine,mouse5_imec0,537,mua,noise,mua,mua,noise,mua,noise,mua,mua,noise,good,noise,mua,mua,noise,mua,noise,noise
u9,UnitRefine,mouse5_imec0,538,mua,noise,mua,mua,noise,mua,noise,mua,mua,noise,good,noise,mua,mua,noise,mua,noise,noise
u1,UnitRefine,mouse5_imec1,0,noise,noise,noise,noise,noise,noise,noise,noise,noise,noise,noise,noise,noise,noise,noise,noise,noise,noise
u1,UnitRefine,mouse5_imec1,1,noise,noise,noise,noise,noise,noise,noise,noise,noise,noise,noise,noise,noise,noise,noise,noise,noise,noise
u1,UnitRefine,mouse5_imec1,2,noise,noise,noise,noise,noise,mua,noise,noise,noise,noise,noise,noise,noise,noise,noise,noise,noise,noise
u1,UnitRefine,mouse5_imec1,3,noise,noise,noise,mua,noise,mua,noise,noise,mua,noise,noise,noise,noise,noise,noise,noise,noise,noise
u1,UnitRefine,mouse5_imec1,4,noise,noise,noise,noise,noise,mua,noise,noise,noise,noise,noise,noise,noise,noise,noise,noise,noise,noise
u1,UnitRefine,mouse5_imec1,5,good,good,good,mua,good,good,good,mua,mua,good,good,good,good,good,good,good,good,good
u1,UnitRefine,mouse5_imec1,6,mua,noise,mua,mua,noise,mua,noise,mua,mua,noise,mua,noise,mua,mua,noise,mua,noise,noise
u1,UnitRefine,mouse5_imec1,7,mua,mua,mua,mua,noise,mua,noise,mua,mua,mua,mua,mua,mua,mua,mua,mua,mua,mua
u1,UnitRefine,mouse5_imec1,8,good,mua,mua,mua,mua,mua,mua,mua,mua,mua,mua,mua,mua,mua,mua,mua,mua,good
u1,UnitRefine,mouse5_imec1,9,good,mua,good,mua,good,mua,mua,good,mua,good,mua,good,good,good,good,good,good,good
u1,UnitRefine,mouse5_imec1,10,mua,mua,mua,mua,mua,mua,mua,mua,mua,mua,mua,mua,mua,mua,mua,mua,mua,mua
u1,UnitRefine,mouse5_imec1,11,mua,noise,noise,mua,noise,mua,noise,noise,mua,noise,mua,noise,mua,mua,noise,mua,mua,mua
u1,UnitRefine,mouse5_imec1,12,noise,noise,noise,mua,noise,mua,noise,noise,noise,noise,noise,noise,noise,noise,noise,noise,noise,noise
u1,UnitRefine,mouse5_imec1,13,good,good,mua,mua,good,good,good,good,good,good,good,good,good,good,good,good,good,good
u1,UnitRefine,mouse5_imec1,14,good,mua,good,mua,good,good,good,good,good,good,good,good,good,good,good,good,good,good
u1,UnitRefine,mouse5_imec1,15,mua,mua,mua,mua,mua,mua,mua,mua,mua,mua,mua,mua,mua,mua,mua,mua,mua,mua
u1,UnitRefine,mouse5_imec1,16,mua,mua,mua,mua,mua,mua,mua,mua,mua,mua,mua,mua,mua,mua,mua,mua,mua,mua
u1,UnitRefine,mouse5_imec1,17,mua,mua,mua,mua,mua,mua,mua,mua,mua,mua,mua,mua,mua,mua,mua,mua,mua,mua
u1,UnitRefine,mouse5_imec1,18,mua,noise,noise,noise,mua,mua,mua,noise,noise,mua,noise,mua,noise,mua,mua,noise,mua,noise
u1,UnitRefine,mouse5_imec1,19,mua,good,good,good,good,good,good,good,good,good,good,good,good,good,good,good,good,good
u1,UnitRefine,mouse5_imec1,20,good,good,good,good,good,good,good,good,good,good,good,good,good,good,good,good,good,good
u1,UnitRefine,mouse5_imec1,21,mua,mua,mua,mua,mua,mua,mua,mua,mua,mua,mua,mua,mua,mua,mua,mua,mua,mua
u1,UnitRefine,mouse5_imec1,22,good,good,good,good,good,good,good,good,good,good,good,good,good,good,good,good,good,good
u1,UnitRefine,mouse5_imec1,23,mua,mua,good,mua,mua,mua,mua,mua,mua,mua,mua,mua,mua,mua,mua,mua,mua,mua
u1,UnitRefine,mouse5_imec1,24,mua,mua,mua,mua,mua,mua,mua,mua,mua,mua,mua,mua,mua,mua,mua,mua,mua,mua
u1,UnitRefine,mouse5_imec1,25,good,mua,mua,mua,mua,mua,mua,good,mua,good,mua,good,good,good,good,good,good,good
u1,UnitRefine,mouse5_imec1,26,noise,mua,mua,mua,mua,mua,mua,mua,mua,mua,noise,mua,mua,mua,mua,mua,mua,mua
u1,UnitRefine,mouse5_imec1,27,mua,mua,mua,mua,mua,noise,mua,mua,mua,noise,noise,noise,mua,mua,mua,noise,mua,mua
u1,UnitRefine,mouse5_imec1,28,noise,noise,noise,noise,noise,noise,noise,noise,noise,noise,noise,noise,noise,noise,noise,noise,noise,noise
u1,UnitRefine,mouse5_imec1,29,mua,mua,mua,mua,mua,mua,mua,mua,mua,mua,mua,mua,mua,mua,mua,mua,mua,mua
u1,UnitRefine,mouse5_imec1,30,mua,mua,mua,mua,mua,mua,mua,mua,mua,mua,mua,mua,mua,mua,mua,mua,mua,mua
u1,UnitRefine,mouse5_imec1,31,good,good,good,good,good,mua,good,good,good,good,mua,good,good,good,good,good,good,good
u1,UnitRefine,mouse5_imec1,32,good,good,good,good,good,good,good,good,good,good,good,good,good,good,good,good,good,good
u1,UnitRefine,mouse5_imec1,33,noise,good,good,good,noise,good,noise,good,good,noise,good,noise,good,good,noise,mua,noise,good
u1,UnitRefine,mouse5_imec1,34,mua,good,good,good,good,good,good,good,good,good,good,good,good,good,good,good,good,good
u1,UnitRefine,mouse5_imec1,35,good,good,good,good,good,good,good,good,good,good,good,good,good,good,good,good,good,good
u1,UnitRefine,mouse5_imec1,36,good,mua,good,mua,good,good,good,mua,mua,good,good,good,good,good,good,good,good,good
u1,UnitRefine,mouse5_imec1,37,mua,noise,noise,noise,good,mua,noise,noise,mua,noise,mua,noise,good,mua,good,mua,mua,good
u1,UnitRefine,mouse5_imec1,38,mua,mua,mua,mua,mua,noise,mua,mua,mua,good,mua,mua,good,good,good,mua,good,good
u1,UnitRefine,mouse5_imec1,39,noise,noise,noise,noise,noise,noise,noise,noise,noise,noise,noise,noise,noise,noise,noise,noise,noise,noise
u1,UnitRefine,mouse5_imec1,40,mua,good,good,good,good,noise,good,good,mua,noise,good,good,good,good,good,noise,good,good
u1,UnitRefine,mouse5_imec1,41,noise,noise,noise,mua,noise,mua,noise,noise,noise,noise,mua,noise,mua,mua,noise,mua,noise,noise
u1,UnitRefine,mouse5_imec1,42,noise,noise,noise,noise,noise,mua,noise,noise,noise,noise,mua,noise,noise,noise,noise,mua,mua,noise
u1,UnitRefine,mouse5_imec1,43,noise,mua,mua,noise,mua,noise,noise,mua,mua,mua,noise,mua,mua,mua,mua,noise,noise,noise
u1,UnitRefine,mouse5_imec1,44,good,good,good,good,good,noise,good,good,mua,noise,good,noise,good,good,good,good,good,good
u1,UnitRefine,mouse5_imec1,45,mua,good,good,good,good,good,good,good,good,good,good,good,good,good,good,good,good,good
u1,UnitRefine,mouse5_imec1,46,mua,mua,mua,mua,mua,mua,mua,mua,mua,mua,mua,mua,mua,mua,mua,mua,mua,mua
u1,UnitRefine,mouse5_imec1,47,mua,noise,noise,mua,noise,mua,noise,mua,mua,noise,mua,noise,mua,mua,mua,mua,mua,mua
u1,UnitRefine,mouse5_imec1,48,noise,noise,noise,noise,noise,noise,noise,noise,noise,noise,noise,noise,noise,noise,noise,noise,noise,noise
u1,UnitRefine,mouse5_imec1,49,noise,noise,noise,mua,noise,mua,noise,noise,noise,noise,noise,noise,noise,noise,noise,noise,noise,noise
u1,UnitRefine,mouse5_imec1,50,noise,noise,noise,noise,noise,noise,noise,noise,noise,noise,noise,noise,noise,noise,noise,noise,noise,noise
u1,UnitRefine,mouse5_imec1,51,mua,noise,noise,mua,noise,mua,noise,noise,mua,noise,noise,noise,mua,mua,noise,mua,mua,mua
u1,UnitRefine,mouse5_imec1,52,mua,noise,mua,mua,noise,mua,noise,noise,mua,noise,mua,noise,mua,mua,mua,mua,mua,mua
u1,UnitRefine,mouse5_imec1,53,mua,good,good,mua,good,good,good,good,mua,good,good,good,good,mua,good,good,good,good
u1,UnitRefine,mouse5_imec1,54,noise,noise,noise,noise,noise,mua,noise,noise,noise,noise,noise,noise,noise,noise,noise,noise,noise,noise
u1,UnitRefine,mouse5_imec1,55,mua,mua,mua,mua,mua,mua,mua,mua,mua,mua,mua,mua,mua,mua,mua,mua,mua,mua
u1,UnitRefine,mouse5_imec1,56,mua,mua,mua,mua,mua,mua,mua,mua,mua,mua,mua,mua,mua,mua,mua,mua,mua,mua
u1,UnitRefine,mouse5_imec1,57,mua,mua,mua,mua,mua,mua,mua,mua,mua,mua,mua,mua,mua,mua,mua,mua,mua,mua
u1,UnitRefine,mouse5_imec1,58,mua,mua,mua,mua,mua,good,good,mua,mua,good,good,good,mua,mua,mua,mua,mua,mua
u1,UnitRefine,mouse5_imec1,59,noise,mua,mua,mua,mua,mua,mua,noise,noise,mua,noise,mua,noise,mua,noise,noise,noise,noise
u1,UnitRefine,mouse5_imec1,60,noise,noise,noise,noise,noise,noise,noise,noise,noise,noise,noise,noise,noise,noise,noise,noise,noise,noise
u1,UnitRefine,mouse5_imec1,61,mua,mua,mua,mua,mua,mua,mua,mua,mua,mua,mua,mua,mua,mua,mua,mua,mua,mua
u1,UnitRefine,mouse5_imec1,62,mua,mua,mua,mua,mua,mua,mua,mua,mua,mua,mua,mua,mua,mua,noise,noise,noise,noise
u1,UnitRefine,mouse5_imec1,63,noise,noise,noise,noise,noise,noise,noise,noise,noise,noise,noise,noise,noise,noise,noise,noise,noise,noise
u1,UnitRefine,mouse5_imec1,64,mua,mua,mua,mua,mua,mua,mua,mua,mua,mua,mua,mua,mua,mua,mua,mua,mua,mua
u1,UnitRefine,mouse5_imec1,65,noise,noise,noise,noise,noise,mua,noise,noise,noise,noise,noise,noise,noise,noise,noise,noise,noise,noise
u1,UnitRefine,mouse5_imec1,66,mua,mua,mua,mua,mua,mua,mua,mua,mua,mua,mua,mua,mua,mua,mua,mua,mua,mua
u1,UnitRefine,mouse5_imec1,67,noise,noise,noise,noise,noise,noise,noise,noise,noise,noise,noise,noise,noise,noise,noise,noise,noise,noise
u1,UnitRefine,mouse5_imec1,68,mua,noise,mua,mua,mua,mua,mua,mua,mua,mua,mua,mua,mua,mua,mua,mua,mua,mua
u1,UnitRefine,mouse5_imec1,69,noise,noise,noise,noise,noise,noise,noise,noise,noise,noise,noise,noise,noise,noise,noise,noise,noise,noise
u1,UnitRefine,mouse5_imec1,70,noise,mua,mua,mua,mua,mua,mua,mua,mua,mua,mua,mua,noise,noise,noise,noise,noise,noise
u1,UnitRefine,mouse5_imec1,71,good,mua,mua,mua,mua,good,mua,mua,mua,mua,good,mua,good,mua,good,good,good,mua
u1,UnitRefine,mouse5_imec1,72,noise,noise,noise,noise,noise,noise,noise,noise,noise,noise,noise,noise,noise,noise,noise,noise,noise,noise
u1,UnitRefine,mouse5_imec1,73,noise,noise,noise,noise,noise,noise,noise,noise,noise,noise,noise,noise,noise,noise,noise,noise,noise,noise
u1,UnitRefine,mouse5_imec1,74,noise,noise,noise,mua,noise,noise,noise,noise,noise,noise,noise,noise,noise,noise,noise,noise,noise,noise
u1,UnitRefine,mouse5_imec1,75,mua,mua,mua,mua,mua,mua,mua,mua,mua,mua,mua,mua,mua,mua,mua,mua,mua,mua
u1,UnitRefine,mouse5_imec1,76,noise,noise,noise,noise,noise,noise,noise,noise,noise,noise,noise,noise,noise,noise,noise,noise,noise,noise
u1,UnitRefine,mouse5_imec1,77,noise,noise,noise,noise,noise,noise,noise,noise,noise,noise,noise,noise,noise,noise,noise,noise,noise,noise
u1,UnitRefine,mouse5_imec1,78,mua,noise,mua,mua,mua,mua,mua,mua,mua,mua,mua,mua,mua,mua,mua,mua,mua,mua
u1,UnitRefine,mouse5_imec1,79,mua,noise,mua,mua,noise,mua,mua,noise,mua,noise,mua,noise,noise,mua,mua,mua,mua,mua
u1,UnitRefine,mouse5_imec1,80,noise,noise,noise,noise,noise,noise,noise,noise,noise,noise,noise,noise,noise,noise,noise,noise,noise,noise
u1,UnitRefine,mouse5_imec1,81,noise,noise,noise,mua,noise,mua,noise,noise,noise,noise,noise,noise,noise,noise,noise,mua,noise,noise
u1,UnitRefine,mouse5_imec1,82,noise,noise,noise,noise,noise,noise,noise,noise,noise,noise,noise,noise,noise,noise,noise,noise,noise,noise
u1,UnitRefine,mouse5_imec1,83,mua,noise,mua,noise,noise,noise,noise,mua,noise,noise,noise,noise,noise,noise,noise,mua,noise,noise
u1,UnitRefine,mouse5_imec1,84,noise,noise,noise,noise,noise,noise,noise,noise,noise,noise,noise,noise,noise,noise,noise,noise,noise,noise
u1,UnitRefine,mouse5_imec1,85,noise,noise,noise,noise,noise,noise,noise,noise,noise,noise,noise,noise,noise,noise,noise,noise,noise,noise
u1,UnitRefine,mouse5_imec1,86,noise,noise,noise,noise,noise,noise,noise,noise,noise,noise,noise,noise,noise,noise,noise,noise,noise,noise
u1,UnitRefine,mouse5_imec1,87,noise,noise,noise,noise,noise,noise,noise,noise,noise,noise,noise,noise,noise,noise,noise,noise,noise,noise
u1,UnitRefine,mouse5_imec1,88,noise,noise,noise,noise,noise,noise,noise,noise,noise,noise,noise,noise,noise,noise,noise,noise,noise,noise
u1,UnitRefine,mouse5_imec1,89,noise,noise,mua,noise,noise,noise,noise,noise,noise,noise,noise,noise,noise,noise,noise,noise,noise,noise
u1,UnitRefine,mouse5_imec1,90,noise,noise,noise,noise,noise,noise,noise,noise,noise,noise,noise,noise,noise,noise,noise,noise,noise,noise
u1,UnitRefine,mouse5_imec1,91,noise,noise,noise,noise,noise,noise,noise,noise,noise,noise,noise,noise,noise,noise,noise,noise,noise,noise
u1,UnitRefine,mouse5_imec1,92,noise,noise,noise,noise,noise,noise,noise,noise,noise,noise,noise,noise,noise,noise,noise,noise,noise,noise
u1,UnitRefine,mouse5_imec1,93,noise,noise,noise,noise,noise,noise,noise,noise,noise,noise,noise,noise,noise,noise,noise,noise,noise,noise
u1,UnitRefine,mouse5_imec1,94,noise,mua,mua,mua,mua,noise,mua,mua,mua,mua,noise,mua,mua,mua,noise,noise,noise,noise
u1,UnitRefine,mouse5_imec1,95,noise,noise,noise,noise,noise,noise,noise,noise,noise,noise,noise,noise,noise,noise,noise,noise,noise,mua
u1,UnitRefine,mouse5_imec1,96,noise,mua,mua,mua,mua,noise,mua,mua,mua,mua,noise,mua,noise,noise,noise,noise,noise,noise
u1,UnitRefine,mouse5_imec1,97,noise,noise,mua,noise,mua,noise,noise,mua,mua,mua,noise,noise,noise,mua,noise,mua,noise,noise
u1,UnitRefine,mouse5_imec1,98,noise,mua,mua,mua,mua,mua,mua,mua,mua,mua,mua,mua,noise,noise,noise,noise,noise,noise
u1,UnitRefine,mouse5_imec1,99,noise,mua,mua,mua,mua,noise,mua,mua,mua,mua,noise,mua,noise,noise,mua,noise,mua,noise
u1,UnitRefine,mouse5_imec1,100,noise,mua,mua,mua,mua,noise,mua,mua,mua,mua,noise,mua,mua,noise,mua,noise,noise,noise
u1,UnitRefine,mouse5_imec1,101,noise,noise,noise,noise,noise,noise,noise,noise,noise,noise,noise,noise,noise,noise,noise,noise,noise,noise
u1,UnitRefine,mouse5_imec1,102,noise,noise,noise,noise,noise,noise,noise,noise,noise,noise,noise,noise,noise,noise,noise,noise,noise,noise
u1,UnitRefine,mouse5_imec1,103,noise,noise,noise,noise,noise,noise,noise,noise,noise,noise,noise,noise,noise,noise,noise,noise,noise,noise
u1,UnitRefine,mouse5_imec1,104,noise,noise,noise,noise,noise,noise,noise,noise,noise,noise,noise,noise,noise,noise,noise,noise,noise,noise
u1,UnitRefine,mouse5_imec1,105,noise,noise,noise,noise,noise,noise,noise,noise,noise,noise,noise,noise,noise,noise,noise,noise,noise,noise
u1,UnitRefine,mouse5_imec1,106,noise,noise,noise,mua,noise,noise,noise,noise,mua,noise,noise,noise,noise,noise,noise,noise,noise,noise
u1,UnitRefine,mouse5_imec1,107,noise,mua,mua,mua,mua,mua,mua,mua,mua,mua,mua,mua,mua,mua,good,mua,mua,mua
u1,UnitRefine,mouse5_imec1,108,noise,noise,noise,noise,noise,noise,noise,noise,noise,noise,noise,noise,noise,noise,noise,noise,noise,noise
u1,UnitRefine,mouse5_imec1,110,noise,noise,noise,mua,noise,noise,noise,noise,noise,noise,noise,noise,noise,noise,noise,noise,noise,noise
u1,UnitRefine,mouse5_imec1,111,noise,noise,noise,noise,noise,noise,noise,noise,noise,noise,noise,noise,noise,noise,noise,noise,noise,noise
u1,UnitRefine,mouse5_imec1,112,noise,mua,mua,mua,noise,noise,noise,mua,noise,noise,noise,noise,mua,mua,noise,noise,noise,noise
u1,UnitRefine,mouse5_imec1,113,noise,noise,noise,noise,noise,noise,noise,noise,noise,noise,noise,noise,noise,noise,noise,noise,noise,noise
u1,UnitRefine,mouse5_imec1,114,noise,noise,noise,noise,noise,noise,noise,noise,mua,noise,noise,noise,noise,noise,noise,noise,noise,noise
u1,UnitRefine,mouse5_imec1,115,noise,noise,noise,noise,noise,noise,noise,noise,noise,noise,noise,noise,noise,noise,noise,noise,noise,noise
u1,UnitRefine,mouse5_imec1,116,noise,noise,noise,noise,noise,noise,noise,noise,noise,noise,noise,noise,noise,mua,noise,noise,noise,mua
u1,UnitRefine,mouse5_imec1,117,noise,noise,noise,noise,noise,noise,noise,noise,mua,noise,noise,noise,noise,mua,noise,noise,noise,noise
u1,UnitRefine,mouse5_imec1,118,noise,noise,noise,noise,noise,noise,noise,noise,noise,noise,noise,noise,noise,noise,noise,noise,noise,noise
u1,UnitRefine,mouse5_imec1,119,noise,noise,noise,noise,noise,noise,noise,noise,noise,noise,noise,noise,noise,noise,noise,noise,noise,noise
u1,UnitRefine,mouse5_imec1,120,mua,mua,mua,mua,mua,mua,mua,mua,mua,mua,mua,mua,mua,mua,mua,mua,mua,mua
u1,UnitRefine,mouse5_imec1,121,good,good,good,good,good,good,good,good,good,good,good,good,mua,mua,good,mua,good,good
u1,UnitRefine,mouse5_imec1,122,good,mua,mua,mua,mua,mua,mua,mua,mua,mua,mua,mua,mua,mua,good,mua,good,good
u1,UnitRefine,mouse5_imec1,123,mua,mua,mua,mua,mua,mua,mua,mua,mua,mua,mua,mua,mua,mua,mua,mua,mua,mua
u1,UnitRefine,mouse5_imec1,124,good,good,good,mua,good,good,good,good,mua,good,good,good,good,good,good,good,good,good
u1,UnitRefine,mouse5_imec1,125,good,good,good,good,good,good,good,good,good,good,good,good,good,good,good,good,good,good
u1,UnitRefine,mouse5_imec1,126,mua,good,good,good,good,mua,good,mua,mua,mua,mua,mua,mua,mua,mua,mua,mua,mua
u1,UnitRefine,mouse5_imec1,127,noise,mua,mua,mua,mua,mua,mua,mua,mua,mua,noise,mua,mua,mua,mua,noise,mua,noise
u1,UnitRefine,mouse5_imec1,128,good,good,good,good,good,good,good,good,good,good,good,good,good,good,good,good,good,good
u1,UnitRefine,mouse5_imec1,129,good,good,good,good,good,good,good,good,good,good,good,good,good,good,good,good,good,good
u1,UnitRefine,mouse5_imec1,130,mua,noise,mua,mua,noise,mua,mua,mua,mua,noise,mua,mua,mua,mua,mua,mua,mua,mua
u1,UnitRefine,mouse5_imec1,131,noise,noise,noise,noise,noise,mua,noise,noise,noise,noise,noise,noise,noise,noise,noise,noise,noise,noise
u1,UnitRefine,mouse5_imec1,132,good,mua,mua,mua,mua,good,mua,mua,mua,mua,good,mua,mua,mua,good,mua,mua,mua
u1,UnitRefine,mouse5_imec1,133,noise,noise,noise,noise,noise,noise,noise,noise,noise,noise,noise,noise,noise,noise,noise,noise,noise,noise
u1,UnitRefine,mouse5_imec1,134,noise,noise,noise,noise,noise,noise,noise,noise,noise,noise,noise,noise,noise,noise,noise,noise,noise,noise
u1,UnitRefine,mouse5_imec1,135,noise,noise,noise,noise,noise,noise,noise,noise,noise,noise,noise,noise,noise,noise,noise,noise,noise,noise
u1,UnitRefine,mouse5_imec1,136,noise,noise,noise,mua,noise,noise,noise,noise,noise,noise,noise,noise,noise,noise,noise,noise,noise,noise
u1,UnitRefine,mouse5_imec1,137,noise,mua,mua,mua,mua,mua,mua,mua,mua,mua,noise,mua,mua,mua,mua,noise,mua,noise
u1,UnitRefine,mouse5_imec1,138,noise,mua,mua,mua,mua,noise,mua,mua,mua,mua,mua,mua,noise,mua,noise,noise,noise,noise
u1,UnitRefine,mouse5_imec1,139,noise,mua,mua,mua,mua,mua,mua,mua,mua,mua,mua,mua,mua,mua,mua,mua,mua,mua
u1,UnitRefine,mouse5_imec1,140,noise,noise,noise,noise,noise,noise,noise,noise,mua,noise,noise,noise,noise,noise,noise,noise,noise,noise
u1,UnitRefine,mouse5_imec1,141,mua,mua,mua,mua,mua,mua,mua,mua,mua,mua,mua,mua,mua,mua,mua,mua,mua,good
u1,UnitRefine,mouse5_imec1,142,good,mua,mua,mua,mua,mua,mua,mua,mua,mua,mua,mua,mua,mua,mua,mua,mua,mua
u1,UnitRefine,mouse5_imec1,143,good,mua,mua,mua,mua,mua,mua,mua,mua,mua,mua,mua,mua,mua,mua,mua,mua,mua
u1,UnitRefine,mouse5_imec1,144,good,mua,mua,mua,mua,good,mua,mua,good,good,good,good,good,mua,good,good,good,good
u1,UnitRefine,mouse5_imec1,145,noise,noise,noise,noise,mua,noise,noise,noise,noise,noise,noise,noise,noise,noise,noise,noise,noise,noise
u1,UnitRefine,mouse5_imec1,146,good,mua,mua,mua,mua,mua,mua,mua,mua,mua,mua,mua,mua,mua,mua,mua,mua,mua
u1,UnitRefine,mouse5_imec1,147,good,mua,mua,mua,mua,mua,mua,mua,mua,mua,mua,mua,mua,mua,mua,mua,mua,good
s1,Steinmetz,stein_hopkins,0,mua,good,good,good,good,good,good,good,good,good,good,good,good,mua,good,good,good,good
s1,Steinmetz,stein_hopkins,3,mua,good,good,good,good,good,good,good,good,good,good,good,mua,good,good,good,good,good
s1,Steinmetz,stein_hopkins,5,mua,mua,mua,mua,mua,mua,mua,mua,mua,mua,mua,mua,mua,mua,mua,mua,mua,noise
s1,Steinmetz,stein_hopkins,8,mua,mua,good,mua,good,good,good,good,good,good,good,good,mua,mua,mua,good,mua,mua
s1,Steinmetz,stein_hopkins,9,mua,good,good,good,good,good,good,good,good,good,good,good,mua,mua,mua,good,good,mua
s1,Steinmetz,stein_hopkins,10,noise,noise,noise,noise,noise,noise,noise,noise,noise,noise,noise,noise,noise,noise,noise,noise,noise,noise
s1,Steinmetz,stein_hopkins,11,noise,noise,noise,noise,noise,noise,noise,noise,noise,noise,mua,noise,noise,noise,noise,mua,noise,noise
s1,Steinmetz,stein_hopkins,13,good,good,good,good,good,good,good,good,good,good,good,good,good,good,good,good,good,good
s1,Steinmetz,stein_hopkins,14,good,good,good,good,good,good,good,good,good,good,good,good,good,good,good,good,good,good
s1,Steinmetz,stein_hopkins,18,noise,noise,noise,noise,noise,noise,noise,noise,noise,noise,noise,noise,noise,noise,noise,noise,noise,noise
s1,Steinmetz,stein_hopkins,20,good,good,good,good,good,good,good,good,good,good,good,good,good,good,good,good,good,good
s1,Steinmetz,stein_hopkins,21,mua,mua,mua,mua,mua,mua,mua,mua,mua,mua,mua,mua,mua,mua,noise,mua,mua,noise
s1,Steinmetz,stein_hopkins,22,mua,good,good,mua,good,mua,good,good,good,good,good,good,good,mua,good,mua,good,good
s1,Steinmetz,stein_hopkins,25,good,good,good,good,good,good,good,good,good,good,good,good,good,good,good,good,good,good
s1,Steinmetz,stein_hopkins,26,mua,good,good,good,good,good,good,good,good,good,good,good,good,good,good,good,good,good
s1,Steinmetz,stein_hopkins,27,mua,mua,mua,mua,mua,mua,mua,mua,mua,mua,good,mua,mua,mua,mua,mua,mua,mua
s1,Steinmetz,stein_hopkins,30,good,good,good,good,good,good,good,good,good,good,good,good,good,good,good,good,good,good
s1,Steinmetz,stein_hopkins,32,good,good,good,good,good,good,good,good,good,good,good,good,good,good,good,good,good,good
s1,Steinmetz,stein_hopkins,33,mua,good,good,good,good,good,good,good,good,good,good,good,good,mua,good,good,good,mua
s1,Steinmetz,stein_hopkins,34,good,good,good,good,good,good,good,mua,good,mua,good,mua,mua,good,good,good,good,good
s1,Steinmetz,stein_hopkins,35,mua,good,good,good,good,good,good,good,good,good,good,good,good,good,good,good,good,mua
s1,Steinmetz,stein_hopkins,36,mua,mua,mua,good,good,good,good,mua,good,good,good,good,mua,mua,good,good,good,good
s1,Steinmetz,stein_hopkins,38,mua,good,good,mua,mua,good,good,mua,mua,good,good,good,mua,mua,good,mua,good,mua
s1,Steinmetz,stein_hopkins,40,mua,mua,mua,mua,mua,mua,mua,mua,mua,mua,mua,mua,mua,mua,mua,mua,mua,mua
s1,Steinmetz,stein_hopkins,42,mua,mua,mua,mua,mua,mua,mua,mua,mua,mua,mua,mua,mua,mua,mua,mua,mua,mua
s1,Steinmetz,stein_hopkins,45,good,good,good,good,good,good,good,good,good,good,good,good,good,good,good,good,good,good
s1,Steinmetz,stein_hopkins,47,good,good,good,good,good,good,good,good,good,good,good,good,good,good,good,good,good,good
s1,Steinmetz,stein_hopkins,49,mua,mua,mua,mua,mua,good,mua,mua,mua,good,good,mua,mua,mua,mua,mua,mua,mua
s1,Steinmetz,stein_hopkins,51,mua,good,good,good,good,good,good,good,good,good,good,good,mua,mua,mua,good,good,noise
s1,Steinmetz,stein_hopkins,52,mua,noise,noise,noise,noise,mua,mua,mua,mua,mua,mua,mua,noise,noise,noise,mua,noise,noise
s1,Steinmetz,stein_hopkins,55,good,good,good,good,good,good,good,good,good,good,good,good,good,good,good,good,good,good
s1,Steinmetz,stein_hopkins,58,good,good,good,good,good,good,good,good,good,good,good,good,good,good,good,good,good,good
s1,Steinmetz,stein_hopkins,60,good,good,good,good,good,good,good,good,good,good,good,good,good,good,good,good,good,good
s1,Steinmetz,stein_hopkins,61,good,good,good,good,good,good,good,good,good,good,good,good,good,good,good,good,good,good
s1,Steinmetz,stein_hopkins,62,mua,mua,mua,mua,mua,mua,mua,mua,mua,mua,mua,mua,mua,mua,mua,mua,mua,mua
s1,Steinmetz,stein_hopkins,65,good,good,good,good,good,good,good,good,good,good,good,good,good,good,good,good,good,good
s1,Steinmetz,stein_hopkins,66,good,good,good,good,good,good,good,good,good,good,good,good,good,good,good,good,good,good
s1,Steinmetz,stein_hopkins,67,mua,noise,mua,mua,mua,mua,mua,mua,mua,noise,mua,mua,noise,noise,noise,mua,noise,noise
s1,Steinmetz,stein_hopkins,68,noise,noise,noise,noise,noise,noise,noise,noise,noise,noise,good,noise,noise,noise,noise,noise,noise,noise
s1,Steinmetz,stein_hopkins,70,mua,good,good,good,good,good,good,good,good,good,good,good,good,good,good,good,good,mua
s1,Steinmetz,stein_hopkins,72,noise,noise,noise,noise,mua,noise,noise,noise,noise,mua,noise,noise,noise,noise,noise,noise,noise,mua
s1,Steinmetz,stein_hopkins,73,mua,good,good,mua,good,mua,good,good,mua,good,good,good,good,mua,good,good,good,good
s1,Steinmetz,stein_hopkins,74,noise,noise,noise,noise,noise,mua,noise,noise,noise,noise,mua,noise,noise,noise,noise,mua,noise,noise
s1,Steinmetz,stein_hopkins,76,good,good,good,good,good,good,good,good,good,good,good,good,good,good,good,good,good,good
s1,Steinmetz,stein_hopkins,77,good,good,good,good,good,good,good,good,good,good,good,good,good,good,good,good,good,good
s1,Steinmetz,stein_hopkins,83,mua,mua,mua,mua,mua,mua,mua,mua,mua,good,mua,good,good,mua,mua,mua,mua,noise
s1,Steinmetz,stein_hopkins,84,good,good,good,good,good,good,good,good,good,good,good,good,good,good,good,good,good,good
s1,Steinmetz,stein_hopkins,86,mua,mua,mua,mua,mua,mua,mua,mua,mua,mua,mua,mua,mua,mua,mua,mua,mua,good
s1,Steinmetz,stein_hopkins,87,noise,noise,noise,noise,noise,noise,noise,noise,noise,noise,noise,noise,noise,noise,noise,noise,noise,mua
s1,Steinmetz,stein_hopkins,89,mua,good,good,good,good,good,good,good,good,good,good,good,good,mua,good,good,good,good
s1,Steinmetz,stein_hopkins,90,mua,good,good,good,good,good,good,good,good,good,good,good,good,good,good,good,good,good
s1,Steinmetz,stein_hopkins,91,mua,mua,good,mua,good,good,good,mua,mua,good,good,good,good,good,good,good,good,good
s1,Steinmetz,stein_hopkins,97,mua,mua,mua,mua,mua,good,mua,mua,good,mua,good,good,mua,mua,mua,good,good,mua
s1,Steinmetz,stein_hopkins,98,mua,good,good,mua,good,mua,good,good,mua,good,mua,good,good,mua,good,good,good,good
s1,Steinmetz,stein_hopkins,100,mua,good,good,good,good,good,good,good,good,good,good,good,good,good,good,good,good,mua
s1,Steinmetz,stein_hopkins,101,mua,good,good,good,good,good,good,good,good,good,good,good,good,good,good,good,good,good
s1,Steinmetz,stein_hopkins,102,good,good,good,good,good,good,good,good,good,good,good,good,good,good,good,good,good,good
s1,Steinmetz,stein_hopkins,103,mua,good,good,good,good,good,good,good,good,good,good,good,good,good,good,good,good,good
s1,Steinmetz,stein_hopkins,106,mua,good,good,good,good,good,good,good,good,good,good,good,good,good,good,good,good,mua
s1,Steinmetz,stein_hopkins,108,mua,good,mua,mua,mua,good,good,good,good,good,good,good,good,good,good,good,good,good
s1,Steinmetz,stein_hopkins,109,mua,mua,mua,mua,mua,mua,mua,mua,mua,mua,mua,mua,mua,mua,mua,mua,mua,mua
s1,Steinmetz,stein_hopkins,110,mua,good,good,good,good,good,good,good,good,good,good,good,good,mua,good,good,good,mua
s1,Steinmetz,stein_hopkins,113,good,good,good,good,good,good,good,good,good,good,good,good,good,good,good,good,good,good
s1,Steinmetz,stein_hopkins,117,good,good,good,good,good,good,good,good,good,good,good,good,good,good,good,good,good,good
s1,Steinmetz,stein_hopkins,118,mua,mua,mua,mua,mua,mua,mua,mua,mua,noise,mua,noise,mua,mua,noise,noise,noise,noise
s1,Steinmetz,stein_hopkins,119,mua,good,good,good,good,good,good,good,good,good,good,good,good,good,good,mua,good,good
s1,Steinmetz,stein_hopkins,120,good,good,good,good,good,good,good,good,good,good,good,good,good,good,good,good,good,good
s1,Steinmetz,stein_hopkins,122,mua,mua,mua,mua,mua,good,mua,good,good,good,good,good,good,good,good,good,good,good
s1,Steinmetz,stein_hopkins,125,good,good,good,good,good,good,good,good,good,good,good,good,good,good,good,good,good,good
s1,Steinmetz,stein_hopkins,126,good,good,good,good,good,good,good,good,good,good,good,good,good,good,good,good,good,good
s1,Steinmetz,stein_hopkins,127,mua,mua,mua,mua,mua,good,good,mua,mua,mua,good,good,mua,mua,mua,mua,mua,mua
s1,Steinmetz,stein_hopkins,128,mua,good,good,good,good,good,good,good,good,good,good,good,mua,mua,good,mua,good,mua
s1,Steinmetz,stein_hopkins,130,mua,good,good,good,mua,good,good,mua,good,mua,good,good,mua,good,good,good,good,mua
s1,Steinmetz,stein_hopkins,132,good,good,good,good,good,good,good,good,good,good,good,good,good,good,good,good,good,good
s1,Steinmetz,stein_hopkins,135,mua,mua,mua,mua,mua,mua,mua,mua,mua,good,good,good,mua,mua,mua,mua,mua,mua
s1,Steinmetz,stein_hopkins,140,good,good,good,good,good,good,good,good,good,good,good,good,good,good,good,good,good,good
s1,Steinmetz,stein_hopkins,141,mua,mua,mua,mua,mua,mua,mua,good,mua,good,good,good,good,good,good,good,good,good
s1,Steinmetz,stein_hopkins,142,good,good,good,good,good,good,good,good,good,good,good,good,good,good,good,good,good,good
s1,Steinmetz,stein_hopkins,144,good,good,good,good,good,good,good,good,good,good,good,good,good,good,good,good,good,good
s1,Steinmetz,stein_hopkins,145,mua,mua,mua,mua,mua,mua,mua,mua,mua,mua,mua,mua,mua,mua,mua,mua,mua,mua
s1,Steinmetz,stein_hopkins,146,mua,mua,mua,mua,mua,mua,mua,mua,mua,mua,mua,mua,mua,mua,mua,mua,mua,mua
s1,Steinmetz,stein_hopkins,154,mua,mua,mua,mua,mua,mua,mua,mua,mua,good,mua,good,mua,mua,mua,mua,mua,mua
s1,Steinmetz,stein_hopkins,155,good,good,good,good,good,good,good,good,good,good,good,good,good,good,good,good,good,good
s1,Steinmetz,stein_hopkins,156,mua,mua,mua,mua,mua,mua,mua,mua,mua,mua,mua,mua,mua,mua,mua,mua,mua,noise
s1,Steinmetz,stein_hopkins,157,noise,noise,noise,noise,noise,mua,noise,noise,mua,noise,good,mua,noise,mua,noise,mua,noise,noise
s1,Steinmetz,stein_hopkins,160,good,good,good,good,good,good,good,good,good,good,good,good,good,good,good,good,good,good
s1,Steinmetz,stein_hopkins,161,noise,mua,mua,mua,mua,mua,mua,mua,mua,mua,mua,mua,mua,mua,mua,mua,mua,noise
s1,Steinmetz,stein_hopkins,163,good,good,good,good,good,good,good,good,good,good,good,good,good,good,good,good,good,good
s1,Steinmetz,stein_hopkins,165,good,good,good,good,good,good,good,good,good,good,good,good,good,good,good,good,good,good
s1,Steinmetz,stein_hopkins,167,noise,noise,noise,noise,noise,mua,noise,noise,mua,noise,mua,noise,noise,mua,noise,mua,noise,noise
s1,Steinmetz,stein_hopkins,168,noise,good,good,good,good,noise,good,good,good,good,good,good,good,noise,good,good,good,good
s1,Steinmetz,stein_hopkins,169,mua,good,good,good,good,good,good,good,good,good,good,good,good,good,good,good,good,mua
s1,Steinmetz,stein_hopkins,171,good,good,good,good,good,good,good,good,good,good,good,good,good,good,good,good,good,good
s1,Steinmetz,stein_hopkins,172,mua,noise,noise,mua,noise,mua,noise,noise,mua,noise,mua,noise,noise,noise,noise,noise,noise,noise
s1,Steinmetz,stein_hopkins,174,noise,noise,noise,noise,noise,mua,noise,noise,noise,noise,noise,noise,noise,noise,noise,noise,noise,mua
s1,Steinmetz,stein_hopkins,177,mua,noise,noise,mua,noise,mua,noise,noise,noise,noise,noise,noise,noise,noise,noise,noise,noise,noise
s1,Steinmetz,stein_hopkins,179,noise,noise,noise,noise,noise,noise,noise,noise,noise,noise,mua,noise,noise,mua,noise,mua,noise,noise
s1,Steinmetz,stein_hopkins,180,mua,mua,mua,mua,mua,mua,mua,mua,mua,mua,mua,mua,mua,mua,mua,mua,mua,mua
s1,Steinmetz,stein_hopkins,184,mua,good,good,good,good,good,good,good,good,good,good,good,good,good,good,good,good,good
s1,Steinmetz,stein_hopkins,186,mua,mua,mua,mua,mua,mua,mua,mua,mua,mua,mua,mua,mua,mua,mua,mua,mua,mua
s1,Steinmetz,stein_hopkins,189,good,good,good,good,good,good,good,good,good,good,good,good,good,good,good,good,good,good
s1,Steinmetz,stein_hopkins,190,good,good,good,good,good,good,good,good,good,good,good,good,good,good,good,good,good,good
s1,Steinmetz,stein_hopkins,193,mua,mua,mua,mua,mua,good,mua,mua,mua,mua,good,mua,mua,mua,mua,mua,mua,mua
s1,Steinmetz,stein_hopkins,194,mua,good,good,good,good,good,good,good,good,good,good,good,good,mua,good,good,good,good
s1,Steinmetz,stein_hopkins,195,mua,mua,mua,mua,mua,mua,mua,mua,mua,mua,mua,mua,mua,mua,good,good,good,mua
s1,Steinmetz,stein_hopkins,196,mua,mua,mua,mua,good,good,good,mua,mua,good,good,good,mua,mua,good,mua,good,good
s1,Steinmetz,stein_hopkins,197,mua,mua,mua,mua,mua,mua,mua,mua,mua,mua,mua,mua,mua,mua,mua,mua,mua,mua
s1,Steinmetz,stein_hopkins,199,mua,noise,noise,noise,noise,noise,noise,noise,noise,noise,noise,noise,noise,noise,noise,noise,noise,noise
s1,Steinmetz,stein_hopkins,203,mua,good,good,good,good,good,good,good,good,mua,good,good,good,mua,good,mua,good,mua
s1,Steinmetz,stein_hopkins,206,good,good,good,good,good,good,good,good,good,good,good,good,good,good,good,good,good,good
s1,Steinmetz,stein_hopkins,208,good,good,good,good,good,good,good,good,good,mua,good,good,good,good,good,good,good,good
s1,Steinmetz,stein_hopkins,210,mua,mua,mua,mua,mua,mua,mua,mua,mua,mua,good,mua,mua,mua,mua,mua,mua,mua
s1,Steinmetz,stein_hopkins,211,mua,good,good,good,good,good,good,good,good,good,good,good,good,good,good,good,good,good
s1,Steinmetz,stein_hopkins,214,noise,noise,noise,noise,noise,noise,noise,noise,noise,noise,noise,noise,noise,noise,noise,noise,noise,noise
s1,Steinmetz,stein_hopkins,219,mua,mua,mua,mua,mua,mua,mua,mua,mua,mua,good,mua,mua,mua,mua,mua,mua,mua
s1,Steinmetz,stein_hopkins,223,mua,mua,mua,mua,mua,mua,mua,mua,mua,mua,mua,mua,mua,mua,mua,mua,mua,mua
s1,Steinmetz,stein_hopkins,225,noise,noise,noise,noise,noise,noise,noise,noise,noise,noise,noise,noise,noise,noise,noise,noise,noise,noise
s1,Steinmetz,stein_hopkins,226,mua,good,good,good,good,good,good,good,good,good,good,good,good,good,good,good,good,good
s1,Steinmetz,stein_hopkins,227,mua,good,good,good,good,good,good,good,good,good,good,good,mua,mua,mua,good,mua,mua
s1,Steinmetz,stein_hopkins,228,mua,mua,mua,mua,good,good,good,mua,mua,good,good,good,mua,mua,mua,good,good,mua
s1,Steinmetz,stein_hopkins,230,good,good,good,good,good,good,good,good,good,good,good,good,good,good,good,good,good,good
s1,Steinmetz,stein_hopkins,231,mua,noise,noise,noise,noise,noise,noise,noise,mua,mua,noise,mua,mua,mua,mua,noise,noise,mua
s1,Steinmetz,stein_hopkins,232,mua,mua,mua,mua,mua,good,mua,mua,mua,mua,good,mua,mua,mua,mua,mua,mua,mua
s1,Steinmetz,stein_hopkins,233,good,good,good,good,good,good,good,good,good,good,good,good,good,good,good,good,good,good
s1,Steinmetz,stein_hopkins,236,good,good,good,good,good,good,good,good,good,good,good,good,good,good,good,good,good,good
s1,Steinmetz,stein_hopkins,238,mua,good,mua,mua,good,good,good,mua,mua,good,good,good,mua,mua,mua,mua,mua,mua
s1,Steinmetz,stein_hopkins,241,mua,good,good,good,good,good,good,good,good,good,good,good,good,good,good,good,good,good
s1,Steinmetz,stein_hopkins,243,good,good,good,good,good,good,good,good,good,good,good,good,good,good,good,good,good,good
s1,Steinmetz,stein_hopkins,246,mua,mua,mua,mua,good,good,good,mua,mua,good,good,good,mua,mua,good,good,good,mua
s1,Steinmetz,stein_hopkins,247,mua,noise,noise,mua,noise,mua,mua,mua,mua,mua,mua,mua,mua,mua,noise,mua,noise,noise
s1,Steinmetz,stein_hopkins,248,good,good,good,good,good,good,good,good,good,good,good,good,good,good,good,good,good,good
s1,Steinmetz,stein_hopkins,249,noise,noise,noise,noise,noise,noise,noise,noise,noise,noise,noise,noise,noise,noise,noise,mua,noise,noise
s1,Steinmetz,stein_hopkins,251,mua,good,good,good,good,good,good,good,good,good,good,good,good,good,good,good,good,good
s1,Steinmetz,stein_hopkins,252,mua,good,good,good,good,good,good,good,good,good,good,good,good,good,good,good,good,good
s1,Steinmetz,stein_hopkins,253,good,good,good,good,good,good,good,good,good,good,good,good,good,good,good,good,good,good
s1,Steinmetz,stein_hopkins,254,mua,good,mua,mua,mua,good,mua,good,mua,good,good,good,mua,mua,mua,good,mua,mua
s1,Steinmetz,stein_hopkins,255,noise,noise,noise,noise,noise,noise,noise,noise,noise,noise,mua,noise,noise,mua,noise,good,noise,noise
s1,Steinmetz,stein_hopkins,259,mua,good,good,good,good,good,good,good,good,good,good,good,mua,mua,good,good,good,good
s1,Steinmetz,stein_hopkins,261,mua,mua,mua,mua,mua,mua,mua,good,mua,good,mua,good,good,mua,good,good,good,good
s1,Steinmetz,stein_hopkins,262,noise,noise,noise,noise,noise,noise,noise,noise,noise,noise,noise,noise,noise,noise,noise,noise,noise,mua
s1,Steinmetz,stein_hopkins,263,good,good,good,good,good,good,good,good,good,good,good,good,good,good,good,good,good,good
s1,Steinmetz,stein_hopkins,265,mua,mua,mua,good,mua,good,good,mua,mua,mua,good,mua,mua,mua,mua,mua,mua,mua
s1,Steinmetz,stein_hopkins,267,mua,noise,mua,mua,noise,mua,noise,mua,mua,noise,mua,noise,noise,noise,noise,noise,noise,noise
s1,Steinmetz,stein_hopkins,269,mua,mua,good,mua,mua,good,mua,good,mua,good,good,good,good,mua,good,good,good,good
s1,Steinmetz,stein_hopkins,270,mua,mua,mua,mua,mua,mua,mua,mua,mua,mua,good,mua,mua,mua,mua,mua,mua,mua
s1,Steinmetz,stein_hopkins,271,noise,mua,mua,mua,mua,mua,mua,mua,mua,noise,mua,noise,noise,mua,noise,mua,noise,noise
s1,Steinmetz,stein_hopkins,273,mua,mua,mua,mua,mua,mua,mua,mua,mua,mua,good,mua,mua,mua,mua,mua,mua,mua
s1,Steinmetz,stein_hopkins,274,good,good,good,good,good,good,good,good,good,good,good,good,good,good,good,good,good,good
s1,Steinmetz,stein_hopkins,275,good,good,good,good,good,good,good,good,good,good,good,good,good,good,good,good,good,good
s1,Steinmetz,stein_hopkins,278,mua,mua,mua,mua,mua,mua,mua,good,mua,good,mua,good,mua,mua,good,mua,mua,mua
s1,Steinmetz,stein_hopkins,280,mua,good,good,good,good,good,good,good,good,good,good,good,good,good,good,good,good,good
s1,Steinmetz,stein_hopkins,283,noise,noise,noise,noise,mua,noise,noise,noise,noise,noise,noise,noise,noise,noise,noise,noise,noise,noise
s1,Steinmetz,stein_hopkins,285,good,good,good,good,good,good,good,good,good,good,good,good,good,good,good,good,good,good
s1,Steinmetz,stein_hopkins,286,noise,noise,noise,mua,noise,mua,noise,noise,mua,noise,good,noise,noise,noise,noise,noise,noise,noise
s1,Steinmetz,stein_hopkins,287,good,good,good,good,good,good,good,good,good,good,good,good,good,good,good,good,good,good
s1,Steinmetz,stein_hopkins,288,good,good,good,good,good,good,good,good,good,good,good,good,good,good,good,good,good,good
s1,Steinmetz,stein_hopkins,289,mua,good,good,good,good,good,good,good,good,good,good,good,good,good,good,good,good,good
s1,Steinmetz,stein_hopkins,291,good,good,good,good,good,good,good,good,good,good,good,good,good,good,good,good,good,good
s1,Steinmetz,stein_hopkins,293,mua,mua,mua,mua,mua,mua,mua,mua,mua,mua,mua,mua,mua,mua,mua,mua,mua,mua
s1,Steinmetz,stein_hopkins,295,mua,good,good,good,good,good,good,good,good,good,good,good,good,good,good,good,good,good
s1,Steinmetz,stein_hopkins,297,mua,good,good,mua,good,mua,good,good,mua,good,good,good,good,mua,good,good,good,good
s1,Steinmetz,stein_hopkins,298,noise,noise,noise,noise,noise,mua,noise,noise,mua,noise,mua,noise,mua,mua,noise,good,noise,noise
s1,Steinmetz,stein_hopkins,299,mua,mua,mua,mua,mua,mua,mua,mua,mua,mua,mua,mua,mua,mua,mua,mua,mua,mua
s1,Steinmetz,stein_hopkins,301,mua,mua,mua,mua,good,good,good,good,good,good,good,good,good,mua,good,good,good,good
s1,Steinmetz,stein_hopkins,304,mua,mua,mua,mua,mua,mua,mua,mua,mua,mua,mua,mua,noise,mua,mua,noise,mua,noise
s1,Steinmetz,stein_hopkins,305,good,good,good,good,good,good,good,good,good,good,good,good,good,good,good,good,good,good
s1,Steinmetz,stein_hopkins,308,mua,good,good,good,good,good,good,good,good,good,good,good,mua,mua,good,good,good,good
s1,Steinmetz,stein_hopkins,309,good,good,good,good,good,good,good,good,good,good,good,good,good,good,good,good,good,good
s1,Steinmetz,stein_hopkins,310,good,good,good,good,good,good,good,good,good,good,mua,mua,good,good,good,good,good,good
s1,Steinmetz,stein_hopkins,311,noise,noise,noise,noise,noise,noise,noise,noise,noise,noise,mua,noise,noise,mua,noise,noise,noise,noise
s1,Steinmetz,stein_hopkins,312,good,good,good,good,good,good,good,good,good,good,good,good,good,good,good,good,good,good
s1,Steinmetz,stein_hopkins,314,mua,good,good,good,good,good,good,good,good,good,good,good,good,good,good,good,good,good
s1,Steinmetz,stein_hopkins,316,mua,mua,mua,mua,mua,mua,mua,mua,mua,noise,noise,noise,noise,noise,noise,noise,noise,noise
s1,Steinmetz,stein_hopkins,318,mua,mua,mua,good,mua,good,mua,mua,mua,mua,good,good,mua,mua,mua,mua,mua,noise
s1,Steinmetz,stein_hopkins,320,mua,good,good,mua,good,good,good,good,good,good,good,good,good,good,good,good,good,mua
s1,Steinmetz,stein_hopkins,323,mua,mua,mua,mua,mua,good,mua,good,mua,good,good,good,mua,mua,mua,mua,mua,mua
s1,Steinmetz,stein_hopkins,325,mua,good,good,good,good,good,good,good,good,good,good,good,good,good,good,good,good,good
s1,Steinmetz,stein_hopkins,326,mua,good,good,good,good,good,good,good,good,good,good,good,good,good,good,good,good,good
s1,Steinmetz,stein_hopkins,328,mua,good,good,good,good,good,good,good,good,good,good,good,good,good,mua,good,good,good
s1,Steinmetz,stein_hopkins,330,good,good,good,good,good,good,good,good,good,good,good,good,good,good,good,good,good,good
s1,Steinmetz,stein_hopkins,332,mua,good,mua,good,good,good,good,mua,good,good,good,good,mua,mua,noise,good,noise,noise
s1,Steinmetz,stein_hopkins,335,mua,mua,mua,mua,mua,mua,mua,mua,mua,mua,mua,mua,mua,mua,mua,mua,mua,mua
s1,Steinmetz,stein_hopkins,337,mua,mua,mua,mua,mua,mua,mua,mua,mua,mua,good,mua,mua,mua,mua,mua,mua,mua
s1,Steinmetz,stein_hopkins,340,good,good,good,good,good,good,good,good,good,good,good,good,good,good,good,good,good,good
s1,Steinmetz,stein_hopkins,342,good,good,good,good,good,good,good,good,good,good,good,good,good,good,good,good,good,good
s1,Steinmetz,stein_hopkins,343,good,good,good,good,good,good,good,good,good,good,good,good,good,good,good,good,good,good
s1,Steinmetz,stein_hopkins,344,mua,good,good,good,good,good,good,good,good,good,good,good,mua,mua,mua,good,mua,mua
s1,Steinmetz,stein_hopkins,345,mua,good,good,good,good,good,good,mua,good,mua,good,good,mua,mua,mua,good,mua,mua
s1,Steinmetz,stein_hopkins,346,noise,noise,noise,noise,noise,noise,noise,noise,noise,noise,noise,noise,noise,noise,noise,noise,noise,noise
s1,Steinmetz,stein_hopkins,350,mua,good,good,good,good,good,good,good,good,good,good,good,good,good,good,good,good,good
s1,Steinmetz,stein_hopkins,351,good,good,good,good,good,good,good,good,good,good,good,good,good,good,good,good,good,good
s1,Steinmetz,stein_hopkins,353,mua,mua,mua,mua,good,mua,mua,good,mua,good,good,good,mua,mua,mua,mua,mua,mua
s1,Steinmetz,stein_hopkins,354,mua,noise,noise,mua,mua,mua,mua,mua,good,good,mua,good,mua,mua,mua,mua,mua,mua
s1,Steinmetz,stein_hopkins,355,mua,mua,mua,mua,mua,mua,mua,mua,mua,mua,good,mua,mua,mua,mua,mua,mua,mua
s1,Steinmetz,stein_hopkins,356,mua,good,good,good,good,good,good,good,good,mua,good,mua,good,good,good,good,good,good
s1,Steinmetz,stein_hopkins,358,mua,mua,mua,mua,mua,mua,mua,mua,mua,mua,mua,mua,noise,mua,mua,mua,mua,mua
s1,Steinmetz,stein_hopkins,361,noise,noise,noise,noise,noise,noise,noise,noise,noise,noise,noise,noise,noise,noise,noise,noise,noise,noise
s1,Steinmetz,stein_hopkins,362,noise,noise,mua,mua,noise,mua,noise,mua,mua,mua,good,mua,mua,mua,noise,mua,noise,noise
s1,Steinmetz,stein_hopkins,363,mua,noise,noise,noise,noise,noise,noise,noise,noise,noise,noise,noise,noise,noise,noise,noise,noise,noise
s1,Steinmetz,stein_hopkins,366,good,good,good,good,good,good,good,good,good,good,good,good,good,good,good,good,good,good
s1,Steinmetz,stein_hopkins,369,mua,mua,mua,mua,mua,mua,mua,mua,mua,mua,mua,mua,mua,mua,mua,mua,mua,mua
s1,Steinmetz,stein_hopkins,372,mua,good,good,good,good,good,good,good,good,good,good,good,good,good,good,good,good,mua
s1,Steinmetz,stein_hopkins,373,good,good,good,good,good,good,good,good,good,good,good,good,good,good,good,good,good,good
s1,Steinmetz,stein_hopkins,375,mua,mua,mua,mua,mua,mua,mua,mua,mua,mua,good,mua,mua,mua,mua,mua,mua,mua
s1,Steinmetz,stein_hopkins,376,good,good,good,good,good,good,good,good,good,good,good,good,good,good,good,good,good,good
s1,Steinmetz,stein_hopkins,377,good,good,good,good,good,good,good,good,good,good,good,good,good,good,good,good,good,good
s1,Steinmetz,stein_hopkins,379,noise,noise,noise,noise,noise,mua,noise,mua,mua,noise,good,mua,noise,noise,noise,noise,noise,noise
s1,Steinmetz,stein_hopkins,381,mua,mua,mua,mua,mua,mua,mua,mua,mua,mua,mua,mua,mua,mua,mua,mua,mua,mua
s1,Steinmetz,stein_hopkins,383,good,good,good,good,good,good,good,good,good,good,good,good,good,good,good,good,good,good
s1,Steinmetz,stein_hopkins,384,mua,good,good,good,good,good,good,mua,mua,good,good,good,mua,mua,mua,good,mua,mua
s1,Steinmetz,stein_hopkins,385,mua,good,good,good,good,good,good,good,good,good,good,good,mua,mua,good,good,good,mua
s1,Steinmetz,stein_hopkins,386,mua,mua,mua,mua,mua,mua,mua,mua,mua,mua,good,mua,mua,mua,mua,mua,mua,mua
s1,Steinmetz,stein_hopkins,387,good,good,good,good,good,good,good,good,good,good,good,good,good,good,good,good,good,good
s1,Steinmetz,stein_hopkins,390,mua,mua,mua,mua,mua,mua,mua,mua,mua,mua,mua,mua,noise,noise,mua,noise,noise,noise
s1,Steinmetz,stein_hopkins,391,mua,noise,noise,noise,noise,mua,noise,noise,noise,noise,noise,noise,noise,noise,noise,noise,noise,noise
s1,Steinmetz,stein_hopkins,392,mua,good,mua,good,good,good,good,mua,good,mua,mua,mua,mua,mua,mua,mua,mua,mua
s1,Steinmetz,stein_hopkins,394,mua,good,good,good,good,good,good,good,good,good,good,good,good,good,good,good,good,good
s1,Steinmetz,stein_hopkins,397,mua,noise,noise,mua,mua,mua,mua,mua,mua,mua,mua,mua,noise,mua,noise,mua,noise,noise
s1,Steinmetz,stein_hopkins,399,good,good,good,good,good,good,good,good,good,good,good,good,good,good,good,good,good,good
s1,Steinmetz,stein_hopkins,401,good,good,good,good,good,good,good,good,good,good,good,good,good,good,good,good,good,good
s1,Steinmetz,stein_hopkins,402,mua,mua,mua,mua,mua,mua,mua,mua,mua,mua,mua,mua,mua,mua,mua,mua,mua,mua
s1,Steinmetz,stein_hopkins,405,good,good,good,good,good,good,good,good,good,good,good,good,good,good,good,good,good,good
s1,Steinmetz,stein_hopkins,406,mua,good,good,good,good,good,good,good,good,good,good,good,good,good,good,good,good,good
s1,Steinmetz,stein_hopkins,408,noise,noise,noise,noise,noise,mua,noise,noise,mua,noise,mua,mua,noise,mua,noise,noise,noise,noise
s1,Steinmetz,stein_hopkins,411,mua,mua,mua,mua,mua,mua,mua,mua,mua,mua,mua,mua,mua,mua,mua,mua,mua,mua
s1,Steinmetz,stein_hopkins,414,mua,mua,mua,mua,mua,noise,noise,mua,mua,mua,noise,noise,mua,mua,mua,noise,mua,noise
s1,Steinmetz,stein_hopkins,415,mua,good,good,good,good,good,good,good,good,good,good,good,mua,mua,good,good,good,mua
s1,Steinmetz,stein_hopkins,416,mua,mua,mua,mua,mua,mua,mua,mua,mua,mua,mua,mua,mua,mua,mua,mua,mua,mua
s1,Steinmetz,stein_hopkins,418,mua,mua,mua,mua,mua,noise,mua,mua,mua,good,mua,mua,mua,mua,noise,good,mua,noise
s1,Steinmetz,stein_hopkins,420,mua,good,good,good,good,good,good,good,good,good,good,good,good,mua,good,good,good,good
s1,Steinmetz,stein_hopkins,421,good,good,good,good,good,good,good,good,good,good,good,good,good,good,good,good,good,good
s1,Steinmetz,stein_hopkins,423,good,good,good,good,good,good,good,good,good,good,good,good,good,good,good,good,good,good
s1,Steinmetz,stein_hopkins,424,mua,good,good,mua,good,good,good,mua,mua,mua,good,mua,mua,mua,good,good,good,mua
s1,Steinmetz,stein_hopkins,426,mua,good,good,good,good,good,good,good,good,good,good,good,good,good,good,good,good,good
s1,Steinmetz,stein_hopkins,427,noise,noise,noise,noise,noise,mua,noise,noise,noise,noise,noise,noise,noise,noise,noise,noise,noise,noise
s1,Steinmetz,stein_hopkins,428,good,good,good,good,good,good,good,good,good,good,good,good,good,good,good,good,good,good
s1,Steinmetz,stein_hopkins,429,good,good,good,good,good,good,good,good,good,good,good,good,good,good,good,good,good,good
s1,Steinmetz,stein_hopkins,431,mua,good,mua,mua,good,good,good,good,good,good,good,good,noise,mua,good,noise,good,good
s1,Steinmetz,stein_hopkins,433,mua,good,good,good,good,good,good,good,good,good,good,good,good,good,good,good,good,good
s1,Steinmetz,stein_hopkins,437,mua,mua,mua,mua,mua,mua,mua,mua,mua,mua,mua,mua,mua,mua,mua,mua,mua,mua
s1,Steinmetz,stein_hopkins,438,good,good,good,good,good,good,good,good,good,good,good,good,good,good,good,good,good,good
s1,Steinmetz,stein_hopkins,439,noise,noise,noise,mua,noise,good,noise,mua,mua,noise,good,noise,noise,noise,noise,noise,noise,noise
s1,Steinmetz,stein_hopkins,440,mua,mua,mua,mua,mua,good,mua,good,good,good,good,good,good,good,mua,mua,mua,mua
s1,Steinmetz,stein_hopkins,441,mua,good,good,good,good,good,good,good,good,good,good,good,good,good,good,good,good,good
s1,Steinmetz,stein_hopkins,443,good,good,good,good,good,good,good,good,good,good,good,good,good,good,good,good,good,good
s1,Steinmetz,stein_hopkins,444,mua,noise,noise,mua,noise,noise,noise,mua,mua,good,mua,good,good,mua,mua,good,mua,mua
s1,Steinmetz,stein_hopkins,446,mua,mua,mua,mua,mua,mua,mua,mua,mua,good,mua,good,mua,mua,mua,mua,mua,mua
s1,Steinmetz,stein_hopkins,447,mua,mua,mua,mua,mua,mua,mua,mua,mua,mua,mua,mua,mua,mua,mua,mua,mua,mua
s1,Steinmetz,stein_hopkins,453,good,good,good,good,good,good,good,good,good,good,good,good,good,good,good,good,good,good
s1,Steinmetz,stein_hopkins,456,mua,mua,mua,mua,mua,mua,mua,mua,mua,mua,mua,mua,mua,mua,mua,mua,mua,mua
s1,Steinmetz,stein_hopkins,457,mua,good,good,good,good,good,good,good,good,good,good,good,good,good,good,good,good,good
s1,Steinmetz,stein_hopkins,461,good,good,good,good,good,good,good,good,good,good,good,good,good,good,good,good,good,good
s1,Steinmetz,stein_hopkins,462,noise,noise,noise,noise,noise,mua,noise,noise,good,noise,good,good,noise,noise,noise,noise,noise,good
s1,Steinmetz,stein_hopkins,463,mua,mua,mua,mua,mua,mua,mua,mua,mua,mua,good,mua,mua,mua,mua,good,good,mua
s1,Steinmetz,stein_hopkins,464,mua,good,good,good,good,good,good,good,good,good,good,good,good,good,good,good,good,good
s1,Steinmetz,stein_hopkins,465,mua,good,good,mua,mua,mua,mua,mua,mua,mua,good,mua,mua,mua,mua,mua,mua,mua
s1,Steinmetz,stein_hopkins,467,good,good,good,good,good,good,good,good,good,good,good,good,good,good,good,good,good,good
s1,Steinmetz,stein_hopkins,468,mua,good,good,good,good,good,good,good,good,good,good,good,good,good,good,good,good,good
s1,Steinmetz,stein_hopkins,470,mua,mua,mua,mua,good,good,good,mua,mua,good,good,good,mua,mua,good,good,good,mua
s1,Steinmetz,stein_hopkins,471,mua,mua,mua,mua,mua,good,mua,mua,good,good,good,good,mua,mua,mua,good,mua,mua
s1,Steinmetz,stein_hopkins,472,good,good,good,good,good,good,good,good,good,good,good,good,good,good,good,good,good,good
s1,Steinmetz,stein_hopkins,473,noise,noise,noise,mua,noise,noise,noise,noise,noise,noise,noise,noise,noise,noise,noise,noise,noise,noise
s1,Steinmetz,stein_hopkins,474,mua,mua,mua,mua,mua,mua,mua,mua,mua,mua,mua,mua,mua,mua,mua,mua,mua,mua
s1,Steinmetz,stein_hopkins,475,noise,noise,noise,noise,noise,mua,noise,good,good,good,good,good,mua,mua,noise,good,noise,noise
s1,Steinmetz,stein_hopkins,476,noise,noise,noise,noise,noise,noise,noise,noise,noise,noise,noise,noise,noise,noise,noise,good,noise,mua
s1,Steinmetz,stein_hopkins,477,mua,mua,mua,mua,mua,mua,mua,mua,mua,mua,mua,mua,noise,noise,noise,noise,noise,noise
s1,Steinmetz,stein_hopkins,478,good,good,good,good,good,good,good,good,good,good,good,good,good,good,good,good,good,good
s1,Steinmetz,stein_hopkins,479,good,good,good,good,good,good,good,good,good,good,good,good,good,good,good,good,good,good
s1,Steinmetz,stein_hopkins,481,noise,noise,noise,noise,noise,noise,noise,noise,noise,noise,noise,noise,noise,noise,noise,noise,noise,noise
s1,Steinmetz,stein_hopkins,482,mua,mua,mua,mua,mua,good,good,good,good,good,good,good,mua,good,mua,good,mua,good
s1,Steinmetz,stein_hopkins,483,good,good,good,good,good,good,good,good,good,good,good,good,good,good,good,good,good,good
s1,Steinmetz,stein_hopkins,484,mua,good,good,good,good,good,good,good,good,good,good,good,mua,mua,good,good,good,mua
s1,Steinmetz,stein_hopkins,485,mua,mua,mua,mua,mua,mua,mua,mua,mua,mua,mua,mua,mua,mua,mua,mua,mua,mua
s1,Steinmetz,stein_hopkins,486,mua,good,good,good,good,good,good,good,good,good,good,good,good,good,good,good,good,good
s1,Steinmetz,stein_hopkins,487,mua,good,good,good,good,good,good,good,good,good,good,good,good,good,good,good,good,good
s1,Steinmetz,stein_hopkins,489,mua,mua,mua,mua,mua,mua,mua,mua,mua,mua,mua,mua,mua,mua,mua,mua,mua,mua
s1,Steinmetz,stein_hopkins,490,noise,noise,noise,noise,noise,noise,noise,noise,mua,noise,mua,noise,mua,mua,noise,mua,noise,noise
s1,Steinmetz,stein_hopkins,491,mua,good,mua,mua,mua,mua,mua,mua,mua,mua,good,mua,mua,mua,mua,mua,mua,noise
s1,Steinmetz,stein_hopkins,492,mua,mua,mua,mua,mua,good,mua,mua,mua,good,good,good,mua,mua,mua,mua,mua,mua
s1,Steinmetz,stein_hopkins,494,mua,mua,mua,mua,mua,mua,mua,mua,mua,mua,mua,mua,mua,mua,mua,mua,mua,mua
s1,Steinmetz,stein_hopkins,496,good,good,good,good,good,good,good,good,good,good,good,good,good,good,good,good,good,good
s1,Steinmetz,stein_hopkins,497,mua,mua,mua,mua,mua,mua,mua,mua,mua,mua,mua,mua,mua,mua,mua,mua,mua,mua
s1,Steinmetz,stein_hopkins,498,good,good,good,good,good,good,good,good,good,good,good,good,good,good,good,good,good,good
s1,Steinmetz,stein_hopkins,499,mua,mua,mua,mua,mua,mua,mua,mua,mua,mua,mua,mua,mua,mua,mua,mua,mua,mua
s1,Steinmetz,stein_hopkins,502,good,good,good,good,good,good,good,good,good,good,good,good,good,good,good,good,good,good
s1,Steinmetz,stein_hopkins,503,mua,good,good,good,good,good,good,good,good,good,good,good,good,mua,good,mua,good,mua
s1,Steinmetz,stein_hopkins,505,mua,noise,mua,mua,mua,mua,mua,noise,noise,noise,noise,noise,noise,mua,noise,mua,noise,noise
s1,Steinmetz,stein_hopkins,507,mua,mua,good,mua,good,mua,good,good,mua,good,good,good,good,mua,good,good,good,good
s1,Steinmetz,stein_hopkins,508,mua,mua,mua,mua,mua,good,mua,good,mua,good,good,good,mua,mua,mua,good,mua,mua
s1,Steinmetz,stein_hopkins,509,mua,mua,mua,mua,mua,mua,mua,good,mua,good,mua,good,mua,mua,mua,mua,mua,mua
s1,Steinmetz,stein_hopkins,510,mua,good,good,good,good,good,good,good,good,good,good,good,good,good,good,good,good,good
s1,Steinmetz,stein_hopkins,511,mua,mua,mua,mua,mua,mua,mua,mua,mua,mua,mua,mua,mua,mua,mua,mua,mua,noise
s1,Steinmetz,stein_hopkins,512,mua,good,good,good,good,good,good,good,good,good,good,good,good,good,good,good,good,good
s1,Steinmetz,stein_hopkins,513,mua,good,good,good,good,good,good,good,good,good,good,good,good,good,good,good,good,mua
s1,Steinmetz,stein_hopkins,516,good,good,good,good,good,good,good,good,good,good,good,good,good,good,good,good,good,good
s1,Steinmetz,stein_hopkins,518,good,good,good,good,good,good,good,good,good,good,good,good,good,good,good,good,good,good
s1,Steinmetz,stein_hopkins,520,mua,mua,mua,mua,mua,mua,mua,mua,mua,mua,mua,mua,mua,mua,mua,mua,mua,mua
s1,Steinmetz,stein_hopkins,523,mua,good,good,good,good,good,good,good,good,good,good,good,mua,mua,good,mua,good,mua
s1,Steinmetz,stein_hopkins,525,mua,mua,mua,mua,mua,mua,mua,mua,mua,mua,mua,mua,noise,mua,mua,mua,mua,noise
s1,Steinmetz,stein_hopkins,529,mua,mua,mua,mua,mua,good,good,mua,good,good,good,good,mua,mua,mua,good,mua,mua
s1,Steinmetz,stein_hopkins,530,mua,good,good,good,good,good,good,good,good,good,good,good,good,good,good,good,good,good
s1,Steinmetz,stein_hopkins,531,noise,noise,noise,noise,noise,mua,noise,noise,noise,noise,noise,noise,noise,noise,noise,noise,noise,noise
s1,Steinmetz,stein_hopkins,532,good,good,good,good,good,good,good,good,good,good,good,good,good,good,good,good,good,good
s1,Steinmetz,stein_hopkins,533,noise,noise,noise,noise,noise,noise,noise,noise,noise,noise,noise,noise,noise,noise,noise,noise,noise,noise
s1,Steinmetz,stein_hopkins,535,good,good,good,good,good,good,good,good,good,good,good,good,good,good,good,good,good,good
s1,Steinmetz,stein_hopkins,536,noise,noise,noise,noise,noise,mua,noise,noise,noise,noise,noise,noise,noise,noise,noise,noise,noise,noise
s1,Steinmetz,stein_hopkins,537,mua,mua,mua,mua,mua,mua,mua,mua,mua,good,good,good,mua,mua,mua,mua,mua,mua
s1,Steinmetz,stein_hopkins,538,mua,mua,mua,mua,mua,good,mua,mua,mua,mua,mua,mua,mua,mua,mua,good,mua,mua
s1,Steinmetz,stein_hopkins,541,mua,mua,mua,mua,mua,mua,mua,good,mua,good,mua,good,mua,mua,good,mua,good,good
s1,Steinmetz,stein_hopkins,542,noise,mua,mua,noise,noise,mua,mua,noise,noise,noise,mua,noise,mua,mua,noise,mua,mua,noise
s1,Steinmetz,stein_hopkins,543,good,good,good,good,good,good,good,good,good,good,good,good,good,good,good,good,good,good
s1,Steinmetz,stein_hopkins,544,good,good,good,good,good,good,good,good,good,good,good,good,good,good,good,good,good,good
s1,Steinmetz,stein_hopkins,545,mua,mua,mua,mua,good,good,good,good,mua,good,good,good,good,good,good,good,good,good
s1,Steinmetz,stein_hopkins,546,mua,good,good,good,good,good,good,good,good,good,good,good,good,good,good,good,good,good
s1,Steinmetz,stein_hopkins,548,noise,noise,noise,noise,noise,noise,noise,noise,mua,noise,noise,noise,noise,noise,noise,noise,noise,noise
s1,Steinmetz,stein_hopkins,550,mua,mua,mua,mua,mua,mua,mua,mua,mua,good,good,good,mua,mua,mua,mua,mua,good
s1,Steinmetz,stein_hopkins,551,mua,good,good,good,good,good,good,good,good,good,good,good,good,good,good,good,good,good
s1,Steinmetz,stein_hopkins,552,mua,mua,mua,mua,mua,mua,mua,mua,mua,mua,good,mua,mua,mua,mua,mua,mua,mua
s1,Steinmetz,stein_hopkins,553,noise,noise,noise,noise,noise,noise,noise,noise,mua,noise,mua,noise,noise,mua,noise,noise,noise,mua
s1,Steinmetz,stein_hopkins,555,mua,good,good,good,good,good,good,good,good,good,good,good,mua,mua,mua,good,mua,noise
s1,Steinmetz,stein_hopkins,560,mua,mua,mua,mua,mua,mua,mua,mua,mua,mua,good,mua,mua,mua,mua,mua,mua,noise
s1,Steinmetz,stein_hopkins,562,mua,good,good,good,good,good,good,good,good,good,good,good,good,good,good,good,good,mua
s1,Steinmetz,stein_hopkins,564,mua,mua,mua,mua,mua,mua,mua,mua,mua,mua,mua,mua,mua,mua,mua,mua,mua,mua
s1,Steinmetz,stein_hopkins,565,mua,mua,mua,mua,mua,mua,mua,mua,mua,mua,mua,mua,mua,mua,mua,mua,mua,mua
s1,Steinmetz,stein_hopkins,568,noise,noise,noise,noise,noise,mua,noise,noise,mua,noise,mua,noise,noise,noise,noise,good,noise,noise
s1,Steinmetz,stein_hopkins,569,good,good,good,good,good,good,good,good,good,good,good,good,good,good,good,good,good,good
s1,Steinmetz,stein_hopkins,571,mua,mua,mua,mua,mua,mua,mua,mua,mua,good,good,good,mua,mua,mua,mua,mua,mua
s1,Steinmetz,stein_hopkins,572,good,good,good,good,good,good,good,good,good,good,good,good,good,good,good,good,good,good
s1,Steinmetz,stein_hopkins,575,mua,mua,mua,mua,mua,mua,mua,mua,mua,good,mua,mua,mua,mua,noise,mua,mua,mua
s1,Steinmetz,stein_hopkins,577,noise,noise,noise,noise,noise,mua,noise,noise,mua,noise,mua,noise,noise,mua,noise,good,noise,mua
s1,Steinmetz,stein_hopkins,579,good,good,good,good,good,good,good,good,good,good,good,good,good,good,good,good,good,good
s1,Steinmetz,stein_hopkins,582,good,mua,good,mua,mua,good,good,good,mua,good,good,good,good,mua,good,good,good,good
s1,Steinmetz,stein_hopkins,583,good,good,good,mua,good,good,good,good,good,good,good,good,good,good,good,good,good,good
s1,Steinmetz,stein_hopkins,584,mua,good,good,good,good,good,good,good,good,good,good,good,good,good,good,good,good,good
s1,Steinmetz,stein_hopkins,586,mua,good,good,good,good,good,good,good,good,good,good,good,good,good,good,good,good,good
s1,Steinmetz,stein_hopkins,587,noise,noise,noise,noise,noise,noise,noise,noise,noise,noise,noise,noise,noise,noise,noise,noise,noise,noise
s1,Steinmetz,stein_hopkins,588,good,good,good,good,good,good,good,good,good,good,good,good,good,good,good,good,good,good
s1,Steinmetz,stein_hopkins,591,noise,noise,noise,noise,noise,noise,noise,mua,noise,good,good,good,noise,noise,noise,noise,noise,noise
s1,Steinmetz,stein_hopkins,593,mua,good,good,good,good,good,good,good,good,good,good,good,good,good,good,good,good,good
s1,Steinmetz,stein_hopkins,595,mua,good,good,good,good,good,good,good,good,good,good,good,mua,mua,good,mua,good,good
s1,Steinmetz,stein_hopkins,599,mua,good,good,good,good,good,good,good,good,good,good,good,good,good,good,good,good,good
s1,Steinmetz,stein_hopkins,601,noise,noise,noise,noise,noise,noise,noise,mua,mua,good,mua,noise,noise,mua,noise,mua,noise,noise
s1,Steinmetz,stein_hopkins,602,mua,good,good,good,good,good,good,good,good,good,good,good,good,good,good,good,good,good
s1,Steinmetz,stein_hopkins,603,mua,mua,mua,good,good,good,good,mua,mua,good,good,good,mua,good,good,good,good,good
s1,Steinmetz,stein_hopkins,604,mua,mua,mua,mua,mua,mua,mua,noise,mua,noise,mua,noise,noise,mua,noise,noise,noise,noise
s1,Steinmetz,stein_hopkins,607,good,good,good,good,good,good,good,good,good,good,good,good,good,good,good,good,good,good
s1,Steinmetz,stein_hopkins,613,noise,noise,noise,noise,noise,mua,noise,noise,noise,noise,noise,noise,noise,noise,noise,mua,noise,noise
s1,Steinmetz,stein_hopkins,614,mua,mua,mua,mua,good,mua,good,good,mua,good,good,good,mua,mua,mua,mua,mua,good
s1,Steinmetz,stein_hopkins,615,good,good,good,good,good,good,good,good,good,good,good,good,good,good,good,good,good,good
s1,Steinmetz,stein_hopkins,617,mua,good,good,good,good,good,good,good,good,good,good,good,good,mua,good,good,good,good
s1,Steinmetz,stein_hopkins,620,mua,good,mua,mua,mua,good,mua,good,good,good,good,good,mua,good,mua,good,good,good
s1,Steinmetz,stein_hopkins,621,mua,noise,noise,noise,noise,mua,noise,noise,noise,noise,noise,noise,noise,noise,noise,noise,noise,noise
s1,Steinmetz,stein_hopkins,622,mua,mua,mua,mua,mua,mua,mua,mua,mua,good,good,good,mua,mua,mua,mua,mua,mua
s1,Steinmetz,stein_hopkins,623,good,good,good,good,good,good,good,good,good,good,good,good,good,good,good,good,good,good
s1,Steinmetz,stein_hopkins,624,mua,good,good,good,good,good,good,good,good,good,good,good,good,good,good,good,good,good
s1,Steinmetz,stein_hopkins,626,mua,mua,mua,mua,mua,mua,mua,mua,mua,mua,mua,mua,mua,mua,noise,mua,noise,mua
s1,Steinmetz,stein_hopkins,628,mua,good,good,good,good,good,good,good,good,good,good,good,good,mua,good,good,good,good
s1,Steinmetz,stein_hopkins,629,mua,mua,mua,mua,mua,noise,mua,mua,mua,mua,mua,mua,mua,mua,mua,mua,mua,mua
s1,Steinmetz,stein_hopkins,630,mua,mua,mua,mua,mua,mua,mua,mua,mua,mua,mua,mua,mua,mua,mua,mua,mua,mua
s1,Steinmetz,stein_hopkins,631,noise,noise,noise,noise,noise,noise,noise,noise,mua,mua,noise,mua,noise,mua,noise,noise,noise,mua
s1,Steinmetz,stein_hopkins,632,noise,noise,noise,noise,noise,noise,noise,noise,noise,noise,noise,noise,noise,noise,noise,noise,noise,noise
s1,Steinmetz,stein_hopkins,635,good,good,good,good,good,good,good,good,good,good,good,good,good,good,good,good,good,good
s1,Steinmetz,stein_hopkins,637,mua,mua,mua,mua,mua,mua,mua,mua,mua,mua,mua,mua,mua,mua,mua,mua,mua,mua
s1,Steinmetz,stein_hopkins,638,mua,mua,mua,mua,good,good,good,good,mua,good,good,good,mua,mua,good,mua,good,good
s1,Steinmetz,stein_hopkins,640,mua,good,good,good,good,good,good,good,good,good,good,good,good,good,good,good,good,mua
s1,Steinmetz,stein_hopkins,642,mua,good,good,good,good,good,good,good,good,good,good,good,good,good,good,good,good,good
s1,Steinmetz,stein_hopkins,644,mua,good,good,good,good,good,good,good,good,good,good,good,good,good,good,good,good,good
s1,Steinmetz,stein_hopkins,645,good,good,good,good,good,good,good,good,good,good,good,good,good,good,good,good,good,good
s1,Steinmetz,stein_hopkins,646,noise,noise,noise,noise,noise,noise,noise,noise,noise,noise,noise,noise,noise,noise,noise,noise,noise,noise
s1,Steinmetz,stein_hopkins,647,good,good,good,good,good,good,good,good,good,mua,good,good,good,good,good,good,good,good
s1,Steinmetz,stein_hopkins,649,mua,noise,noise,noise,noise,noise,noise,noise,mua,noise,mua,mua,noise,mua,mua,mua,mua,mua
s1,Steinmetz,stein_hopkins,650,mua,good,mua,mua,good,good,good,mua,mua,good,good,good,mua,mua,mua,mua,mua,mua
s1,Steinmetz,stein_hopkins,651,good,good,good,good,good,good,good,good,good,good,good,good,good,good,good,good,good,good
s1,Steinmetz,stein_hopkins,653,mua,good,good,good,good,good,good,good,good,good,good,good,mua,mua,good,good,good,mua
s1,Steinmetz,stein_hopkins,655,noise,noise,noise,noise,noise,noise,noise,noise,noise,noise,noise,noise,noise,noise,noise,noise,noise,good
s1,Steinmetz,stein_hopkins,656,mua,mua,mua,mua,mua,mua,mua,mua,mua,mua,mua,mua,mua,mua,mua,mua,mua,mua
s1,Steinmetz,stein_hopkins,657,noise,noise,noise,mua,noise,mua,noise,noise,mua,noise,good,noise,noise,noise,noise,good,noise,mua
s1,Steinmetz,stein_hopkins,658,mua,mua,mua,mua,mua,mua,mua,mua,mua,good,good,good,mua,mua,mua,mua,mua,mua
s1,Steinmetz,stein_hopkins,659,mua,mua,mua,mua,mua,mua,mua,mua,mua,mua,good,mua,mua,mua,mua,mua,mua,mua
s1,Steinmetz,stein_hopkins,660,mua,good,good,mua,good,mua,good,good,mua,good,mua,good,good,mua,good,good,good,mua
s1,Steinmetz,stein_hopkins,661,noise,noise,noise,noise,noise,mua,noise,mua,mua,noise,good,mua,noise,mua,noise,noise,noise,noise
s1,Steinmetz,stein_hopkins,663,mua,mua,good,mua,good,mua,good,mua,mua,good,mua,good,mua,mua,good,mua,good,mua
s1,Steinmetz,stein_hopkins,664,mua,mua,mua,mua,mua,good,mua,mua,mua,mua,good,mua,mua,mua,mua,mua,mua,mua
s1,Steinmetz,stein_hopkins,665,mua,good,good,good,good,good,good,good,good,good,good,good,good,mua,good,good,good,mua
s1,Steinmetz,stein_hopkins,667,mua,mua,mua,good,mua,good,good,mua,good,mua,good,mua,mua,mua,mua,mua,mua,mua
s1,Steinmetz,stein_hopkins,668,good,good,good,mua,good,good,good,good,good,mua,good,mua,good,mua,good,good,good,mua
s1,Steinmetz,stein_hopkins,670,mua,good,good,good,good,good,good,good,good,good,good,good,mua,mua,good,good,good,good
s1,Steinmetz,stein_hopkins,674,mua,noise,noise,mua,mua,mua,mua,noise,noise,mua,noise,mua,noise,noise,noise,noise,noise,noise
s1,Steinmetz,stein_hopkins,677,mua,mua,mua,mua,good,good,good,good,good,good,good,good,mua,mua,good,good,good,mua
s1,Steinmetz,stein_hopkins,678,good,good,good,good,good,good,good,good,good,good,good,good,good,good,good,good,good,good
s1,Steinmetz,stein_hopkins,681,good,good,good,good,good,good,good,good,good,good,good,good,good,good,good,good,good,good
s1,Steinmetz,stein_hopkins,682,mua,mua,mua,good,good,good,good,mua,mua,good,good,good,mua,mua,good,good,good,good
s1,Steinmetz,stein_hopkins,683,mua,good,good,good,good,good,good,good,good,good,good,good,good,good,good,good,good,good
s1,Steinmetz,stein_hopkins,685,mua,good,good,good,good,good,good,good,good,good,good,good,good,good,good,good,good,good
s1,Steinmetz,stein_hopkins,686,mua,mua,mua,mua,mua,good,mua,mua,mua,good,good,good,good,mua,good,mua,good,mua
s1,Steinmetz,stein_hopkins,688,mua,mua,mua,mua,good,good,good,mua,mua,good,good,good,mua,good,mua,good,mua,mua
s1,Steinmetz,stein_hopkins,690,mua,good,good,good,good,good,good,good,good,good,good,good,good,good,good,good,good,good
s1,Steinmetz,stein_hopkins,695,noise,noise,noise,noise,noise,noise,noise,noise,noise,mua,mua,mua,noise,noise,noise,noise,noise,noise
s1,Steinmetz,stein_hopkins,702,good,good,good,good,good,good,good,good,good,good,good,good,good,good,good,good,good,good
s1,Steinmetz,stein_hopkins,703,mua,mua,mua,mua,mua,mua,mua,mua,mua,mua,mua,mua,noise,noise,noise,mua,noise,noise
s1,Steinmetz,stein_hopkins,706,mua,good,good,good,good,good,good,good,good,good,good,good,good,good,good,good,good,good
s1,Steinmetz,stein_hopkins,708,mua,mua,mua,mua,mua,mua,mua,mua,mua,mua,mua,mua,mua,mua,mua,mua,mua,mua
s1,Steinmetz,stein_hopkins,710,mua,mua,mua,mua,mua,good,good,mua,good,good,good,good,mua,mua,mua,good,mua,noise
s1,Steinmetz,stein_hopkins,711,good,good,good,good,good,good,good,good,good,good,good,good,good,good,good,good,good,good
s1,Steinmetz,stein_hopkins,714,noise,noise,noise,noise,noise,mua,noise,good,good,noise,good,good,mua,mua,noise,noise,noise,noise
s1,Steinmetz,stein_hopkins,715,noise,noise,noise,noise,noise,mua,noise,noise,noise,noise,noise,noise,noise,noise,noise,noise,noise,noise
s1,Steinmetz,stein_hopkins,716,good,good,good,good,good,good,good,good,good,good,good,good,good,good,good,good,good,good
s1,Steinmetz,stein_hopkins,717,mua,good,good,good,good,good,good,good,good,good,good,good,mua,mua,mua,good,mua,noise
s1,Steinmetz,stein_hopkins,719,mua,good,good,good,good,good,good,good,good,good,good,good,good,good,good,good,good,good
s1,Steinmetz,stein_hopkins,720,mua,mua,mua,mua,mua,mua,mua,mua,mua,mua,mua,mua,mua,mua,mua,mua,mua,mua
s1,Steinmetz,stein_hopkins,724,mua,mua,mua,mua,mua,mua,mua,mua,mua,mua,mua,mua,noise,mua,noise,mua,noise,mua
s1,Steinmetz,stein_hopkins,728,noise,noise,mua,noise,noise,mua,noise,mua,mua,good,good,good,noise,noise,noise,good,noise,noise
s1,Steinmetz,stein_hopkins,729,mua,mua,mua,mua,mua,mua,mua,mua,mua,mua,mua,mua,mua,mua,mua,mua,mua,mua
s1,Steinmetz,stein_hopkins,731,good,good,good,good,good,good,good,good,good,good,good,good,good,good,good,good,good,good
s1,Steinmetz,stein_hopkins,732,good,good,good,good,good,good,good,good,good,good,good,good,good,good,good,good,good,good
s1,Steinmetz,stein_hopkins,733,mua,mua,mua,mua,mua,mua,mua,mua,mua,mua,good,mua,good,mua,mua,good,good,good
s1,Steinmetz,stein_hopkins,735,mua,mua,mua,mua,mua,mua,mua,mua,mua,mua,mua,mua,mua,mua,mua,mua,mua,mua
s1,Steinmetz,stein_hopkins,736,mua,good,good,mua,good,mua,good,good,mua,good,good,good,good,mua,good,good,good,good
s1,Steinmetz,stein_hopkins,737,noise,noise,noise,noise,noise,noise,noise,noise,noise,noise,noise,noise,noise,noise,noise,noise,noise,noise
s1,Steinmetz,stein_hopkins,740,mua,good,good,good,good,good,good,good,good,good,good,good,good,good,good,good,good,good
s1,Steinmetz,stein_hopkins,742,mua,noise,noise,noise,noise,noise,noise,noise,noise,noise,noise,noise,noise,noise,noise,noise,noise,noise
s1,Steinmetz,stein_hopkins,743,mua,noise,noise,noise,noise,noise,noise,noise,noise,noise,noise,noise,noise,noise,noise,noise,noise,noise
s1,Steinmetz,stein_hopkins,744,mua,mua,mua,mua,good,mua,mua,mua,mua,good,good,good,mua,mua,mua,mua,mua,mua
s1,Steinmetz,stein_hopkins,745,noise,noise,noise,noise,noise,noise,noise,noise,noise,noise,mua,noise,noise,noise,noise,good,noise,noise
s1,Steinmetz,stein_hopkins,747,mua,mua,mua,mua,mua,mua,mua,mua,mua,good,good,good,mua,mua,mua,good,mua,mua
s1,Steinmetz,stein_hopkins,748,mua,noise,noise,mua,noise,mua,noise,noise,noise,noise,mua,noise,noise,noise,noise,noise,noise,noise
s1,Steinmetz,stein_hopkins,751,mua,mua,mua,good,good,good,good,good,good,good,good,good,good,mua,good,good,good,mua
s1,Steinmetz,stein_hopkins,752,mua,mua,mua,good,mua,good,mua,mua,good,mua,good,mua,mua,mua,mua,mua,mua,mua
s1,Steinmetz,stein_hopkins,753,mua,good,good,good,good,good,good,good,good,good,good,good,mua,mua,noise,mua,noise,noise
s1,Steinmetz,stein_hopkins,754,mua,mua,mua,mua,mua,mua,mua,mua,mua,noise,noise,noise,noise,noise,noise,noise,noise,noise
s1,Steinmetz,stein_hopkins,755,mua,mua,mua,mua,mua,mua,mua,mua,mua,mua,mua,mua,mua,mua,mua,mua,mua,noise
s1,Steinmetz,stein_hopkins,756,mua,mua,mua,mua,mua,mua,mua,mua,mua,mua,good,good,mua,mua,mua,mua,mua,mua
s1,Steinmetz,stein_hopkins,758,mua,good,good,mua,mua,good,mua,good,good,good,good,good,good,mua,mua,good,mua,mua
s1,Steinmetz,stein_hopkins,760,mua,mua,mua,mua,good,mua,mua,mua,mua,mua,mua,mua,mua,mua,mua,mua,mua,mua
s1,Steinmetz,stein_hopkins,764,mua,good,good,good,good,good,good,good,good,good,good,good,good,good,good,good,good,good
s1,Steinmetz,stein_hopkins,765,good,good,good,good,good,good,good,good,good,good,good,good,good,good,good,good,good,good
s1,Steinmetz,stein_hopkins,766,mua,mua,mua,mua,mua,good,mua,mua,mua,mua,mua,mua,mua,mua,mua,good,good,good
s1,Steinmetz,stein_hopkins,767,mua,mua,mua,mua,mua,mua,mua,mua,mua,mua,mua,mua,mua,mua,mua,mua,mua,mua
s1,Steinmetz,stein_hopkins,771,good,good,good,good,good,good,good,good,good,good,good,good,good,good,good,good,good,good
s1,Steinmetz,stein_hopkins,772,noise,noise,noise,noise,noise,noise,noise,noise,noise,noise,noise,noise,noise,noise,noise,noise,noise,noise
s1,Steinmetz,stein_hopkins,773,mua,mua,mua,mua,mua,mua,mua,mua,mua,good,mua,mua,mua,mua,mua,mua,mua,good
s1,Steinmetz,stein_hopkins,774,noise,noise,noise,noise,noise,noise,noise,mua,mua,mua,mua,mua,noise,noise,noise,noise,noise,noise
s1,Steinmetz,stein_hopkins,775,good,good,good,good,good,good,good,good,good,good,good,good,good,good,good,good,good,good
s1,Steinmetz,stein_hopkins,776,good,good,good,good,good,good,good,good,good,good,good,good,good,good,good,good,good,good
s1,Steinmetz,stein_hopkins,777,good,good,good,good,good,good,good,good,good,good,good,good,good,good,good,good,good,good
s1,Steinmetz,stein_hopkins,779,mua,noise,noise,noise,noise,noise,noise,noise,noise,noise,noise,noise,noise,noise,noise,noise,noise,noise
s1,Steinmetz,stein_hopkins,781,good,good,good,good,good,good,good,good,good,good,good,good,good,good,good,good,good,good
s1,Steinmetz,stein_hopkins,782,noise,noise,noise,noise,noise,mua,noise,noise,noise,noise,mua,noise,noise,noise,noise,mua,noise,noise
s1,Steinmetz,stein_hopkins,784,mua,mua,mua,mua,mua,good,mua,good,good,mua,good,good,mua,mua,mua,noise,mua,noise
s1,Steinmetz,stein_hopkins,788,mua,mua,mua,mua,mua,mua,mua,good,mua,good,good,good,mua,mua,mua,mua,mua,mua
s1,Steinmetz,stein_hopkins,789,mua,good,good,mua,good,mua,good,mua,mua,good,mua,good,mua,mua,good,good,good,good
s1,Steinmetz,stein_hopkins,797,good,good,good,good,good,good,good,good,good,good,good,good,good,good,good,good,good,good
s1,Steinmetz,stein_hopkins,798,good,good,good,good,good,good,good,good,good,good,good,good,good,good,good,good,good,good
s1,Steinmetz,stein_hopkins,799,mua,mua,mua,mua,good,mua,mua,good,mua,good,mua,good,mua,mua,mua,mua,mua,mua
s1,Steinmetz,stein_hopkins,800,noise,noise,mua,noise,mua,noise,noise,mua,mua,mua,mua,mua,noise,noise,noise,noise,noise,noise
s1,Steinmetz,stein_hopkins,801,good,good,good,good,good,good,good,good,good,good,good,good,good,good,good,good,good,good
s1,Steinmetz,stein_hopkins,804,mua,good,good,good,good,good,good,good,good,good,good,good,good,good,good,good,good,good
s1,Steinmetz,stein_hopkins,805,good,good,good,good,good,good,good,good,good,good,good,good,good,good,good,good,good,good
s1,Steinmetz,stein_hopkins,811,mua,good,good,mua,good,good,good,good,good,good,good,good,good,good,good,good,good,good
s1,Steinmetz,stein_hopkins,812,good,good,good,mua,good,mua,good,good,good,good,mua,good,good,mua,good,good,good,good
s1,Steinmetz,stein_hopkins,813,noise,noise,noise,noise,noise,noise,noise,mua,mua,noise,noise,noise,noise,noise,noise,noise,noise,noise
s1,Steinmetz,stein_hopkins,815,mua,mua,mua,mua,good,good,good,mua,mua,good,good,good,mua,mua,good,mua,mua,mua
s1,Steinmetz,stein_hopkins,816,mua,good,good,mua,good,mua,good,good,mua,good,good,good,good,good,good,good,good,good
s1,Steinmetz,stein_hopkins,820,mua,mua,mua,mua,mua,good,good,mua,mua,good,good,good,mua,mua,mua,good,mua,mua
s1,Steinmetz,stein_hopkins,821,good,good,good,mua,good,good,good,good,good,good,good,good,good,good,good,good,good,good
s1,Steinmetz,stein_hopkins,822,good,good,good,good,good,good,good,good,good,good,good,good,good,good,good,good,good,good
s1,Steinmetz,stein_hopkins,823,mua,mua,mua,mua,good,mua,good,mua,mua,good,good,good,mua,mua,mua,good,mua,mua
s1,Steinmetz,stein_hopkins,824,noise,noise,noise,noise,noise,noise,noise,noise,noise,noise,noise,noise,noise,noise,noise,noise,noise,noise
s1,Steinmetz,stein_hopkins,825,good,good,good,good,good,good,good,good,good,good,good,good,good,good,good,good,good,good
s1,Steinmetz,stein_hopkins,826,good,good,good,good,good,good,good,good,good,good,good,good,good,good,good,good,good,good
s1,Steinmetz,stein_hopkins,828,mua,mua,mua,mua,mua,mua,mua,mua,mua,mua,mua,mua,mua,mua,mua,mua,mua,mua
s1,Steinmetz,stein_hopkins,829,mua,mua,mua,mua,mua,mua,mua,mua,mua,mua,mua,mua,mua,mua,good,good,good,good
s1,Steinmetz,stein_hopkins,830,good,good,good,good,good,good,good,good,good,good,good,good,good,good,good,good,good,good
s1,Steinmetz,stein_hopkins,831,good,good,good,good,good,good,good,good,good,good,good,good,good,good,good,good,good,good
s1,Steinmetz,stein_hopkins,832,mua,good,mua,good,good,good,good,good,good,good,good,good,good,good,good,good,good,good
s1,Steinmetz,stein_hopkins,833,mua,mua,mua,mua,mua,mua,mua,mua,mua,mua,mua,mua,mua,mua,mua,mua,mua,mua
s1,Steinmetz,stein_hopkins,837,mua,noise,noise,noise,noise,noise,noise,noise,noise,noise,noise,noise,noise,noise,noise,noise,noise,noise
s1,Steinmetz,stein_hopkins,838,good,good,good,good,good,good,good,good,good,good,good,good,good,good,good,good,good,good
s1,Steinmetz,stein_hopkins,839,mua,mua,mua,mua,mua,mua,mua,mua,mua,mua,mua,mua,mua,mua,mua,mua,mua,mua
s1,Steinmetz,stein_hopkins,841,mua,mua,mua,mua,mua,mua,mua,good,mua,good,mua,good,good,mua,good,mua,good,good
s1,Steinmetz,stein_hopkins,842,mua,mua,mua,mua,mua,mua,mua,mua,mua,mua,mua,mua,mua,mua,mua,mua,mua,mua
s1,Steinmetz,stein_hopkins,844,mua,mua,mua,mua,mua,mua,mua,mua,mua,mua,mua,mua,mua,mua,mua,mua,mua,mua
s1,Steinmetz,stein_hopkins,846,noise,noise,noise,noise,noise,noise,noise,noise,noise,noise,mua,noise,noise,noise,noise,noise,noise,noise
s1,Steinmetz,stein_hopkins,848,good,good,good,good,good,good,good,good,good,good,good,good,good,good,good,good,good,good
s1,Steinmetz,stein_hopkins,851,good,good,good,good,good,good,good,good,good,good,good,good,good,good,good,good,good,good
s1,Steinmetz,stein_hopkins,852,mua,mua,mua,mua,mua,mua,mua,good,good,good,good,good,mua,mua,mua,mua,mua,mua
s1,Steinmetz,stein_hopkins,859,mua,mua,mua,mua,mua,mua,mua,mua,mua,mua,mua,mua,mua,mua,mua,mua,mua,mua
s1,Steinmetz,stein_hopkins,861,noise,noise,noise,noise,noise,mua,noise,noise,noise,noise,noise,noise,noise,noise,noise,noise,noise,noise
s1,Steinmetz,stein_hopkins,863,mua,good,good,mua,good,good,good,good,mua,good,good,good,good,mua,good,mua,good,good
s1,Steinmetz,stein_hopkins,865,noise,noise,noise,noise,noise,noise,noise,mua,noise,mua,noise,noise,noise,noise,noise,noise,noise,mua
s1,Steinmetz,stein_hopkins,866,good,good,good,good,good,good,good,good,good,good,good,good,good,good,good,good,good,good
s1,Steinmetz,stein_hopkins,867,mua,mua,mua,mua,mua,mua,mua,mua,mua,mua,mua,mua,mua,mua,mua,mua,mua,mua
s1,Steinmetz,stein_hopkins,869,mua,good,mua,good,mua,good,mua,mua,good,good,good,good,mua,mua,good,good,good,mua
s1,Steinmetz,stein_hopkins,870,good,good,good,good,good,good,good,good,good,good,good,good,good,good,good,good,good,good
s1,Steinmetz,stein_hopkins,871,good,good,good,good,good,good,good,good,good,good,good,good,good,good,good,good,good,good
s1,Steinmetz,stein_hopkins,872,mua,mua,mua,mua,mua,mua,mua,mua,mua,mua,mua,mua,mua,mua,mua,mua,mua,mua
s1,Steinmetz,stein_hopkins,873,good,good,good,good,good,good,good,good,good,good,good,good,good,good,good,good,good,good
s1,Steinmetz,stein_hopkins,875,good,good,good,good,good,good,good,good,good,good,good,good,good,good,good,good,good,good
s1,Steinmetz,stein_hopkins,879,good,good,good,good,good,good,good,good,good,good,good,good,good,good,good,good,good,good
s1,Steinmetz,stein_hopkins,882,good,good,good,good,good,good,good,good,good,good,good,good,good,good,good,good,good,good
s1,Steinmetz,stein_hopkins,884,mua,mua,mua,mua,mua,mua,mua,mua,mua,mua,good,mua,mua,mua,mua,mua,mua,noise
s1,Steinmetz,stein_hopkins,885,mua,mua,mua,mua,mua,good,mua,mua,mua,good,good,good,mua,mua,mua,mua,mua,mua
s1,Steinmetz,stein_hopkins,886,good,good,good,good,good,good,good,good,good,good,good,good,good,good,good,good,good,good
s1,Steinmetz,stein_hopkins,890,mua,mua,mua,mua,mua,mua,mua,mua,mua,mua,mua,mua,mua,mua,mua,mua,mua,noise
s1,Steinmetz,stein_hopkins,895,good,good,good,good,good,good,good,good,good,good,good,good,good,good,good,good,good,good
s1,Steinmetz,stein_hopkins,896,good,good,good,good,good,good,good,good,good,good,good,good,good,good,good,good,good,good
s1,Steinmetz,stein_hopkins,898,noise,noise,noise,noise,noise,noise,noise,noise,noise,noise,noise,noise,noise,noise,noise,noise,noise,noise
s1,Steinmetz,stein_hopkins,899,mua,mua,mua,mua,mua,mua,mua,mua,mua,mua,mua,mua,mua,mua,mua,mua,mua,mua
s1,Steinmetz,stein_hopkins,901,good,good,good,good,good,good,good,good,good,good,good,good,good,good,good,good,good,good
s1,Steinmetz,stein_hopkins,902,mua,mua,mua,mua,good,good,good,good,good,good,good,good,good,good,good,good,good,good
s1,Steinmetz,stein_hopkins,903,mua,mua,mua,mua,mua,mua,mua,mua,mua,mua,mua,mua,mua,mua,mua,mua,mua,mua
s1,Steinmetz,stein_hopkins,904,good,good,good,good,good,good,good,good,good,good,good,good,good,good,good,good,good,good
s1,Steinmetz,stein_hopkins,908,mua,good,good,good,good,good,good,good,good,good,good,good,good,good,good,good,good,good
s1,Steinmetz,stein_hopkins,911,noise,noise,noise,noise,noise,noise,noise,noise,noise,good,good,good,noise,noise,noise,noise,noise,mua
s1,Steinmetz,stein_hopkins,912,mua,mua,mua,mua,mua,mua,mua,mua,mua,mua,mua,mua,mua,mua,mua,mua,mua,mua
s1,Steinmetz,stein_hopkins,913,mua,good,good,good,good,good,good,good,good,good,good,good,good,good,good,good,good,good
s1,Steinmetz,stein_hopkins,917,noise,noise,mua,mua,noise,mua,mua,mua,noise,noise,noise,noise,noise,noise,noise,noise,noise,noise
s1,Steinmetz,stein_hopkins,918,mua,good,good,good,good,good,good,good,good,good,good,good,good,good,good,mua,good,mua
s1,Steinmetz,stein_hopkins,920,mua,good,good,good,good,good,good,good,good,good,good,good,good,good,good,good,good,good
s1,Steinmetz,stein_hopkins,921,mua,mua,mua,mua,mua,mua,mua,mua,mua,mua,mua,mua,mua,mua,mua,mua,mua,mua
s1,Steinmetz,stein_hopkins,925,mua,good,good,good,good,good,good,good,good,good,good,good,good,good,good,good,good,mua
s1,Steinmetz,stein_hopkins,926,mua,good,good,good,good,good,good,good,good,good,good,good,good,good,good,good,good,good
s1,Steinmetz,stein_hopkins,927,mua,mua,mua,mua,good,good,good,mua,mua,mua,good,mua,mua,mua,good,good,good,good
s1,Steinmetz,stein_hopkins,928,mua,good,good,good,good,good,good,good,good,good,good,good,good,good,mua,good,good,mua
s1,Steinmetz,stein_hopkins,929,mua,mua,mua,mua,mua,mua,mua,mua,mua,mua,mua,mua,mua,mua,mua,mua,mua,mua
s1,Steinmetz,stein_hopkins,930,good,good,good,good,good,good,good,good,good,good,good,good,good,good,good,good,good,good
s1,Steinmetz,stein_hopkins,931,mua,good,good,good,good,good,good,good,good,good,good,good,good,good,good,good,good,good
s1,Steinmetz,stein_hopkins,933,mua,good,good,good,good,good,good,good,good,good,good,good,good,good,mua,good,mua,mua
s1,Steinmetz,stein_hopkins,934,mua,mua,mua,mua,mua,mua,mua,mua,mua,mua,mua,mua,mua,mua,noise,mua,noise,mua
s1,Steinmetz,stein_hopkins,935,mua,good,good,good,good,good,good,good,good,good,good,good,good,good,good,mua,good,good
s1,Steinmetz,stein_hopkins,936,noise,noise,noise,noise,noise,mua,noise,noise,noise,noise,mua,noise,noise,mua,noise,noise,noise,mua
s1,Steinmetz,stein_hopkins,939,good,good,good,good,good,good,good,good,good,good,good,good,good,good,good,good,good,good
s1,Steinmetz,stein_hopkins,940,mua,mua,good,good,mua,good,mua,good,good,good,good,good,good,good,good,good,good,good
s1,Steinmetz,stein_hopkins,941,noise,mua,mua,mua,mua,mua,mua,mua,mua,mua,mua,mua,mua,mua,mua,mua,mua,mua
s1,Steinmetz,stein_hopkins,942,mua,mua,mua,mua,mua,good,mua,mua,mua,mua,good,mua,mua,mua,mua,mua,mua,mua
s1,Steinmetz,stein_hopkins,944,mua,good,good,good,good,good,good,good,good,good,good,good,mua,mua,good,good,good,mua
s1,Steinmetz,stein_hopkins,945,noise,noise,noise,noise,noise,noise,noise,noise,mua,noise,mua,noise,noise,noise,noise,noise,noise,noise
s1,Steinmetz,stein_hopkins,947,mua,good,good,good,good,good,good,good,good,good,good,good,good,good,good,good,good,good
s1,Steinmetz,stein_hopkins,950,mua,noise,noise,noise,noise,noise,noise,noise,noise,noise,noise,noise,noise,noise,noise,noise,noise,noise
s1,Steinmetz,stein_hopkins,951,noise,noise,noise,noise,noise,mua,noise,noise,mua,noise,good,noise,noise,noise,noise,noise,noise,noise
s1,Steinmetz,stein_hopkins,952,good,good,good,good,good,good,good,good,good,good,good,good,good,good,good,good,good,good
s1,Steinmetz,stein_hopkins,953,mua,mua,mua,mua,mua,good,mua,mua,mua,mua,good,mua,mua,mua,mua,mua,mua,mua
s1,Steinmetz,stein_hopkins,954,good,good,good,good,good,good,good,good,good,good,good,good,good,good,good,good,good,good
s1,Steinmetz,stein_hopkins,960,good,good,good,good,good,good,good,good,good,good,good,good,good,good,good,good,good,good
s1,Steinmetz,stein_hopkins,961,good,good,good,good,good,good,good,good,good,good,good,good,good,good,good,good,good,good
s1,Steinmetz,stein_hopkins,962,mua,mua,mua,mua,mua,good,mua,good,mua,good,good,good,mua,mua,mua,mua,mua,good
s1,Steinmetz,stein_hopkins,963,good,good,good,good,good,good,good,good,good,good,good,good,good,good,good,good,good,good
s1,Steinmetz,stein_hopkins,965,good,good,good,good,good,good,good,good,good,good,good,good,good,good,good,good,good,good
s1,Steinmetz,stein_hopkins,966,good,good,good,good,good,good,good,good,good,good,good,good,good,good,good,good,good,noise
s1,Steinmetz,stein_hopkins,967,good,good,good,good,good,good,good,good,good,good,good,good,good,good,good,good,good,good
s1,Steinmetz,stein_hopkins,969,good,good,good,good,good,good,good,good,good,good,good,good,good,good,good,good,good,good
s1,Steinmetz,stein_hopkins,978,good,good,good,good,good,good,good,good,good,mua,good,good,good,good,good,good,good,good
s1,Steinmetz,stein_hopkins,979,good,good,good,good,good,good,good,good,good,good,good,good,good,good,good,good,good,good
s1,Steinmetz,stein_hopkins,981,good,good,good,good,good,good,good,good,good,good,good,good,good,good,good,good,good,good
s1,Steinmetz,stein_hopkins,982,good,good,good,good,good,good,good,good,good,good,good,good,good,good,good,good,good,good
s1,Steinmetz,stein_hopkins,983,good,good,good,good,good,good,good,good,good,good,good,good,good,good,good,good,good,good
s1,Steinmetz,stein_hopkins,986,good,good,good,good,good,good,good,mua,good,mua,good,good,good,good,mua,good,good,mua
s1,Steinmetz,stein_hopkins,987,mua,good,good,good,mua,good,good,good,good,good,good,good,good,good,good,good,good,good
s1,Steinmetz,stein_hopkins,989,good,good,good,good,good,good,good,good,good,good,good,good,good,good,good,good,good,good
s1,Steinmetz,stein_hopkins,993,good,good,good,good,good,good,good,good,good,good,good,good,good,good,good,good,good,good
s1,Steinmetz,stein_hopkins,995,mua,mua,mua,mua,good,mua,good,mua,mua,good,mua,mua,mua,mua,mua,mua,mua,mua
s1,Steinmetz,stein_hopkins,997,good,good,good,good,good,good,good,good,good,good,good,good,good,good,good,good,good,good
s1,Steinmetz,stein_hopkins,999,good,good,good,good,good,good,good,good,good,good,good,good,good,good,good,good,good,good
s1,Steinmetz,stein_hopkins,1001,good,good,good,good,good,good,good,good,good,good,good,good,good,good,good,good,good,good
s1,Steinmetz,stein_hopkins,1002,good,good,good,good,good,good,good,good,good,good,good,good,good,good,good,good,good,good
s1,Steinmetz,stein_hopkins,1007,mua,good,good,good,good,mua,good,mua,good,good,good,good,mua,good,good,good,good,mua
s1,Steinmetz,stein_hopkins,1008,good,good,good,good,good,good,good,good,good,good,good,good,good,good,good,good,good,good
s1,Steinmetz,stein_hopkins,1009,good,good,good,good,good,good,good,good,good,good,good,good,good,good,good,good,good,good
s1,Steinmetz,stein_hopkins,1011,mua,good,good,good,good,good,good,good,good,good,good,good,good,good,good,good,good,good
s1,Steinmetz,stein_hopkins,1013,good,good,good,good,good,good,good,good,good,good,good,good,good,good,good,good,good,good
s1,Steinmetz,stein_hopkins,1016,mua,good,mua,mua,mua,good,good,good,good,good,good,good,good,good,good,good,good,good
s1,Steinmetz,stein_hopkins,1018,good,good,good,good,good,good,good,good,good,good,good,good,good,good,good,good,good,good
s1,Steinmetz,stein_hopkins,1019,good,good,good,good,good,good,good,good,good,good,good,good,good,good,good,good,good,good
s1,Steinmetz,stein_hopkins,1020,good,good,good,good,good,good,good,good,good,good,good,good,good,good,good,good,good,good
s1,Steinmetz,stein_hopkins,1023,good,good,good,good,good,good,good,good,good,good,good,good,good,good,good,good,good,good
s1,Steinmetz,stein_hopkins,1029,good,good,good,good,good,good,good,good,good,good,good,good,good,good,good,good,good,good
s1,Steinmetz,stein_hopkins,1030,good,good,good,good,good,good,good,good,good,good,good,good,good,good,good,good,good,good
s1,Steinmetz,stein_hopkins,1031,good,good,good,good,good,good,good,good,good,good,good,good,good,good,good,good,good,good
s1,Steinmetz,stein_hopkins,1033,good,good,good,good,good,good,good,good,good,good,good,good,good,good,good,good,good,good
s1,Steinmetz,stein_hopkins,1034,mua,good,good,good,good,good,good,good,good,good,good,good,good,good,good,good,good,good
s1,Steinmetz,stein_hopkins,1040,good,good,good,good,good,good,good,good,good,good,good,good,good,good,good,good,good,good
s1,Steinmetz,stein_hopkins,1041,mua,good,good,mua,good,good,good,good,good,good,good,good,good,good,good,mua,good,good
s1,Steinmetz,stein_hopkins,1042,good,good,good,good,good,good,good,good,good,good,good,good,good,good,good,good,good,good
s1,Steinmetz,stein_hopkins,1056,good,good,good,good,good,good,good,good,good,good,good,good,good,good,good,good,good,good
s1,Steinmetz,stein_hopkins,1057,good,good,good,good,good,good,good,good,good,good,good,good,good,good,good,good,good,good
s1,Steinmetz,stein_hopkins,1058,good,good,good,good,good,good,good,good,good,good,good,good,good,good,good,good,good,good
s1,Steinmetz,stein_hopkins,1059,good,good,good,good,good,good,good,good,good,good,good,good,good,good,good,good,good,good
s1,Steinmetz,stein_hopkins,1061,mua,good,good,good,good,good,good,good,good,good,good,good,good,good,good,good,good,good
s1,Steinmetz,stein_hopkins,1067,good,good,good,good,good,good,good,good,good,good,good,good,good,good,good,good,good,good
s1,Steinmetz,stein_hopkins,1068,good,mua,mua,mua,mua,good,mua,mua,mua,mua,good,mua,good,mua,good,good,good,good
s1,Steinmetz,stein_hopkins,1069,good,good,good,good,good,good,good,good,good,good,good,good,good,good,good,good,good,good
s1,Steinmetz,stein_hopkins,1070,good,good,good,good,good,good,good,good,good,good,good,good,good,good,good,good,good,good
s1,Steinmetz,stein_hopkins,1071,good,good,good,good,good,good,good,good,good,good,good,good,good,good,good,good,good,good
s1,Steinmetz,stein_hopkins,1072,mua,good,good,good,good,good,good,good,good,good,good,good,good,good,good,good,good,good
s1,Steinmetz,stein_hopkins,1073,good,good,good,good,good,good,good,good,good,good,good,good,good,good,good,good,good,good
s1,Steinmetz,stein_hopkins,1074,good,good,good,good,good,good,good,good,good,good,good,good,good,good,good,good,good,good
s1,Steinmetz,stein_hopkins,1075,good,good,good,good,good,good,good,good,good,good,good,good,good,good,good,good,good,good
s1,Steinmetz,stein_hopkins,1077,good,good,good,good,good,good,good,good,good,good,good,good,good,good,good,good,good,good
s1,Steinmetz,stein_hopkins,1078,mua,good,mua,mua,good,good,good,good,mua,mua,good,mua,good,good,good,good,good,mua
s1,Steinmetz,stein_hopkins,1079,good,good,good,good,good,good,good,good,good,mua,good,good,good,good,good,good,good,good
s1,Steinmetz,stein_hopkins,1081,good,good,good,good,good,good,good,good,good,good,good,good,good,good,good,good,good,good
s1,Steinmetz,stein_hopkins,1083,good,good,good,good,good,good,good,good,good,good,good,good,good,good,good,good,good,good
s1,Steinmetz,stein_hopkins,1084,mua,good,mua,mua,mua,good,mua,mua,mua,mua,mua,mua,mua,mua,mua,mua,mua,mua
s1,Steinmetz,stein_hopkins,1086,good,good,good,good,good,good,good,good,good,good,good,good,good,good,good,good,good,good
s1,Steinmetz,stein_hopkins,1089,good,good,good,good,good,good,good,good,good,good,good,good,good,good,good,good,good,good
s1,Steinmetz,stein_hopkins,1090,good,good,good,good,good,good,good,good,good,good,good,good,good,good,good,good,good,good
s1,Steinmetz,stein_hopkins,1092,good,good,good,good,good,good,good,good,good,good,good,good,good,good,good,good,good,good
s1,Steinmetz,stein_hopkins,1094,good,good,good,good,good,good,good,good,good,good,good,good,good,good,good,good,good,good
s1,Steinmetz,stein_hopkins,1095,good,good,good,good,good,good,good,good,good,good,good,good,good,good,good,good,good,good
s1,Steinmetz,stein_hopkins,1100,mua,good,good,good,good,mua,good,mua,good,good,mua,good,mua,good,good,good,good,mua
s1,Steinmetz,stein_hopkins,1102,good,good,good,good,good,good,good,good,good,good,good,good,good,good,good,good,good,good
s1,Steinmetz,stein_hopkins,1103,good,good,good,good,good,good,good,good,good,good,good,good,good,good,good,good,good,good
s1,Steinmetz,stein_hopkins,1105,good,good,good,good,good,good,good,good,good,good,good,good,good,good,good,good,good,good
s1,Steinmetz,stein_hopkins,1106,good,good,good,good,good,good,good,good,good,good,good,good,good,good,good,good,good,good
s1,Steinmetz,stein_hopkins,1109,good,good,good,good,good,good,good,good,good,good,good,good,good,good,good,good,good,good
s1,Steinmetz,stein_hopkins,1111,good,good,good,good,good,good,good,good,good,good,good,good,good,good,good,good,good,good
s1,Steinmetz,stein_hopkins,1115,mua,good,good,good,good,mua,good,mua,good,good,mua,good,good,good,good,good,good,mua
s1,Steinmetz,stein_hopkins,1117,good,good,good,good,good,good,good,good,good,good,good,good,good,good,good,good,good,good
s1,Steinmetz,stein_hopkins,1118,mua,mua,good,mua,mua,good,good,mua,mua,mua,good,good,mua,mua,mua,good,mua,mua
s1,Steinmetz,stein_hopkins,1119,good,good,good,good,good,good,good,good,good,good,good,good,good,good,good,good,good,good
s1,Steinmetz,stein_hopkins,1121,mua,mua,mua,mua,good,good,good,mua,good,good,good,good,mua,good,good,good,good,mua
s1,Steinmetz,stein_hopkins,1123,mua,mua,mua,mua,good,good,good,mua,mua,mua,good,good,mua,mua,good,mua,good,mua
s1,Steinmetz,stein_hopkins,1125,mua,good,good,good,good,good,good,good,good,good,good,good,good,good,good,good,good,mua
s1,Steinmetz,stein_hopkins,1127,mua,mua,mua,mua,mua,good,mua,mua,mua,mua,mua,mua,mua,mua,mua,good,good,mua
s1,Steinmetz,stein_hopkins,1128,mua,mua,mua,mua,good,good,good,mua,mua,good,good,good,good,mua,good,good,good,good
s1,Steinmetz,stein_hopkins,1129,good,good,good,mua,good,good,good,good,mua,good,good,good,good,mua,good,good,good,good
s1,Steinmetz,stein_hopkins,1130,mua,mua,mua,mua,mua,mua,mua,mua,mua,mua,mua,mua,mua,mua,mua,mua,mua,mua
s1,Steinmetz,stein_hopkins,1131,good,mua,noise,mua,good,noise,noise,mua,mua,good,mua,mua,good,mua,mua,good,mua,mua
s1,Steinmetz,stein_hopkins,1133,mua,noise,noise,noise,mua,noise,mua,mua,mua,mua,mua,mua,mua,mua,mua,noise,mua,mua
s1,Steinmetz,stein_hopkins,1134,mua,good,good,good,good,good,good,good,good,good,good,good,good,good,good,good,good,good
s1,Steinmetz,stein_hopkins,1137,good,good,good,mua,good,good,good,good,mua,good,good,good,good,mua,good,good,good,good
s1,Steinmetz,stein_hopkins,1141,noise,noise,noise,noise,mua,noise,noise,noise,noise,noise,noise,noise,noise,noise,noise,noise,noise,mua
s1,Steinmetz,stein_hopkins,1142,mua,good,good,good,good,good,good,good,good,good,good,good,good,good,good,good,good,good
s1,Steinmetz,stein_hopkins,1143,mua,good,good,mua,mua,good,good,good,good,good,good,good,good,good,mua,good,good,mua
s1,Steinmetz,stein_hopkins,1144,mua,good,good,good,good,good,good,good,good,good,good,good,good,good,good,good,good,good
s1,Steinmetz,stein_hopkins,1145,mua,noise,noise,mua,mua,mua,mua,noise,mua,mua,mua,mua,mua,mua,mua,mua,mua,mua
s1,Steinmetz,stein_hopkins,1146,mua,good,good,mua,good,mua,good,good,good,good,mua,good,good,mua,good,good,good,good
s1,Steinmetz,stein_hopkins,1147,good,good,good,good,good,good,good,good,good,good,good,good,good,good,good,good,good,good
s1,Steinmetz,stein_hopkins,1148,mua,good,good,good,good,good,good,good,good,good,good,good,good,good,good,good,good,good
s1,Steinmetz,stein_hopkins,1149,mua,good,good,mua,good,good,good,good,good,good,good,good,good,good,good,good,good,good
s1,Steinmetz,stein_hopkins,1150,mua,mua,mua,mua,mua,mua,mua,mua,mua,mua,mua,mua,mua,mua,mua,mua,mua,mua
s1,Steinmetz,stein_hopkins,1151,good,good,good,good,good,good,good,good,good,good,good,good,good,good,good,good,good,good
s1,Steinmetz,stein_hopkins,1152,good,good,good,good,good,good,good,good,good,good,good,good,good,good,good,good,good,good
s1,Steinmetz,stein_hopkins,1158,good,good,good,good,good,good,good,good,good,good,good,good,good,good,good,good,good,good
s1,Steinmetz,stein_hopkins,1159,good,good,good,good,good,good,good,good,good,good,good,good,good,good,good,good,good,good
s1,Steinmetz,stein_hopkins,1160,good,good,good,good,good,good,good,good,good,good,good,good,good,good,good,good,good,good
s1,Steinmetz,stein_hopkins,1161,good,good,good,good,good,good,good,good,good,good,good,good,good,good,good,good,good,good
s1,Steinmetz,stein_hopkins,1162,good,good,good,good,good,good,good,good,good,good,good,good,good,good,good,good,good,good
s1,Steinmetz,stein_hopkins,1163,mua,good,good,good,good,good,good,good,good,mua,good,good,good,mua,good,good,good,mua
s1,Steinmetz,stein_hopkins,1164,good,good,good,good,good,good,good,good,good,good,good,good,good,good,good,good,good,good
s1,Steinmetz,stein_hopkins,1165,good,good,good,good,good,good,good,good,good,good,good,good,good,good,good,good,good,good
s1,Steinmetz,stein_hopkins,1166,good,good,good,good,good,good,good,good,good,good,good,good,good,good,good,good,good,good
s1,Steinmetz,stein_hopkins,1168,good,good,good,good,good,good,good,good,good,good,good,good,good,good,good,good,good,good
s1,Steinmetz,stein_hopkins,1169,good,good,good,good,good,good,good,good,good,good,good,good,good,good,good,good,good,good
s1,Steinmetz,stein_hopkins,1171,good,good,good,good,good,good,good,good,good,good,good,good,good,good,good,good,good,good
s1,Steinmetz,stein_hopkins,1172,mua,good,good,good,good,good,good,good,good,good,good,good,good,good,good,good,good,good
s1,Steinmetz,stein_hopkins,1173,mua,mua,mua,mua,mua,good,mua,good,mua,good,good,good,good,mua,good,good,good,mua
s1,Steinmetz,stein_hopkins,1175,good,good,good,good,good,good,good,good,good,good,good,good,good,good,good,good,good,good
s1,Steinmetz,stein_hopkins,1176,good,good,good,good,good,good,good,good,good,good,good,good,good,good,good,good,good,good
s1,Steinmetz,stein_hopkins,1178,good,good,good,good,good,good,good,good,good,good,good,good,good,good,good,good,good,good
s1,Steinmetz,stein_hopkins,1180,good,good,good,good,good,good,good,good,good,good,good,good,good,good,good,good,good,good
s1,Steinmetz,stein_hopkins,1186,good,good,good,good,good,good,good,good,good,good,good,good,good,good,good,good,good,good
s1,Steinmetz,stein_hopkins,1189,good,good,good,good,good,good,good,good,good,good,good,good,good,good,good,good,good,good
s1,Steinmetz,stein_hopkins,1195,good,good,good,good,good,good,good,good,good,good,good,good,good,good,good,good,good,good
s1,Steinmetz,stein_hopkins,1197,good,good,good,good,good,good,good,good,good,good,good,good,good,good,good,good,good,good
s1,Steinmetz,stein_hopkins,1198,good,good,good,good,good,good,good,good,good,good,good,good,good,good,good,good,good,good
s1,Steinmetz,stein_hopkins,1201,good,good,good,good,good,good,good,good,good,good,good,good,good,good,good,good,good,good
s1,Steinmetz,stein_hopkins,1202,mua,good,good,mua,good,good,good,good,good,good,good,good,good,good,good,good,good,good
s1,Steinmetz,stein_hopkins,1203,good,good,good,good,good,good,good,good,good,good,good,good,good,good,good,good,good,good
s1,Steinmetz,stein_hopkins,1204,mua,good,good,mua,good,good,good,good,good,good,good,good,good,good,mua,good,good,good
s1,Steinmetz,stein_hopkins,1205,good,good,good,good,good,good,good,good,good,good,good,good,good,good,good,good,good,good
s1,Steinmetz,stein_hopkins,1206,good,good,good,good,good,good,good,good,good,good,good,good,good,good,good,good,good,good
s1,Steinmetz,stein_hopkins,1207,good,good,good,good,good,good,good,good,good,good,good,good,good,good,good,good,good,good
s1,Steinmetz,stein_hopkins,1208,good,good,good,good,good,good,good,good,good,good,good,good,good,good,good,good,good,good
s1,Steinmetz,stein_hopkins,1209,good,good,good,good,good,good,good,good,good,good,good,good,good,good,good,good,good,good
